sku_id,date,quantity,is_missing
SKU-001,2025-06-11,9,False
SKU-001,2025-06-12,9,False
SKU-001,2025-06-13,9,False
SKU-001,2025-06-14,12,False
SKU-001,2025-06-15,9,False
SKU-001,2025-06-16,4,False
SKU-001,2025-06-17,11,False
SKU-001,2025-06-18,9,False
SKU-001,2025-06-19,9,False
SKU-001,2025-06-20,10,False
SKU-001,2025-06-21,10,False
SKU-001,2025-06-22,14,False
SKU-001,2025-06-23,12,False
SKU-001,2025-06-24,10,False
SKU-001,2025-06-25,7,False
SKU-001,2025-06-26,6,False
SKU-001,2025-06-27,10,False
SKU-001,2025-06-28,14,False
SKU-001,2025-06-29,10,False
SKU-001,2025-06-30,9,False
SKU-001,2025-07-01,11,False
SKU-001,2025-07-02,4,False
SKU-001,2025-07-03,8,False
SKU-001,2025-07-04,11,False
SKU-001,2025-07-05,13,False
SKU-001,2025-07-06,9,False
SKU-001,2025-07-07,11,False
SKU-001,2025-07-08,10,False
SKU-001,2025-07-09,12,False
SKU-001,2025-07-10,6,False
SKU-001,2025-07-11,11,False
SKU-001,2025-07-12,4,False
SKU-001,2025-07-13,0,False
SKU-001,2025-07-14,7,False
SKU-001,2025-07-15,6,False
SKU-001,2025-07-16,13,False
SKU-001,2025-07-17,12,False
SKU-001,2025-07-18,5,False
SKU-001,2025-07-19,12,False
SKU-001,2025-07-20,6,False
SKU-001,2025-07-21,9,False
SKU-001,2025-07-22,8,False
SKU-001,2025-07-23,10,False
SKU-001,2025-07-24,12,False
SKU-001,2025-07-25,12,False
SKU-001,2025-07-26,11,False
SKU-001,2025-07-27,12,False
SKU-001,2025-07-28,11,False
SKU-001,2025-07-29,7,False
SKU-001,2025-07-30,7,False
SKU-001,2025-07-31,8,False
SKU-001,2025-08-01,11,False
SKU-001,2025-08-02,9,False
SKU-001,2025-08-03,18,False
SKU-001,2025-08-04,7,False
SKU-001,2025-08-05,6,False
SKU-001,2025-08-06,12,False
SKU-001,2025-08-07,14,False
SKU-001,2025-08-08,11,False
SKU-001,2025-08-09,12,False
SKU-001,2025-08-10,,True
SKU-001,2025-08-11,,True
SKU-001,2025-08-12,,True
SKU-001,2025-08-13,,True
SKU-001,2025-08-14,,True
SKU-001,2025-08-15,,True
SKU-001,2025-08-16,,True
SKU-001,2025-08-17,10,False
SKU-001,2025-08-18,8,False
SKU-001,2025-08-19,12,False
SKU-001,2025-08-20,12,False
SKU-001,2025-08-21,18,False
SKU-001,2025-08-22,12,False
SKU-001,2025-08-23,7,False
SKU-001,2025-08-24,8,False
SKU-001,2025-08-25,7,False
SKU-001,2025-08-26,13,False
SKU-001,2025-08-27,8,False
SKU-001,2025-08-28,9,False
SKU-001,2025-08-29,12,False
SKU-001,2025-08-30,7,False
SKU-001,2025-08-31,8,False
SKU-001,2025-09-01,3,False
SKU-001,2025-09-02,6,False
SKU-001,2025-09-03,8,False
SKU-001,2025-09-04,11,False
SKU-001,2025-09-05,14,False
SKU-001,2025-09-06,9,False
SKU-001,2025-09-07,10,False
SKU-001,2025-09-08,10,False
SKU-001,2025-09-09,13,False
SKU-001,2025-09-10,13,False
SKU-001,2025-09-11,10,False
SKU-001,2025-09-12,6,False
SKU-001,2025-09-13,13,False
SKU-001,2025-09-14,11,False
SKU-001,2025-09-15,14,False
SKU-001,2025-09-16,9,False
SKU-001,2025-09-17,16,False
SKU-001,2025-09-18,8,False
SKU-001,2025-09-19,15,False
SKU-001,2025-09-20,10,False
SKU-001,2025-09-21,8,False
SKU-001,2025-09-22,6,False
SKU-001,2025-09-23,9,False
SKU-001,2025-09-24,14,False
SKU-001,2025-09-25,12,False
SKU-001,2025-09-26,12,False
SKU-001,2025-09-27,1,False
SKU-001,2025-09-28,12,False
SKU-001,2025-09-29,11,False
SKU-001,2025-09-30,8,False
SKU-001,2025-10-01,7,False
SKU-001,2025-10-02,9,False
SKU-001,2025-10-03,16,False
SKU-001,2025-10-04,6,False
SKU-001,2025-10-05,8,False
SKU-001,2025-10-06,14,False
SKU-001,2025-10-07,8,False
SKU-001,2025-10-08,8,False
SKU-001,2025-10-09,10,False
SKU-001,2025-10-10,5,False
SKU-001,2025-10-11,10,False
SKU-001,2025-10-12,5,False
SKU-001,2025-10-13,13,False
SKU-001,2025-10-14,10,False
SKU-001,2025-10-15,17,False
SKU-001,2025-10-16,10,False
SKU-001,2025-10-17,14,False
SKU-001,2025-10-18,5,False
SKU-001,2025-10-19,9,False
SKU-001,2025-10-20,11,False
SKU-001,2025-10-21,16,False
SKU-001,2025-10-22,4,False
SKU-001,2025-10-23,13,False
SKU-001,2025-10-24,12,False
SKU-001,2025-10-25,15,False
SKU-001,2025-10-26,12,False
SKU-001,2025-10-27,10,False
SKU-001,2025-10-28,8,False
SKU-001,2025-10-29,5,False
SKU-001,2025-10-30,10,False
SKU-001,2025-10-31,9,False
SKU-001,2025-11-01,17,False
SKU-001,2025-11-02,7,False
SKU-001,2025-11-03,11,False
SKU-001,2025-11-04,4,False
SKU-001,2025-11-05,8,False
SKU-001,2025-11-06,10,False
SKU-001,2025-11-07,12,False
SKU-001,2025-11-08,15,False
SKU-001,2025-11-09,9,False
SKU-001,2025-11-10,6,False
SKU-001,2025-11-11,11,False
SKU-001,2025-11-12,11,False
SKU-001,2025-11-13,11,False
SKU-001,2025-11-14,7,False
SKU-001,2025-11-15,13,False
SKU-001,2025-11-16,10,False
SKU-001,2025-11-17,12,False
SKU-001,2025-11-18,14,False
SKU-001,2025-11-19,12,False
SKU-001,2025-11-20,11,False
SKU-001,2025-11-21,17,False
SKU-001,2025-11-22,10,False
SKU-001,2025-11-23,8,False
SKU-001,2025-11-24,10,False
SKU-001,2025-11-25,15,False
SKU-001,2025-11-26,10,False
SKU-001,2025-11-27,11,False
SKU-001,2025-11-28,14,False
SKU-001,2025-11-29,8,False
SKU-001,2025-11-30,3,False
SKU-001,2025-12-01,11,False
SKU-001,2025-12-02,10,False
SKU-001,2025-12-03,7,False
SKU-001,2025-12-04,13,False
SKU-001,2025-12-05,12,False
SKU-001,2025-12-06,6,False
SKU-001,2025-12-07,11,False
SKU-001,2025-12-08,9,False
SKU-001,2025-12-09,4,False
SKU-001,2025-12-10,11,False
SKU-001,2025-12-11,9,False
SKU-001,2025-12-12,7,False
SKU-001,2025-12-13,11,False
SKU-001,2025-12-14,11,False
SKU-001,2025-12-15,7,False
SKU-001,2025-12-16,11,False
SKU-001,2025-12-17,13,False
SKU-001,2025-12-18,7,False
SKU-001,2025-12-19,11,False
SKU-001,2025-12-20,10,False
SKU-001,2025-12-21,17,False
SKU-001,2025-12-22,3,False
SKU-001,2025-12-23,12,False
SKU-001,2025-12-24,8,False
SKU-001,2025-12-25,9,False
SKU-001,2025-12-26,16,False
SKU-001,2025-12-27,9,False
SKU-001,2025-12-28,17,False
SKU-001,2025-12-29,8,False
SKU-001,2025-12-30,11,False
SKU-001,2025-12-31,8,False
SKU-001,2026-01-01,7,False
SKU-001,2026-01-02,10,False
SKU-001,2026-01-03,9,False
SKU-001,2026-01-04,10,False
SKU-001,2026-01-05,2,False
SKU-001,2026-01-06,17,False
SKU-001,2026-01-07,9,False
SKU-001,2026-01-08,16,False
SKU-001,2026-01-09,6,False
SKU-001,2026-01-10,11,False
SKU-001,2026-01-11,21,False
SKU-001,2026-01-12,6,False
SKU-001,2026-01-13,4,False
SKU-001,2026-01-14,8,False
SKU-001,2026-01-15,11,False
SKU-001,2026-01-16,12,False
SKU-001,2026-01-17,14,False
SKU-001,2026-01-18,9,False
SKU-001,2026-01-19,4,False
SKU-001,2026-01-20,8,False
SKU-001,2026-01-21,14,False
SKU-001,2026-01-22,11,False
SKU-001,2026-01-23,3,False
SKU-001,2026-01-24,9,False
SKU-001,2026-01-25,14,False
SKU-001,2026-01-26,17,False
SKU-001,2026-01-27,11,False
SKU-001,2026-01-28,11,False
SKU-001,2026-01-29,5,False
SKU-001,2026-01-30,7,False
SKU-001,2026-01-31,10,False
SKU-001,2026-02-01,11,False
SKU-001,2026-02-02,12,False
SKU-001,2026-02-03,8,False
SKU-001,2026-02-04,5,False
SKU-001,2026-02-05,7,False
SKU-001,2026-02-06,5,False
SKU-001,2026-02-07,12,False
SKU-001,2026-02-08,1,False
SKU-001,2026-02-09,8,False
SKU-001,2026-02-10,11,False
SKU-001,2026-02-11,15,False
SKU-001,2026-02-12,10,False
SKU-001,2026-02-13,13,False
SKU-001,2026-02-14,8,False
SKU-001,2026-02-15,7,False
SKU-001,2026-02-16,7,False
SKU-001,2026-02-17,15,False
SKU-001,2026-02-18,13,False
SKU-001,2026-02-19,11,False
SKU-001,2026-02-20,21,False
SKU-001,2026-02-21,9,False
SKU-001,2026-02-22,12,False
SKU-001,2026-02-23,11,False
SKU-001,2026-02-24,9,False
SKU-001,2026-02-25,18,False
SKU-001,2026-02-26,15,False
SKU-001,2026-02-27,5,False
SKU-001,2026-02-28,8,False
SKU-001,2026-03-01,11,False
SKU-001,2026-03-02,12,False
SKU-001,2026-03-03,5,False
SKU-001,2026-03-04,2,False
SKU-001,2026-03-05,3,False
SKU-001,2026-03-06,9,False
SKU-001,2026-03-07,9,False
SKU-001,2026-03-08,11,False
SKU-001,2026-03-09,7,False
SKU-001,2026-03-10,5,False
SKU-001,2026-03-11,2,False
SKU-001,2026-03-12,11,False
SKU-001,2026-03-13,11,False
SKU-001,2026-03-14,13,False
SKU-001,2026-03-15,12,False
SKU-001,2026-03-16,9,False
SKU-001,2026-03-17,14,False
SKU-001,2026-03-18,9,False
SKU-001,2026-03-19,7,False
SKU-001,2026-03-20,8,False
SKU-001,2026-03-21,7,False
SKU-001,2026-03-22,2,False
SKU-001,2026-03-23,10,False
SKU-001,2026-03-24,10,False
SKU-001,2026-03-25,8,False
SKU-001,2026-03-26,7,False
SKU-001,2026-03-27,11,False
SKU-001,2026-03-28,16,False
SKU-001,2026-03-29,10,False
SKU-001,2026-03-30,8,False
SKU-001,2026-03-31,7,False
SKU-001,2026-04-01,9,False
SKU-001,2026-04-02,5,False
SKU-001,2026-04-03,9,False
SKU-001,2026-04-04,10,False
SKU-001,2026-04-05,16,False
SKU-001,2026-04-06,13,False
SKU-001,2026-04-07,13,False
SKU-001,2026-04-08,7,False
SKU-001,2026-04-09,12,False
SKU-001,2026-04-10,6,False
SKU-001,2026-04-11,11,False
SKU-001,2026-04-12,11,False
SKU-001,2026-04-13,7,False
SKU-001,2026-04-14,16,False
SKU-001,2026-04-15,11,False
SKU-001,2026-04-16,3,False
SKU-001,2026-04-17,11,False
SKU-001,2026-04-18,8,False
SKU-001,2026-04-19,10,False
SKU-001,2026-04-20,11,False
SKU-001,2026-04-21,11,False
SKU-001,2026-04-22,2,False
SKU-001,2026-04-23,5,False
SKU-001,2026-04-24,12,False
SKU-001,2026-04-25,14,False
SKU-001,2026-04-26,16,False
SKU-001,2026-04-27,16,False
SKU-001,2026-04-28,2,False
SKU-001,2026-04-29,12,False
SKU-001,2026-04-30,3,False
SKU-001,2026-05-01,15,False
SKU-001,2026-05-02,10,False
SKU-001,2026-05-03,6,False
SKU-001,2026-05-04,17,False
SKU-001,2026-05-05,12,False
SKU-001,2026-05-06,3,False
SKU-001,2026-05-07,11,False
SKU-001,2026-05-08,7,False
SKU-001,2026-05-09,10,False
SKU-001,2026-05-10,8,False
SKU-001,2026-05-11,14,False
SKU-001,2026-05-12,5,False
SKU-001,2026-05-13,11,False
SKU-001,2026-05-14,16,False
SKU-001,2026-05-15,7,False
SKU-001,2026-05-16,10,False
SKU-001,2026-05-17,10,False
SKU-001,2026-05-18,7,False
SKU-001,2026-05-19,12,False
SKU-001,2026-05-20,10,False
SKU-001,2026-05-21,6,False
SKU-001,2026-05-22,16,False
SKU-001,2026-05-23,12,False
SKU-001,2026-05-24,9,False
SKU-001,2026-05-25,7,False
SKU-001,2026-05-26,7,False
SKU-001,2026-05-27,14,False
SKU-001,2026-05-28,9,False
SKU-001,2026-05-29,11,False
SKU-001,2026-05-30,9,False
SKU-001,2026-05-31,12,False
SKU-001,2026-06-01,9,False
SKU-001,2026-06-02,12,False
SKU-001,2026-06-03,9,False
SKU-001,2026-06-04,12,False
SKU-001,2026-06-05,12,False
SKU-001,2026-06-06,9,False
SKU-001,2026-06-07,6,False
SKU-001,2026-06-08,6,False
SKU-001,2026-06-09,7,False
SKU-001,2026-06-10,6,False
SKU-002,2025-06-11,7,False
SKU-002,2025-06-12,4,False
SKU-002,2025-06-13,4,False
SKU-002,2025-06-14,4,False
SKU-002,2025-06-15,1,False
SKU-002,2025-06-16,8,False
SKU-002,2025-06-17,6,False
SKU-002,2025-06-18,7,False
SKU-002,2025-06-19,1,False
SKU-002,2025-06-20,3,False
SKU-002,2025-06-21,6,False
SKU-002,2025-06-22,0,False
SKU-002,2025-06-23,7,False
SKU-002,2025-06-24,3,False
SKU-002,2025-06-25,,True
SKU-002,2025-06-26,4,False
SKU-002,2025-06-27,7,False
SKU-002,2025-06-28,2,False
SKU-002,2025-06-29,5,False
SKU-002,2025-06-30,8,False
SKU-002,2025-07-01,2,False
SKU-002,2025-07-02,1,False
SKU-002,2025-07-03,4,False
SKU-002,2025-07-04,5,False
SKU-002,2025-07-05,1,False
SKU-002,2025-07-06,6,False
SKU-002,2025-07-07,5,False
SKU-002,2025-07-08,7,False
SKU-002,2025-07-09,6,False
SKU-002,2025-07-10,4,False
SKU-002,2025-07-11,2,False
SKU-002,2025-07-12,8,False
SKU-002,2025-07-13,5,False
SKU-002,2025-07-14,3,False
SKU-002,2025-07-15,5,False
SKU-002,2025-07-16,6,False
SKU-002,2025-07-17,5,False
SKU-002,2025-07-18,6,False
SKU-002,2025-07-19,1,False
SKU-002,2025-07-20,9,False
SKU-002,2025-07-21,3,False
SKU-002,2025-07-22,0,False
SKU-002,2025-07-23,4,False
SKU-002,2025-07-24,4,False
SKU-002,2025-07-25,2,False
SKU-002,2025-07-26,2,False
SKU-002,2025-07-27,1,False
SKU-002,2025-07-28,4,False
SKU-002,2025-07-29,5,False
SKU-002,2025-07-30,3,False
SKU-002,2025-07-31,7,False
SKU-002,2025-08-01,3,False
SKU-002,2025-08-02,1,False
SKU-002,2025-08-03,2,False
SKU-002,2025-08-04,4,False
SKU-002,2025-08-05,7,False
SKU-002,2025-08-06,3,False
SKU-002,2025-08-07,,True
SKU-002,2025-08-08,2,False
SKU-002,2025-08-09,5,False
SKU-002,2025-08-10,0,False
SKU-002,2025-08-11,4,False
SKU-002,2025-08-12,2,False
SKU-002,2025-08-13,5,False
SKU-002,2025-08-14,7,False
SKU-002,2025-08-15,3,False
SKU-002,2025-08-16,2,False
SKU-002,2025-08-17,7,False
SKU-002,2025-08-18,7,False
SKU-002,2025-08-19,4,False
SKU-002,2025-08-20,4,False
SKU-002,2025-08-21,4,False
SKU-002,2025-08-22,5,False
SKU-002,2025-08-23,3,False
SKU-002,2025-08-24,8,False
SKU-002,2025-08-25,5,False
SKU-002,2025-08-26,,True
SKU-002,2025-08-27,0,False
SKU-002,2025-08-28,2,False
SKU-002,2025-08-29,5,False
SKU-002,2025-08-30,1,False
SKU-002,2025-08-31,5,False
SKU-002,2025-09-01,5,False
SKU-002,2025-09-02,3,False
SKU-002,2025-09-03,2,False
SKU-002,2025-09-04,5,False
SKU-002,2025-09-05,3,False
SKU-002,2025-09-06,8,False
SKU-002,2025-09-07,7,False
SKU-002,2025-09-08,6,False
SKU-002,2025-09-09,5,False
SKU-002,2025-09-10,2,False
SKU-002,2025-09-11,7,False
SKU-002,2025-09-12,4,False
SKU-002,2025-09-13,4,False
SKU-002,2025-09-14,4,False
SKU-002,2025-09-15,4,False
SKU-002,2025-09-16,3,False
SKU-002,2025-09-17,7,False
SKU-002,2025-09-18,2,False
SKU-002,2025-09-19,8,False
SKU-002,2025-09-20,8,False
SKU-002,2025-09-21,4,False
SKU-002,2025-09-22,1,False
SKU-002,2025-09-23,6,False
SKU-002,2025-09-24,6,False
SKU-002,2025-09-25,2,False
SKU-002,2025-09-26,4,False
SKU-002,2025-09-27,3,False
SKU-002,2025-09-28,9,False
SKU-002,2025-09-29,7,False
SKU-002,2025-09-30,3,False
SKU-002,2025-10-01,3,False
SKU-002,2025-10-02,5,False
SKU-002,2025-10-03,6,False
SKU-002,2025-10-04,7,False
SKU-002,2025-10-05,,True
SKU-002,2025-10-06,5,False
SKU-002,2025-10-07,4,False
SKU-002,2025-10-08,5,False
SKU-002,2025-10-09,1,False
SKU-002,2025-10-10,5,False
SKU-002,2025-10-11,4,False
SKU-002,2025-10-12,3,False
SKU-002,2025-10-13,7,False
SKU-002,2025-10-14,1,False
SKU-002,2025-10-15,6,False
SKU-002,2025-10-16,4,False
SKU-002,2025-10-17,6,False
SKU-002,2025-10-18,7,False
SKU-002,2025-10-19,6,False
SKU-002,2025-10-20,5,False
SKU-002,2025-10-21,7,False
SKU-002,2025-10-22,3,False
SKU-002,2025-10-23,4,False
SKU-002,2025-10-24,,True
SKU-002,2025-10-25,6,False
SKU-002,2025-10-26,4,False
SKU-002,2025-10-27,11,False
SKU-002,2025-10-28,8,False
SKU-002,2025-10-29,8,False
SKU-002,2025-10-30,2,False
SKU-002,2025-10-31,3,False
SKU-002,2025-11-01,10,False
SKU-002,2025-11-02,6,False
SKU-002,2025-11-03,4,False
SKU-002,2025-11-04,5,False
SKU-002,2025-11-05,6,False
SKU-002,2025-11-06,7,False
SKU-002,2025-11-07,7,False
SKU-002,2025-11-08,7,False
SKU-002,2025-11-09,5,False
SKU-002,2025-11-10,7,False
SKU-002,2025-11-11,9,False
SKU-002,2025-11-12,0,False
SKU-002,2025-11-13,2,False
SKU-002,2025-11-14,2,False
SKU-002,2025-11-15,5,False
SKU-002,2025-11-16,8,False
SKU-002,2025-11-17,5,False
SKU-002,2025-11-18,5,False
SKU-002,2025-11-19,4,False
SKU-002,2025-11-20,6,False
SKU-002,2025-11-21,1,False
SKU-002,2025-11-22,6,False
SKU-002,2025-11-23,2,False
SKU-002,2025-11-24,2,False
SKU-002,2025-11-25,1,False
SKU-002,2025-11-26,4,False
SKU-002,2025-11-27,6,False
SKU-002,2025-11-28,5,False
SKU-002,2025-11-29,3,False
SKU-002,2025-11-30,4,False
SKU-002,2025-12-01,3,False
SKU-002,2025-12-02,0,False
SKU-002,2025-12-03,5,False
SKU-002,2025-12-04,5,False
SKU-002,2025-12-05,4,False
SKU-002,2025-12-06,6,False
SKU-002,2025-12-07,0,False
SKU-002,2025-12-08,2,False
SKU-002,2025-12-09,4,False
SKU-002,2025-12-10,5,False
SKU-002,2025-12-11,2,False
SKU-002,2025-12-12,0,False
SKU-002,2025-12-13,3,False
SKU-002,2025-12-14,2,False
SKU-002,2025-12-15,3,False
SKU-002,2025-12-16,7,False
SKU-002,2025-12-17,4,False
SKU-002,2025-12-18,3,False
SKU-002,2025-12-19,2,False
SKU-002,2025-12-20,4,False
SKU-002,2025-12-21,7,False
SKU-002,2025-12-22,4,False
SKU-002,2025-12-23,3,False
SKU-002,2025-12-24,2,False
SKU-002,2025-12-25,2,False
SKU-002,2025-12-26,7,False
SKU-002,2025-12-27,5,False
SKU-002,2025-12-28,7,False
SKU-002,2025-12-29,4,False
SKU-002,2025-12-30,3,False
SKU-002,2025-12-31,5,False
SKU-002,2026-01-01,6,False
SKU-002,2026-01-02,11,False
SKU-002,2026-01-03,8,False
SKU-002,2026-01-04,8,False
SKU-002,2026-01-05,7,False
SKU-002,2026-01-06,3,False
SKU-002,2026-01-07,4,False
SKU-002,2026-01-08,5,False
SKU-002,2026-01-09,7,False
SKU-002,2026-01-10,0,False
SKU-002,2026-01-11,4,False
SKU-002,2026-01-12,5,False
SKU-002,2026-01-13,2,False
SKU-002,2026-01-14,5,False
SKU-002,2026-01-15,3,False
SKU-002,2026-01-16,7,False
SKU-002,2026-01-17,4,False
SKU-002,2026-01-18,3,False
SKU-002,2026-01-19,7,False
SKU-002,2026-01-20,4,False
SKU-002,2026-01-21,6,False
SKU-002,2026-01-22,5,False
SKU-002,2026-01-23,8,False
SKU-002,2026-01-24,3,False
SKU-002,2026-01-25,0,False
SKU-002,2026-01-26,7,False
SKU-002,2026-01-27,0,False
SKU-002,2026-01-28,1,False
SKU-002,2026-01-29,4,False
SKU-002,2026-01-30,2,False
SKU-002,2026-01-31,6,False
SKU-002,2026-02-01,2,False
SKU-002,2026-02-02,6,False
SKU-002,2026-02-03,7,False
SKU-002,2026-02-04,4,False
SKU-002,2026-02-05,7,False
SKU-002,2026-02-06,1,False
SKU-002,2026-02-07,3,False
SKU-002,2026-02-08,8,False
SKU-002,2026-02-09,5,False
SKU-002,2026-02-10,5,False
SKU-002,2026-02-11,8,False
SKU-002,2026-02-12,4,False
SKU-002,2026-02-13,1,False
SKU-002,2026-02-14,1,False
SKU-002,2026-02-15,5,False
SKU-002,2026-02-16,4,False
SKU-002,2026-02-17,4,False
SKU-002,2026-02-18,5,False
SKU-002,2026-02-19,5,False
SKU-002,2026-02-20,3,False
SKU-002,2026-02-21,3,False
SKU-002,2026-02-22,3,False
SKU-002,2026-02-23,3,False
SKU-002,2026-02-24,,True
SKU-002,2026-02-25,6,False
SKU-002,2026-02-26,0,False
SKU-002,2026-02-27,3,False
SKU-002,2026-02-28,5,False
SKU-002,2026-03-01,3,False
SKU-002,2026-03-02,5,False
SKU-002,2026-03-03,3,False
SKU-002,2026-03-04,6,False
SKU-002,2026-03-05,0,False
SKU-002,2026-03-06,1,False
SKU-002,2026-03-07,3,False
SKU-002,2026-03-08,3,False
SKU-002,2026-03-09,4,False
SKU-002,2026-03-10,4,False
SKU-002,2026-03-11,6,False
SKU-002,2026-03-12,3,False
SKU-002,2026-03-13,3,False
SKU-002,2026-03-14,7,False
SKU-002,2026-03-15,4,False
SKU-002,2026-03-16,1,False
SKU-002,2026-03-17,7,False
SKU-002,2026-03-18,3,False
SKU-002,2026-03-19,1,False
SKU-002,2026-03-20,3,False
SKU-002,2026-03-21,4,False
SKU-002,2026-03-22,3,False
SKU-002,2026-03-23,7,False
SKU-002,2026-03-24,4,False
SKU-002,2026-03-25,4,False
SKU-002,2026-03-26,9,False
SKU-002,2026-03-27,4,False
SKU-002,2026-03-28,2,False
SKU-002,2026-03-29,8,False
SKU-002,2026-03-30,9,False
SKU-002,2026-03-31,11,False
SKU-002,2026-04-01,4,False
SKU-002,2026-04-02,5,False
SKU-002,2026-04-03,4,False
SKU-002,2026-04-04,3,False
SKU-002,2026-04-05,1,False
SKU-002,2026-04-06,6,False
SKU-002,2026-04-07,4,False
SKU-002,2026-04-08,7,False
SKU-002,2026-04-09,3,False
SKU-002,2026-04-10,8,False
SKU-002,2026-04-11,6,False
SKU-002,2026-04-12,3,False
SKU-002,2026-04-13,5,False
SKU-002,2026-04-14,3,False
SKU-002,2026-04-15,5,False
SKU-002,2026-04-16,1,False
SKU-002,2026-04-17,5,False
SKU-002,2026-04-18,1,False
SKU-002,2026-04-19,6,False
SKU-002,2026-04-20,7,False
SKU-002,2026-04-21,6,False
SKU-002,2026-04-22,7,False
SKU-002,2026-04-23,5,False
SKU-002,2026-04-24,5,False
SKU-002,2026-04-25,4,False
SKU-002,2026-04-26,7,False
SKU-002,2026-04-27,4,False
SKU-002,2026-04-28,8,False
SKU-002,2026-04-29,8,False
SKU-002,2026-04-30,3,False
SKU-002,2026-05-01,2,False
SKU-002,2026-05-02,5,False
SKU-002,2026-05-03,6,False
SKU-002,2026-05-04,5,False
SKU-002,2026-05-05,3,False
SKU-002,2026-05-06,4,False
SKU-002,2026-05-07,,True
SKU-002,2026-05-08,5,False
SKU-002,2026-05-09,3,False
SKU-002,2026-05-10,6,False
SKU-002,2026-05-11,,True
SKU-002,2026-05-12,5,False
SKU-002,2026-05-13,3,False
SKU-002,2026-05-14,8,False
SKU-002,2026-05-15,6,False
SKU-002,2026-05-16,1,False
SKU-002,2026-05-17,5,False
SKU-002,2026-05-18,0,False
SKU-002,2026-05-19,4,False
SKU-002,2026-05-20,6,False
SKU-002,2026-05-21,2,False
SKU-002,2026-05-22,7,False
SKU-002,2026-05-23,5,False
SKU-002,2026-05-24,0,False
SKU-002,2026-05-25,5,False
SKU-002,2026-05-26,4,False
SKU-002,2026-05-27,4,False
SKU-002,2026-05-28,3,False
SKU-002,2026-05-29,4,False
SKU-002,2026-05-30,1,False
SKU-002,2026-05-31,5,False
SKU-002,2026-06-01,7,False
SKU-002,2026-06-02,2,False
SKU-002,2026-06-03,5,False
SKU-002,2026-06-04,7,False
SKU-002,2026-06-05,2,False
SKU-002,2026-06-06,5,False
SKU-002,2026-06-07,3,False
SKU-002,2026-06-08,3,False
SKU-002,2026-06-09,8,False
SKU-002,2026-06-10,6,False
SKU-003,2025-06-11,7,False
SKU-003,2025-06-12,2,False
SKU-003,2025-06-13,5,False
SKU-003,2025-06-14,7,False
SKU-003,2025-06-15,5,False
SKU-003,2025-06-16,3,False
SKU-003,2025-06-17,11,False
SKU-003,2025-06-18,7,False
SKU-003,2025-06-19,8,False
SKU-003,2025-06-20,12,False
SKU-003,2025-06-21,9,False
SKU-003,2025-06-22,5,False
SKU-003,2025-06-23,9,False
SKU-003,2025-06-24,2,False
SKU-003,2025-06-25,4,False
SKU-003,2025-06-26,5,False
SKU-003,2025-06-27,9,False
SKU-003,2025-06-28,5,False
SKU-003,2025-06-29,,True
SKU-003,2025-06-30,10,False
SKU-003,2025-07-01,5,False
SKU-003,2025-07-02,6,False
SKU-003,2025-07-03,12,False
SKU-003,2025-07-04,8,False
SKU-003,2025-07-05,6,False
SKU-003,2025-07-06,10,False
SKU-003,2025-07-07,6,False
SKU-003,2025-07-08,7,False
SKU-003,2025-07-09,4,False
SKU-003,2025-07-10,5,False
SKU-003,2025-07-11,4,False
SKU-003,2025-07-12,8,False
SKU-003,2025-07-13,10,False
SKU-003,2025-07-14,10,False
SKU-003,2025-07-15,3,False
SKU-003,2025-07-16,8,False
SKU-003,2025-07-17,7,False
SKU-003,2025-07-18,7,False
SKU-003,2025-07-19,9,False
SKU-003,2025-07-20,,True
SKU-003,2025-07-21,7,False
SKU-003,2025-07-22,6,False
SKU-003,2025-07-23,2,False
SKU-003,2025-07-24,7,False
SKU-003,2025-07-25,,True
SKU-003,2025-07-26,7,False
SKU-003,2025-07-27,10,False
SKU-003,2025-07-28,5,False
SKU-003,2025-07-29,6,False
SKU-003,2025-07-30,8,False
SKU-003,2025-07-31,9,False
SKU-003,2025-08-01,4,False
SKU-003,2025-08-02,12,False
SKU-003,2025-08-03,10,False
SKU-003,2025-08-04,5,False
SKU-003,2025-08-05,7,False
SKU-003,2025-08-06,7,False
SKU-003,2025-08-07,9,False
SKU-003,2025-08-08,1,False
SKU-003,2025-08-09,7,False
SKU-003,2025-08-10,10,False
SKU-003,2025-08-11,3,False
SKU-003,2025-08-12,9,False
SKU-003,2025-08-13,11,False
SKU-003,2025-08-14,10,False
SKU-003,2025-08-15,12,False
SKU-003,2025-08-16,8,False
SKU-003,2025-08-17,4,False
SKU-003,2025-08-18,5,False
SKU-003,2025-08-19,4,False
SKU-003,2025-08-20,8,False
SKU-003,2025-08-21,8,False
SKU-003,2025-08-22,7,False
SKU-003,2025-08-23,8,False
SKU-003,2025-08-24,7,False
SKU-003,2025-08-25,8,False
SKU-003,2025-08-26,11,False
SKU-003,2025-08-27,3,False
SKU-003,2025-08-28,4,False
SKU-003,2025-08-29,8,False
SKU-003,2025-08-30,2,False
SKU-003,2025-08-31,9,False
SKU-003,2025-09-01,6,False
SKU-003,2025-09-02,8,False
SKU-003,2025-09-03,10,False
SKU-003,2025-09-04,6,False
SKU-003,2025-09-05,9,False
SKU-003,2025-09-06,9,False
SKU-003,2025-09-07,6,False
SKU-003,2025-09-08,7,False
SKU-003,2025-09-09,5,False
SKU-003,2025-09-10,9,False
SKU-003,2025-09-11,7,False
SKU-003,2025-09-12,7,False
SKU-003,2025-09-13,6,False
SKU-003,2025-09-14,12,False
SKU-003,2025-09-15,9,False
SKU-003,2025-09-16,6,False
SKU-003,2025-09-17,3,False
SKU-003,2025-09-18,14,False
SKU-003,2025-09-19,2,False
SKU-003,2025-09-20,4,False
SKU-003,2025-09-21,9,False
SKU-003,2025-09-22,2,False
SKU-003,2025-09-23,7,False
SKU-003,2025-09-24,3,False
SKU-003,2025-09-25,5,False
SKU-003,2025-09-26,9,False
SKU-003,2025-09-27,9,False
SKU-003,2025-09-28,14,False
SKU-003,2025-09-29,8,False
SKU-003,2025-09-30,8,False
SKU-003,2025-10-01,8,False
SKU-003,2025-10-02,2,False
SKU-003,2025-10-03,5,False
SKU-003,2025-10-04,12,False
SKU-003,2025-10-05,10,False
SKU-003,2025-10-06,12,False
SKU-003,2025-10-07,9,False
SKU-003,2025-10-08,10,False
SKU-003,2025-10-09,8,False
SKU-003,2025-10-10,11,False
SKU-003,2025-10-11,4,False
SKU-003,2025-10-12,9,False
SKU-003,2025-10-13,2,False
SKU-003,2025-10-14,9,False
SKU-003,2025-10-15,11,False
SKU-003,2025-10-16,7,False
SKU-003,2025-10-17,0,False
SKU-003,2025-10-18,6,False
SKU-003,2025-10-19,9,False
SKU-003,2025-10-20,9,False
SKU-003,2025-10-21,6,False
SKU-003,2025-10-22,7,False
SKU-003,2025-10-23,6,False
SKU-003,2025-10-24,12,False
SKU-003,2025-10-25,9,False
SKU-003,2025-10-26,10,False
SKU-003,2025-10-27,5,False
SKU-003,2025-10-28,8,False
SKU-003,2025-10-29,5,False
SKU-003,2025-10-30,7,False
SKU-003,2025-10-31,14,False
SKU-003,2025-11-01,9,False
SKU-003,2025-11-02,8,False
SKU-003,2025-11-03,6,False
SKU-003,2025-11-04,7,False
SKU-003,2025-11-05,6,False
SKU-003,2025-11-06,9,False
SKU-003,2025-11-07,8,False
SKU-003,2025-11-08,3,False
SKU-003,2025-11-09,6,False
SKU-003,2025-11-10,7,False
SKU-003,2025-11-11,10,False
SKU-003,2025-11-12,8,False
SKU-003,2025-11-13,4,False
SKU-003,2025-11-14,7,False
SKU-003,2025-11-15,7,False
SKU-003,2025-11-16,9,False
SKU-003,2025-11-17,10,False
SKU-003,2025-11-18,4,False
SKU-003,2025-11-19,10,False
SKU-003,2025-11-20,11,False
SKU-003,2025-11-21,9,False
SKU-003,2025-11-22,5,False
SKU-003,2025-11-23,7,False
SKU-003,2025-11-24,,True
SKU-003,2025-11-25,7,False
SKU-003,2025-11-26,5,False
SKU-003,2025-11-27,11,False
SKU-003,2025-11-28,7,False
SKU-003,2025-11-29,5,False
SKU-003,2025-11-30,8,False
SKU-003,2025-12-01,6,False
SKU-003,2025-12-02,6,False
SKU-003,2025-12-03,4,False
SKU-003,2025-12-04,8,False
SKU-003,2025-12-05,4,False
SKU-003,2025-12-06,8,False
SKU-003,2025-12-07,8,False
SKU-003,2025-12-08,11,False
SKU-003,2025-12-09,7,False
SKU-003,2025-12-10,8,False
SKU-003,2025-12-11,10,False
SKU-003,2025-12-12,7,False
SKU-003,2025-12-13,9,False
SKU-003,2025-12-14,7,False
SKU-003,2025-12-15,1,False
SKU-003,2025-12-16,4,False
SKU-003,2025-12-17,8,False
SKU-003,2025-12-18,9,False
SKU-003,2025-12-19,3,False
SKU-003,2025-12-20,9,False
SKU-003,2025-12-21,4,False
SKU-003,2025-12-22,6,False
SKU-003,2025-12-23,5,False
SKU-003,2025-12-24,6,False
SKU-003,2025-12-25,5,False
SKU-003,2025-12-26,1,False
SKU-003,2025-12-27,16,False
SKU-003,2025-12-28,9,False
SKU-003,2025-12-29,7,False
SKU-003,2025-12-30,9,False
SKU-003,2025-12-31,3,False
SKU-003,2026-01-01,4,False
SKU-003,2026-01-02,4,False
SKU-003,2026-01-03,8,False
SKU-003,2026-01-04,5,False
SKU-003,2026-01-05,4,False
SKU-003,2026-01-06,5,False
SKU-003,2026-01-07,8,False
SKU-003,2026-01-08,4,False
SKU-003,2026-01-09,6,False
SKU-003,2026-01-10,6,False
SKU-003,2026-01-11,5,False
SKU-003,2026-01-12,8,False
SKU-003,2026-01-13,7,False
SKU-003,2026-01-14,11,False
SKU-003,2026-01-15,10,False
SKU-003,2026-01-16,6,False
SKU-003,2026-01-17,1,False
SKU-003,2026-01-18,9,False
SKU-003,2026-01-19,5,False
SKU-003,2026-01-20,2,False
SKU-003,2026-01-21,11,False
SKU-003,2026-01-22,9,False
SKU-003,2026-01-23,6,False
SKU-003,2026-01-24,1,False
SKU-003,2026-01-25,6,False
SKU-003,2026-01-26,7,False
SKU-003,2026-01-27,8,False
SKU-003,2026-01-28,7,False
SKU-003,2026-01-29,9,False
SKU-003,2026-01-30,4,False
SKU-003,2026-01-31,3,False
SKU-003,2026-02-01,18,False
SKU-003,2026-02-02,8,False
SKU-003,2026-02-03,2,False
SKU-003,2026-02-04,5,False
SKU-003,2026-02-05,5,False
SKU-003,2026-02-06,11,False
SKU-003,2026-02-07,4,False
SKU-003,2026-02-08,11,False
SKU-003,2026-02-09,7,False
SKU-003,2026-02-10,9,False
SKU-003,2026-02-11,9,False
SKU-003,2026-02-12,7,False
SKU-003,2026-02-13,5,False
SKU-003,2026-02-14,9,False
SKU-003,2026-02-15,6,False
SKU-003,2026-02-16,9,False
SKU-003,2026-02-17,9,False
SKU-003,2026-02-18,11,False
SKU-003,2026-02-19,14,False
SKU-003,2026-02-20,7,False
SKU-003,2026-02-21,4,False
SKU-003,2026-02-22,8,False
SKU-003,2026-02-23,7,False
SKU-003,2026-02-24,4,False
SKU-003,2026-02-25,6,False
SKU-003,2026-02-26,5,False
SKU-003,2026-02-27,5,False
SKU-003,2026-02-28,11,False
SKU-003,2026-03-01,7,False
SKU-003,2026-03-02,7,False
SKU-003,2026-03-03,9,False
SKU-003,2026-03-04,6,False
SKU-003,2026-03-05,8,False
SKU-003,2026-03-06,7,False
SKU-003,2026-03-07,3,False
SKU-003,2026-03-08,9,False
SKU-003,2026-03-09,10,False
SKU-003,2026-03-10,5,False
SKU-003,2026-03-11,8,False
SKU-003,2026-03-12,7,False
SKU-003,2026-03-13,10,False
SKU-003,2026-03-14,9,False
SKU-003,2026-03-15,6,False
SKU-003,2026-03-16,6,False
SKU-003,2026-03-17,12,False
SKU-003,2026-03-18,5,False
SKU-003,2026-03-19,8,False
SKU-003,2026-03-20,0,False
SKU-003,2026-03-21,7,False
SKU-003,2026-03-22,11,False
SKU-003,2026-03-23,9,False
SKU-003,2026-03-24,4,False
SKU-003,2026-03-25,8,False
SKU-003,2026-03-26,11,False
SKU-003,2026-03-27,4,False
SKU-003,2026-03-28,4,False
SKU-003,2026-03-29,10,False
SKU-003,2026-03-30,11,False
SKU-003,2026-03-31,9,False
SKU-003,2026-04-01,12,False
SKU-003,2026-04-02,7,False
SKU-003,2026-04-03,3,False
SKU-003,2026-04-04,11,False
SKU-003,2026-04-05,8,False
SKU-003,2026-04-06,6,False
SKU-003,2026-04-07,9,False
SKU-003,2026-04-08,8,False
SKU-003,2026-04-09,4,False
SKU-003,2026-04-10,9,False
SKU-003,2026-04-11,6,False
SKU-003,2026-04-12,6,False
SKU-003,2026-04-13,7,False
SKU-003,2026-04-14,10,False
SKU-003,2026-04-15,7,False
SKU-003,2026-04-16,5,False
SKU-003,2026-04-17,4,False
SKU-003,2026-04-18,0,False
SKU-003,2026-04-19,7,False
SKU-003,2026-04-20,3,False
SKU-003,2026-04-21,13,False
SKU-003,2026-04-22,6,False
SKU-003,2026-04-23,7,False
SKU-003,2026-04-24,4,False
SKU-003,2026-04-25,3,False
SKU-003,2026-04-26,4,False
SKU-003,2026-04-27,15,False
SKU-003,2026-04-28,,True
SKU-003,2026-04-29,7,False
SKU-003,2026-04-30,9,False
SKU-003,2026-05-01,9,False
SKU-003,2026-05-02,1,False
SKU-003,2026-05-03,9,False
SKU-003,2026-05-04,8,False
SKU-003,2026-05-05,6,False
SKU-003,2026-05-06,4,False
SKU-003,2026-05-07,10,False
SKU-003,2026-05-08,6,False
SKU-003,2026-05-09,7,False
SKU-003,2026-05-10,3,False
SKU-003,2026-05-11,8,False
SKU-003,2026-05-12,10,False
SKU-003,2026-05-13,10,False
SKU-003,2026-05-14,7,False
SKU-003,2026-05-15,7,False
SKU-003,2026-05-16,5,False
SKU-003,2026-05-17,8,False
SKU-003,2026-05-18,5,False
SKU-003,2026-05-19,2,False
SKU-003,2026-05-20,13,False
SKU-003,2026-05-21,8,False
SKU-003,2026-05-22,5,False
SKU-003,2026-05-23,6,False
SKU-003,2026-05-24,10,False
SKU-003,2026-05-25,9,False
SKU-003,2026-05-26,11,False
SKU-003,2026-05-27,10,False
SKU-003,2026-05-28,11,False
SKU-003,2026-05-29,6,False
SKU-003,2026-05-30,4,False
SKU-003,2026-05-31,4,False
SKU-003,2026-06-01,10,False
SKU-003,2026-06-02,11,False
SKU-003,2026-06-03,8,False
SKU-003,2026-06-04,13,False
SKU-003,2026-06-05,5,False
SKU-003,2026-06-06,10,False
SKU-003,2026-06-07,7,False
SKU-003,2026-06-08,11,False
SKU-003,2026-06-09,10,False
SKU-003,2026-06-10,13,False
SKU-004,2025-06-11,8,False
SKU-004,2025-06-12,15,False
SKU-004,2025-06-13,19,False
SKU-004,2025-06-14,2,False
SKU-004,2025-06-15,12,False
SKU-004,2025-06-16,12,False
SKU-004,2025-06-17,11,False
SKU-004,2025-06-18,15,False
SKU-004,2025-06-19,11,False
SKU-004,2025-06-20,2,False
SKU-004,2025-06-21,12,False
SKU-004,2025-06-22,12,False
SKU-004,2025-06-23,13,False
SKU-004,2025-06-24,11,False
SKU-004,2025-06-25,14,False
SKU-004,2025-06-26,6,False
SKU-004,2025-06-27,9,False
SKU-004,2025-06-28,17,False
SKU-004,2025-06-29,7,False
SKU-004,2025-06-30,10,False
SKU-004,2025-07-01,9,False
SKU-004,2025-07-02,12,False
SKU-004,2025-07-03,14,False
SKU-004,2025-07-04,15,False
SKU-004,2025-07-05,,True
SKU-004,2025-07-06,8,False
SKU-004,2025-07-07,7,False
SKU-004,2025-07-08,10,False
SKU-004,2025-07-09,15,False
SKU-004,2025-07-10,11,False
SKU-004,2025-07-11,8,False
SKU-004,2025-07-12,10,False
SKU-004,2025-07-13,17,False
SKU-004,2025-07-14,15,False
SKU-004,2025-07-15,17,False
SKU-004,2025-07-16,7,False
SKU-004,2025-07-17,10,False
SKU-004,2025-07-18,12,False
SKU-004,2025-07-19,14,False
SKU-004,2025-07-20,15,False
SKU-004,2025-07-21,14,False
SKU-004,2025-07-22,10,False
SKU-004,2025-07-23,11,False
SKU-004,2025-07-24,10,False
SKU-004,2025-07-25,11,False
SKU-004,2025-07-26,13,False
SKU-004,2025-07-27,13,False
SKU-004,2025-07-28,5,False
SKU-004,2025-07-29,11,False
SKU-004,2025-07-30,10,False
SKU-004,2025-07-31,12,False
SKU-004,2025-08-01,11,False
SKU-004,2025-08-02,8,False
SKU-004,2025-08-03,10,False
SKU-004,2025-08-04,11,False
SKU-004,2025-08-05,20,False
SKU-004,2025-08-06,11,False
SKU-004,2025-08-07,15,False
SKU-004,2025-08-08,12,False
SKU-004,2025-08-09,17,False
SKU-004,2025-08-10,11,False
SKU-004,2025-08-11,6,False
SKU-004,2025-08-12,17,False
SKU-004,2025-08-13,9,False
SKU-004,2025-08-14,6,False
SKU-004,2025-08-15,10,False
SKU-004,2025-08-16,13,False
SKU-004,2025-08-17,,True
SKU-004,2025-08-18,9,False
SKU-004,2025-08-19,10,False
SKU-004,2025-08-20,17,False
SKU-004,2025-08-21,13,False
SKU-004,2025-08-22,9,False
SKU-004,2025-08-23,17,False
SKU-004,2025-08-24,9,False
SKU-004,2025-08-25,6,False
SKU-004,2025-08-26,,True
SKU-004,2025-08-27,12,False
SKU-004,2025-08-28,13,False
SKU-004,2025-08-29,11,False
SKU-004,2025-08-30,10,False
SKU-004,2025-08-31,12,False
SKU-004,2025-09-01,14,False
SKU-004,2025-09-02,8,False
SKU-004,2025-09-03,11,False
SKU-004,2025-09-04,9,False
SKU-004,2025-09-05,16,False
SKU-004,2025-09-06,11,False
SKU-004,2025-09-07,14,False
SKU-004,2025-09-08,11,False
SKU-004,2025-09-09,13,False
SKU-004,2025-09-10,16,False
SKU-004,2025-09-11,9,False
SKU-004,2025-09-12,21,False
SKU-004,2025-09-13,10,False
SKU-004,2025-09-14,10,False
SKU-004,2025-09-15,15,False
SKU-004,2025-09-16,12,False
SKU-004,2025-09-17,7,False
SKU-004,2025-09-18,10,False
SKU-004,2025-09-19,5,False
SKU-004,2025-09-20,16,False
SKU-004,2025-09-21,11,False
SKU-004,2025-09-22,13,False
SKU-004,2025-09-23,17,False
SKU-004,2025-09-24,17,False
SKU-004,2025-09-25,15,False
SKU-004,2025-09-26,9,False
SKU-004,2025-09-27,7,False
SKU-004,2025-09-28,12,False
SKU-004,2025-09-29,5,False
SKU-004,2025-09-30,14,False
SKU-004,2025-10-01,,True
SKU-004,2025-10-02,21,False
SKU-004,2025-10-03,8,False
SKU-004,2025-10-04,9,False
SKU-004,2025-10-05,12,False
SKU-004,2025-10-06,16,False
SKU-004,2025-10-07,9,False
SKU-004,2025-10-08,8,False
SKU-004,2025-10-09,11,False
SKU-004,2025-10-10,10,False
SKU-004,2025-10-11,12,False
SKU-004,2025-10-12,16,False
SKU-004,2025-10-13,4,False
SKU-004,2025-10-14,9,False
SKU-004,2025-10-15,10,False
SKU-004,2025-10-16,16,False
SKU-004,2025-10-17,9,False
SKU-004,2025-10-18,10,False
SKU-004,2025-10-19,15,False
SKU-004,2025-10-20,8,False
SKU-004,2025-10-21,7,False
SKU-004,2025-10-22,17,False
SKU-004,2025-10-23,10,False
SKU-004,2025-10-24,12,False
SKU-004,2025-10-25,9,False
SKU-004,2025-10-26,16,False
SKU-004,2025-10-27,9,False
SKU-004,2025-10-28,19,False
SKU-004,2025-10-29,13,False
SKU-004,2025-10-30,12,False
SKU-004,2025-10-31,8,False
SKU-004,2025-11-01,11,False
SKU-004,2025-11-02,11,False
SKU-004,2025-11-03,7,False
SKU-004,2025-11-04,8,False
SKU-004,2025-11-05,11,False
SKU-004,2025-11-06,,True
SKU-004,2025-11-07,8,False
SKU-004,2025-11-08,,True
SKU-004,2025-11-09,14,False
SKU-004,2025-11-10,6,False
SKU-004,2025-11-11,13,False
SKU-004,2025-11-12,13,False
SKU-004,2025-11-13,5,False
SKU-004,2025-11-14,10,False
SKU-004,2025-11-15,9,False
SKU-004,2025-11-16,14,False
SKU-004,2025-11-17,12,False
SKU-004,2025-11-18,17,False
SKU-004,2025-11-19,16,False
SKU-004,2025-11-20,6,False
SKU-004,2025-11-21,,True
SKU-004,2025-11-22,11,False
SKU-004,2025-11-23,7,False
SKU-004,2025-11-24,12,False
SKU-004,2025-11-25,13,False
SKU-004,2025-11-26,10,False
SKU-004,2025-11-27,13,False
SKU-004,2025-11-28,19,False
SKU-004,2025-11-29,13,False
SKU-004,2025-11-30,12,False
SKU-004,2025-12-01,11,False
SKU-004,2025-12-02,11,False
SKU-004,2025-12-03,16,False
SKU-004,2025-12-04,10,False
SKU-004,2025-12-05,10,False
SKU-004,2025-12-06,12,False
SKU-004,2025-12-07,13,False
SKU-004,2025-12-08,8,False
SKU-004,2025-12-09,12,False
SKU-004,2025-12-10,9,False
SKU-004,2025-12-11,1,False
SKU-004,2025-12-12,11,False
SKU-004,2025-12-13,13,False
SKU-004,2025-12-14,9,False
SKU-004,2025-12-15,6,False
SKU-004,2025-12-16,16,False
SKU-004,2025-12-17,16,False
SKU-004,2025-12-18,11,False
SKU-004,2025-12-19,6,False
SKU-004,2025-12-20,14,False
SKU-004,2025-12-21,6,False
SKU-004,2025-12-22,7,False
SKU-004,2025-12-23,15,False
SKU-004,2025-12-24,17,False
SKU-004,2025-12-25,,True
SKU-004,2025-12-26,13,False
SKU-004,2025-12-27,10,False
SKU-004,2025-12-28,14,False
SKU-004,2025-12-29,7,False
SKU-004,2025-12-30,13,False
SKU-004,2025-12-31,10,False
SKU-004,2026-01-01,13,False
SKU-004,2026-01-02,9,False
SKU-004,2026-01-03,14,False
SKU-004,2026-01-04,18,False
SKU-004,2026-01-05,7,False
SKU-004,2026-01-06,13,False
SKU-004,2026-01-07,15,False
SKU-004,2026-01-08,10,False
SKU-004,2026-01-09,12,False
SKU-004,2026-01-10,10,False
SKU-004,2026-01-11,12,False
SKU-004,2026-01-12,8,False
SKU-004,2026-01-13,8,False
SKU-004,2026-01-14,8,False
SKU-004,2026-01-15,20,False
SKU-004,2026-01-16,13,False
SKU-004,2026-01-17,8,False
SKU-004,2026-01-18,18,False
SKU-004,2026-01-19,3,False
SKU-004,2026-01-20,14,False
SKU-004,2026-01-21,11,False
SKU-004,2026-01-22,15,False
SKU-004,2026-01-23,11,False
SKU-004,2026-01-24,9,False
SKU-004,2026-01-25,10,False
SKU-004,2026-01-26,10,False
SKU-004,2026-01-27,13,False
SKU-004,2026-01-28,6,False
SKU-004,2026-01-29,10,False
SKU-004,2026-01-30,6,False
SKU-004,2026-01-31,13,False
SKU-004,2026-02-01,9,False
SKU-004,2026-02-02,5,False
SKU-004,2026-02-03,6,False
SKU-004,2026-02-04,12,False
SKU-004,2026-02-05,10,False
SKU-004,2026-02-06,5,False
SKU-004,2026-02-07,8,False
SKU-004,2026-02-08,12,False
SKU-004,2026-02-09,10,False
SKU-004,2026-02-10,7,False
SKU-004,2026-02-11,15,False
SKU-004,2026-02-12,9,False
SKU-004,2026-02-13,12,False
SKU-004,2026-02-14,6,False
SKU-004,2026-02-15,22,False
SKU-004,2026-02-16,15,False
SKU-004,2026-02-17,12,False
SKU-004,2026-02-18,,True
SKU-004,2026-02-19,11,False
SKU-004,2026-02-20,16,False
SKU-004,2026-02-21,8,False
SKU-004,2026-02-22,10,False
SKU-004,2026-02-23,8,False
SKU-004,2026-02-24,9,False
SKU-004,2026-02-25,15,False
SKU-004,2026-02-26,14,False
SKU-004,2026-02-27,13,False
SKU-004,2026-02-28,11,False
SKU-004,2026-03-01,13,False
SKU-004,2026-03-02,16,False
SKU-004,2026-03-03,10,False
SKU-004,2026-03-04,8,False
SKU-004,2026-03-05,17,False
SKU-004,2026-03-06,16,False
SKU-004,2026-03-07,17,False
SKU-004,2026-03-08,21,False
SKU-004,2026-03-09,14,False
SKU-004,2026-03-10,16,False
SKU-004,2026-03-11,9,False
SKU-004,2026-03-12,13,False
SKU-004,2026-03-13,17,False
SKU-004,2026-03-14,12,False
SKU-004,2026-03-15,7,False
SKU-004,2026-03-16,15,False
SKU-004,2026-03-17,12,False
SKU-004,2026-03-18,10,False
SKU-004,2026-03-19,13,False
SKU-004,2026-03-20,15,False
SKU-004,2026-03-21,15,False
SKU-004,2026-03-22,8,False
SKU-004,2026-03-23,8,False
SKU-004,2026-03-24,8,False
SKU-004,2026-03-25,6,False
SKU-004,2026-03-26,7,False
SKU-004,2026-03-27,10,False
SKU-004,2026-03-28,10,False
SKU-004,2026-03-29,11,False
SKU-004,2026-03-30,14,False
SKU-004,2026-03-31,10,False
SKU-004,2026-04-01,13,False
SKU-004,2026-04-02,8,False
SKU-004,2026-04-03,7,False
SKU-004,2026-04-04,7,False
SKU-004,2026-04-05,10,False
SKU-004,2026-04-06,10,False
SKU-004,2026-04-07,,True
SKU-004,2026-04-08,16,False
SKU-004,2026-04-09,17,False
SKU-004,2026-04-10,6,False
SKU-004,2026-04-11,12,False
SKU-004,2026-04-12,10,False
SKU-004,2026-04-13,12,False
SKU-004,2026-04-14,11,False
SKU-004,2026-04-15,14,False
SKU-004,2026-04-16,5,False
SKU-004,2026-04-17,13,False
SKU-004,2026-04-18,13,False
SKU-004,2026-04-19,13,False
SKU-004,2026-04-20,7,False
SKU-004,2026-04-21,17,False
SKU-004,2026-04-22,0,False
SKU-004,2026-04-23,8,False
SKU-004,2026-04-24,12,False
SKU-004,2026-04-25,8,False
SKU-004,2026-04-26,7,False
SKU-004,2026-04-27,17,False
SKU-004,2026-04-28,12,False
SKU-004,2026-04-29,9,False
SKU-004,2026-04-30,8,False
SKU-004,2026-05-01,16,False
SKU-004,2026-05-02,13,False
SKU-004,2026-05-03,14,False
SKU-004,2026-05-04,10,False
SKU-004,2026-05-05,14,False
SKU-004,2026-05-06,11,False
SKU-004,2026-05-07,8,False
SKU-004,2026-05-08,17,False
SKU-004,2026-05-09,11,False
SKU-004,2026-05-10,13,False
SKU-004,2026-05-11,3,False
SKU-004,2026-05-12,17,False
SKU-004,2026-05-13,17,False
SKU-004,2026-05-14,15,False
SKU-004,2026-05-15,6,False
SKU-004,2026-05-16,9,False
SKU-004,2026-05-17,10,False
SKU-004,2026-05-18,6,False
SKU-004,2026-05-19,6,False
SKU-004,2026-05-20,10,False
SKU-004,2026-05-21,20,False
SKU-004,2026-05-22,11,False
SKU-004,2026-05-23,12,False
SKU-004,2026-05-24,11,False
SKU-004,2026-05-25,7,False
SKU-004,2026-05-26,16,False
SKU-004,2026-05-27,13,False
SKU-004,2026-05-28,12,False
SKU-004,2026-05-29,14,False
SKU-004,2026-05-30,7,False
SKU-004,2026-05-31,9,False
SKU-004,2026-06-01,11,False
SKU-004,2026-06-02,10,False
SKU-004,2026-06-03,10,False
SKU-004,2026-06-04,12,False
SKU-004,2026-06-05,21,False
SKU-004,2026-06-06,12,False
SKU-004,2026-06-07,15,False
SKU-004,2026-06-08,16,False
SKU-004,2026-06-09,11,False
SKU-004,2026-06-10,17,False
SKU-005,2025-06-11,10,False
SKU-005,2025-06-12,7,False
SKU-005,2025-06-13,8,False
SKU-005,2025-06-14,6,False
SKU-005,2025-06-15,12,False
SKU-005,2025-06-16,9,False
SKU-005,2025-06-17,8,False
SKU-005,2025-06-18,8,False
SKU-005,2025-06-19,12,False
SKU-005,2025-06-20,8,False
SKU-005,2025-06-21,5,False
SKU-005,2025-06-22,12,False
SKU-005,2025-06-23,10,False
SKU-005,2025-06-24,7,False
SKU-005,2025-06-25,15,False
SKU-005,2025-06-26,16,False
SKU-005,2025-06-27,13,False
SKU-005,2025-06-28,9,False
SKU-005,2025-06-29,7,False
SKU-005,2025-06-30,7,False
SKU-005,2025-07-01,9,False
SKU-005,2025-07-02,7,False
SKU-005,2025-07-03,6,False
SKU-005,2025-07-04,7,False
SKU-005,2025-07-05,10,False
SKU-005,2025-07-06,10,False
SKU-005,2025-07-07,5,False
SKU-005,2025-07-08,6,False
SKU-005,2025-07-09,11,False
SKU-005,2025-07-10,5,False
SKU-005,2025-07-11,3,False
SKU-005,2025-07-12,8,False
SKU-005,2025-07-13,15,False
SKU-005,2025-07-14,4,False
SKU-005,2025-07-15,4,False
SKU-005,2025-07-16,9,False
SKU-005,2025-07-17,16,False
SKU-005,2025-07-18,8,False
SKU-005,2025-07-19,6,False
SKU-005,2025-07-20,7,False
SKU-005,2025-07-21,,True
SKU-005,2025-07-22,7,False
SKU-005,2025-07-23,8,False
SKU-005,2025-07-24,9,False
SKU-005,2025-07-25,4,False
SKU-005,2025-07-26,8,False
SKU-005,2025-07-27,8,False
SKU-005,2025-07-28,7,False
SKU-005,2025-07-29,8,False
SKU-005,2025-07-30,11,False
SKU-005,2025-07-31,10,False
SKU-005,2025-08-01,5,False
SKU-005,2025-08-02,11,False
SKU-005,2025-08-03,4,False
SKU-005,2025-08-04,8,False
SKU-005,2025-08-05,2,False
SKU-005,2025-08-06,5,False
SKU-005,2025-08-07,10,False
SKU-005,2025-08-08,8,False
SKU-005,2025-08-09,3,False
SKU-005,2025-08-10,8,False
SKU-005,2025-08-11,7,False
SKU-005,2025-08-12,10,False
SKU-005,2025-08-13,3,False
SKU-005,2025-08-14,9,False
SKU-005,2025-08-15,6,False
SKU-005,2025-08-16,14,False
SKU-005,2025-08-17,10,False
SKU-005,2025-08-18,8,False
SKU-005,2025-08-19,4,False
SKU-005,2025-08-20,6,False
SKU-005,2025-08-21,11,False
SKU-005,2025-08-22,8,False
SKU-005,2025-08-23,10,False
SKU-005,2025-08-24,9,False
SKU-005,2025-08-25,12,False
SKU-005,2025-08-26,9,False
SKU-005,2025-08-27,12,False
SKU-005,2025-08-28,14,False
SKU-005,2025-08-29,6,False
SKU-005,2025-08-30,8,False
SKU-005,2025-08-31,5,False
SKU-005,2025-09-01,8,False
SKU-005,2025-09-02,6,False
SKU-005,2025-09-03,2,False
SKU-005,2025-09-04,8,False
SKU-005,2025-09-05,16,False
SKU-005,2025-09-06,8,False
SKU-005,2025-09-07,7,False
SKU-005,2025-09-08,15,False
SKU-005,2025-09-09,11,False
SKU-005,2025-09-10,9,False
SKU-005,2025-09-11,6,False
SKU-005,2025-09-12,6,False
SKU-005,2025-09-13,9,False
SKU-005,2025-09-14,6,False
SKU-005,2025-09-15,9,False
SKU-005,2025-09-16,9,False
SKU-005,2025-09-17,5,False
SKU-005,2025-09-18,14,False
SKU-005,2025-09-19,13,False
SKU-005,2025-09-20,9,False
SKU-005,2025-09-21,12,False
SKU-005,2025-09-22,11,False
SKU-005,2025-09-23,19,False
SKU-005,2025-09-24,13,False
SKU-005,2025-09-25,15,False
SKU-005,2025-09-26,5,False
SKU-005,2025-09-27,2,False
SKU-005,2025-09-28,15,False
SKU-005,2025-09-29,12,False
SKU-005,2025-09-30,13,False
SKU-005,2025-10-01,1,False
SKU-005,2025-10-02,12,False
SKU-005,2025-10-03,6,False
SKU-005,2025-10-04,14,False
SKU-005,2025-10-05,7,False
SKU-005,2025-10-06,11,False
SKU-005,2025-10-07,9,False
SKU-005,2025-10-08,4,False
SKU-005,2025-10-09,5,False
SKU-005,2025-10-10,9,False
SKU-005,2025-10-11,9,False
SKU-005,2025-10-12,11,False
SKU-005,2025-10-13,11,False
SKU-005,2025-10-14,13,False
SKU-005,2025-10-15,14,False
SKU-005,2025-10-16,10,False
SKU-005,2025-10-17,9,False
SKU-005,2025-10-18,12,False
SKU-005,2025-10-19,8,False
SKU-005,2025-10-20,18,False
SKU-005,2025-10-21,3,False
SKU-005,2025-10-22,10,False
SKU-005,2025-10-23,,True
SKU-005,2025-10-24,7,False
SKU-005,2025-10-25,10,False
SKU-005,2025-10-26,8,False
SKU-005,2025-10-27,5,False
SKU-005,2025-10-28,5,False
SKU-005,2025-10-29,9,False
SKU-005,2025-10-30,8,False
SKU-005,2025-10-31,7,False
SKU-005,2025-11-01,9,False
SKU-005,2025-11-02,8,False
SKU-005,2025-11-03,9,False
SKU-005,2025-11-04,3,False
SKU-005,2025-11-05,6,False
SKU-005,2025-11-06,8,False
SKU-005,2025-11-07,7,False
SKU-005,2025-11-08,7,False
SKU-005,2025-11-09,15,False
SKU-005,2025-11-10,9,False
SKU-005,2025-11-11,11,False
SKU-005,2025-11-12,11,False
SKU-005,2025-11-13,9,False
SKU-005,2025-11-14,11,False
SKU-005,2025-11-15,6,False
SKU-005,2025-11-16,11,False
SKU-005,2025-11-17,0,False
SKU-005,2025-11-18,5,False
SKU-005,2025-11-19,7,False
SKU-005,2025-11-20,7,False
SKU-005,2025-11-21,10,False
SKU-005,2025-11-22,13,False
SKU-005,2025-11-23,5,False
SKU-005,2025-11-24,3,False
SKU-005,2025-11-25,7,False
SKU-005,2025-11-26,12,False
SKU-005,2025-11-27,11,False
SKU-005,2025-11-28,9,False
SKU-005,2025-11-29,8,False
SKU-005,2025-11-30,12,False
SKU-005,2025-12-01,4,False
SKU-005,2025-12-02,10,False
SKU-005,2025-12-03,7,False
SKU-005,2025-12-04,6,False
SKU-005,2025-12-05,2,False
SKU-005,2025-12-06,12,False
SKU-005,2025-12-07,7,False
SKU-005,2025-12-08,15,False
SKU-005,2025-12-09,8,False
SKU-005,2025-12-10,7,False
SKU-005,2025-12-11,9,False
SKU-005,2025-12-12,8,False
SKU-005,2025-12-13,8,False
SKU-005,2025-12-14,12,False
SKU-005,2025-12-15,12,False
SKU-005,2025-12-16,8,False
SKU-005,2025-12-17,9,False
SKU-005,2025-12-18,9,False
SKU-005,2025-12-19,2,False
SKU-005,2025-12-20,3,False
SKU-005,2025-12-21,14,False
SKU-005,2025-12-22,8,False
SKU-005,2025-12-23,10,False
SKU-005,2025-12-24,11,False
SKU-005,2025-12-25,1,False
SKU-005,2025-12-26,13,False
SKU-005,2025-12-27,8,False
SKU-005,2025-12-28,9,False
SKU-005,2025-12-29,13,False
SKU-005,2025-12-30,8,False
SKU-005,2025-12-31,7,False
SKU-005,2026-01-01,12,False
SKU-005,2026-01-02,7,False
SKU-005,2026-01-03,13,False
SKU-005,2026-01-04,9,False
SKU-005,2026-01-05,9,False
SKU-005,2026-01-06,13,False
SKU-005,2026-01-07,8,False
SKU-005,2026-01-08,6,False
SKU-005,2026-01-09,10,False
SKU-005,2026-01-10,8,False
SKU-005,2026-01-11,11,False
SKU-005,2026-01-12,6,False
SKU-005,2026-01-13,11,False
SKU-005,2026-01-14,,True
SKU-005,2026-01-15,5,False
SKU-005,2026-01-16,12,False
SKU-005,2026-01-17,5,False
SKU-005,2026-01-18,9,False
SKU-005,2026-01-19,2,False
SKU-005,2026-01-20,9,False
SKU-005,2026-01-21,9,False
SKU-005,2026-01-22,10,False
SKU-005,2026-01-23,5,False
SKU-005,2026-01-24,16,False
SKU-005,2026-01-25,5,False
SKU-005,2026-01-26,12,False
SKU-005,2026-01-27,12,False
SKU-005,2026-01-28,11,False
SKU-005,2026-01-29,16,False
SKU-005,2026-01-30,10,False
SKU-005,2026-01-31,9,False
SKU-005,2026-02-01,10,False
SKU-005,2026-02-02,7,False
SKU-005,2026-02-03,4,False
SKU-005,2026-02-04,8,False
SKU-005,2026-02-05,11,False
SKU-005,2026-02-06,9,False
SKU-005,2026-02-07,7,False
SKU-005,2026-02-08,7,False
SKU-005,2026-02-09,13,False
SKU-005,2026-02-10,10,False
SKU-005,2026-02-11,9,False
SKU-005,2026-02-12,10,False
SKU-005,2026-02-13,6,False
SKU-005,2026-02-14,8,False
SKU-005,2026-02-15,7,False
SKU-005,2026-02-16,11,False
SKU-005,2026-02-17,6,False
SKU-005,2026-02-18,6,False
SKU-005,2026-02-19,9,False
SKU-005,2026-02-20,9,False
SKU-005,2026-02-21,4,False
SKU-005,2026-02-22,0,False
SKU-005,2026-02-23,6,False
SKU-005,2026-02-24,12,False
SKU-005,2026-02-25,3,False
SKU-005,2026-02-26,11,False
SKU-005,2026-02-27,6,False
SKU-005,2026-02-28,15,False
SKU-005,2026-03-01,12,False
SKU-005,2026-03-02,13,False
SKU-005,2026-03-03,5,False
SKU-005,2026-03-04,12,False
SKU-005,2026-03-05,12,False
SKU-005,2026-03-06,14,False
SKU-005,2026-03-07,7,False
SKU-005,2026-03-08,12,False
SKU-005,2026-03-09,8,False
SKU-005,2026-03-10,10,False
SKU-005,2026-03-11,6,False
SKU-005,2026-03-12,11,False
SKU-005,2026-03-13,10,False
SKU-005,2026-03-14,8,False
SKU-005,2026-03-15,12,False
SKU-005,2026-03-16,6,False
SKU-005,2026-03-17,6,False
SKU-005,2026-03-18,11,False
SKU-005,2026-03-19,12,False
SKU-005,2026-03-20,12,False
SKU-005,2026-03-21,7,False
SKU-005,2026-03-22,6,False
SKU-005,2026-03-23,8,False
SKU-005,2026-03-24,4,False
SKU-005,2026-03-25,9,False
SKU-005,2026-03-26,11,False
SKU-005,2026-03-27,12,False
SKU-005,2026-03-28,11,False
SKU-005,2026-03-29,7,False
SKU-005,2026-03-30,15,False
SKU-005,2026-03-31,5,False
SKU-005,2026-04-01,8,False
SKU-005,2026-04-02,11,False
SKU-005,2026-04-03,14,False
SKU-005,2026-04-04,12,False
SKU-005,2026-04-05,3,False
SKU-005,2026-04-06,11,False
SKU-005,2026-04-07,7,False
SKU-005,2026-04-08,7,False
SKU-005,2026-04-09,8,False
SKU-005,2026-04-10,3,False
SKU-005,2026-04-11,7,False
SKU-005,2026-04-12,8,False
SKU-005,2026-04-13,13,False
SKU-005,2026-04-14,13,False
SKU-005,2026-04-15,11,False
SKU-005,2026-04-16,14,False
SKU-005,2026-04-17,2,False
SKU-005,2026-04-18,10,False
SKU-005,2026-04-19,10,False
SKU-005,2026-04-20,5,False
SKU-005,2026-04-21,12,False
SKU-005,2026-04-22,9,False
SKU-005,2026-04-23,11,False
SKU-005,2026-04-24,5,False
SKU-005,2026-04-25,13,False
SKU-005,2026-04-26,5,False
SKU-005,2026-04-27,7,False
SKU-005,2026-04-28,10,False
SKU-005,2026-04-29,11,False
SKU-005,2026-04-30,5,False
SKU-005,2026-05-01,8,False
SKU-005,2026-05-02,9,False
SKU-005,2026-05-03,16,False
SKU-005,2026-05-04,9,False
SKU-005,2026-05-05,11,False
SKU-005,2026-05-06,9,False
SKU-005,2026-05-07,13,False
SKU-005,2026-05-08,8,False
SKU-005,2026-05-09,7,False
SKU-005,2026-05-10,10,False
SKU-005,2026-05-11,10,False
SKU-005,2026-05-12,6,False
SKU-005,2026-05-13,5,False
SKU-005,2026-05-14,3,False
SKU-005,2026-05-15,6,False
SKU-005,2026-05-16,7,False
SKU-005,2026-05-17,13,False
SKU-005,2026-05-18,8,False
SKU-005,2026-05-19,7,False
SKU-005,2026-05-20,2,False
SKU-005,2026-05-21,9,False
SKU-005,2026-05-22,2,False
SKU-005,2026-05-23,5,False
SKU-005,2026-05-24,6,False
SKU-005,2026-05-25,2,False
SKU-005,2026-05-26,0,False
SKU-005,2026-05-27,8,False
SKU-005,2026-05-28,9,False
SKU-005,2026-05-29,10,False
SKU-005,2026-05-30,13,False
SKU-005,2026-05-31,10,False
SKU-005,2026-06-01,2,False
SKU-005,2026-06-02,12,False
SKU-005,2026-06-03,3,False
SKU-005,2026-06-04,10,False
SKU-005,2026-06-05,9,False
SKU-005,2026-06-06,9,False
SKU-005,2026-06-07,6,False
SKU-005,2026-06-08,11,False
SKU-005,2026-06-09,10,False
SKU-005,2026-06-10,9,False
SKU-006,2025-06-11,3,False
SKU-006,2025-06-12,7,False
SKU-006,2025-06-13,3,False
SKU-006,2025-06-14,6,False
SKU-006,2025-06-15,5,False
SKU-006,2025-06-16,7,False
SKU-006,2025-06-17,4,False
SKU-006,2025-06-18,6,False
SKU-006,2025-06-19,4,False
SKU-006,2025-06-20,0,False
SKU-006,2025-06-21,3,False
SKU-006,2025-06-22,5,False
SKU-006,2025-06-23,1,False
SKU-006,2025-06-24,,True
SKU-006,2025-06-25,9,False
SKU-006,2025-06-26,6,False
SKU-006,2025-06-27,4,False
SKU-006,2025-06-28,6,False
SKU-006,2025-06-29,4,False
SKU-006,2025-06-30,0,False
SKU-006,2025-07-01,9,False
SKU-006,2025-07-02,,True
SKU-006,2025-07-03,8,False
SKU-006,2025-07-04,6,False
SKU-006,2025-07-05,4,False
SKU-006,2025-07-06,6,False
SKU-006,2025-07-07,9,False
SKU-006,2025-07-08,3,False
SKU-006,2025-07-09,8,False
SKU-006,2025-07-10,5,False
SKU-006,2025-07-11,8,False
SKU-006,2025-07-12,3,False
SKU-006,2025-07-13,10,False
SKU-006,2025-07-14,7,False
SKU-006,2025-07-15,4,False
SKU-006,2025-07-16,8,False
SKU-006,2025-07-17,4,False
SKU-006,2025-07-18,8,False
SKU-006,2025-07-19,9,False
SKU-006,2025-07-20,3,False
SKU-006,2025-07-21,8,False
SKU-006,2025-07-22,5,False
SKU-006,2025-07-23,9,False
SKU-006,2025-07-24,,True
SKU-006,2025-07-25,2,False
SKU-006,2025-07-26,3,False
SKU-006,2025-07-27,7,False
SKU-006,2025-07-28,8,False
SKU-006,2025-07-29,9,False
SKU-006,2025-07-30,4,False
SKU-006,2025-07-31,2,False
SKU-006,2025-08-01,9,False
SKU-006,2025-08-02,9,False
SKU-006,2025-08-03,6,False
SKU-006,2025-08-04,6,False
SKU-006,2025-08-05,6,False
SKU-006,2025-08-06,7,False
SKU-006,2025-08-07,5,False
SKU-006,2025-08-08,3,False
SKU-006,2025-08-09,7,False
SKU-006,2025-08-10,,True
SKU-006,2025-08-11,3,False
SKU-006,2025-08-12,1,False
SKU-006,2025-08-13,6,False
SKU-006,2025-08-14,6,False
SKU-006,2025-08-15,7,False
SKU-006,2025-08-16,7,False
SKU-006,2025-08-17,5,False
SKU-006,2025-08-18,8,False
SKU-006,2025-08-19,8,False
SKU-006,2025-08-20,6,False
SKU-006,2025-08-21,5,False
SKU-006,2025-08-22,4,False
SKU-006,2025-08-23,8,False
SKU-006,2025-08-24,2,False
SKU-006,2025-08-25,2,False
SKU-006,2025-08-26,7,False
SKU-006,2025-08-27,6,False
SKU-006,2025-08-28,4,False
SKU-006,2025-08-29,5,False
SKU-006,2025-08-30,8,False
SKU-006,2025-08-31,3,False
SKU-006,2025-09-01,2,False
SKU-006,2025-09-02,11,False
SKU-006,2025-09-03,8,False
SKU-006,2025-09-04,2,False
SKU-006,2025-09-05,3,False
SKU-006,2025-09-06,4,False
SKU-006,2025-09-07,7,False
SKU-006,2025-09-08,9,False
SKU-006,2025-09-09,0,False
SKU-006,2025-09-10,7,False
SKU-006,2025-09-11,7,False
SKU-006,2025-09-12,4,False
SKU-006,2025-09-13,9,False
SKU-006,2025-09-14,3,False
SKU-006,2025-09-15,4,False
SKU-006,2025-09-16,4,False
SKU-006,2025-09-17,8,False
SKU-006,2025-09-18,4,False
SKU-006,2025-09-19,4,False
SKU-006,2025-09-20,2,False
SKU-006,2025-09-21,9,False
SKU-006,2025-09-22,9,False
SKU-006,2025-09-23,7,False
SKU-006,2025-09-24,9,False
SKU-006,2025-09-25,1,False
SKU-006,2025-09-26,6,False
SKU-006,2025-09-27,12,False
SKU-006,2025-09-28,4,False
SKU-006,2025-09-29,3,False
SKU-006,2025-09-30,6,False
SKU-006,2025-10-01,3,False
SKU-006,2025-10-02,8,False
SKU-006,2025-10-03,8,False
SKU-006,2025-10-04,,True
SKU-006,2025-10-05,7,False
SKU-006,2025-10-06,3,False
SKU-006,2025-10-07,3,False
SKU-006,2025-10-08,7,False
SKU-006,2025-10-09,9,False
SKU-006,2025-10-10,7,False
SKU-006,2025-10-11,6,False
SKU-006,2025-10-12,3,False
SKU-006,2025-10-13,4,False
SKU-006,2025-10-14,9,False
SKU-006,2025-10-15,8,False
SKU-006,2025-10-16,9,False
SKU-006,2025-10-17,0,False
SKU-006,2025-10-18,5,False
SKU-006,2025-10-19,5,False
SKU-006,2025-10-20,5,False
SKU-006,2025-10-21,2,False
SKU-006,2025-10-22,8,False
SKU-006,2025-10-23,11,False
SKU-006,2025-10-24,6,False
SKU-006,2025-10-25,2,False
SKU-006,2025-10-26,10,False
SKU-006,2025-10-27,3,False
SKU-006,2025-10-28,2,False
SKU-006,2025-10-29,7,False
SKU-006,2025-10-30,2,False
SKU-006,2025-10-31,6,False
SKU-006,2025-11-01,7,False
SKU-006,2025-11-02,3,False
SKU-006,2025-11-03,7,False
SKU-006,2025-11-04,8,False
SKU-006,2025-11-05,3,False
SKU-006,2025-11-06,8,False
SKU-006,2025-11-07,0,False
SKU-006,2025-11-08,10,False
SKU-006,2025-11-09,5,False
SKU-006,2025-11-10,12,False
SKU-006,2025-11-11,7,False
SKU-006,2025-11-12,7,False
SKU-006,2025-11-13,4,False
SKU-006,2025-11-14,9,False
SKU-006,2025-11-15,9,False
SKU-006,2025-11-16,4,False
SKU-006,2025-11-17,5,False
SKU-006,2025-11-18,8,False
SKU-006,2025-11-19,2,False
SKU-006,2025-11-20,0,False
SKU-006,2025-11-21,5,False
SKU-006,2025-11-22,7,False
SKU-006,2025-11-23,2,False
SKU-006,2025-11-24,4,False
SKU-006,2025-11-25,7,False
SKU-006,2025-11-26,4,False
SKU-006,2025-11-27,5,False
SKU-006,2025-11-28,5,False
SKU-006,2025-11-29,7,False
SKU-006,2025-11-30,10,False
SKU-006,2025-12-01,5,False
SKU-006,2025-12-02,10,False
SKU-006,2025-12-03,6,False
SKU-006,2025-12-04,5,False
SKU-006,2025-12-05,8,False
SKU-006,2025-12-06,2,False
SKU-006,2025-12-07,4,False
SKU-006,2025-12-08,5,False
SKU-006,2025-12-09,5,False
SKU-006,2025-12-10,9,False
SKU-006,2025-12-11,12,False
SKU-006,2025-12-12,4,False
SKU-006,2025-12-13,7,False
SKU-006,2025-12-14,6,False
SKU-006,2025-12-15,9,False
SKU-006,2025-12-16,2,False
SKU-006,2025-12-17,3,False
SKU-006,2025-12-18,2,False
SKU-006,2025-12-19,7,False
SKU-006,2025-12-20,0,False
SKU-006,2025-12-21,5,False
SKU-006,2025-12-22,4,False
SKU-006,2025-12-23,4,False
SKU-006,2025-12-24,7,False
SKU-006,2025-12-25,4,False
SKU-006,2025-12-26,5,False
SKU-006,2025-12-27,6,False
SKU-006,2025-12-28,7,False
SKU-006,2025-12-29,9,False
SKU-006,2025-12-30,4,False
SKU-006,2025-12-31,3,False
SKU-006,2026-01-01,4,False
SKU-006,2026-01-02,6,False
SKU-006,2026-01-03,7,False
SKU-006,2026-01-04,3,False
SKU-006,2026-01-05,7,False
SKU-006,2026-01-06,6,False
SKU-006,2026-01-07,8,False
SKU-006,2026-01-08,6,False
SKU-006,2026-01-09,2,False
SKU-006,2026-01-10,6,False
SKU-006,2026-01-11,5,False
SKU-006,2026-01-12,8,False
SKU-006,2026-01-13,4,False
SKU-006,2026-01-14,5,False
SKU-006,2026-01-15,3,False
SKU-006,2026-01-16,3,False
SKU-006,2026-01-17,8,False
SKU-006,2026-01-18,7,False
SKU-006,2026-01-19,3,False
SKU-006,2026-01-20,11,False
SKU-006,2026-01-21,7,False
SKU-006,2026-01-22,7,False
SKU-006,2026-01-23,5,False
SKU-006,2026-01-24,6,False
SKU-006,2026-01-25,6,False
SKU-006,2026-01-26,7,False
SKU-006,2026-01-27,4,False
SKU-006,2026-01-28,3,False
SKU-006,2026-01-29,0,False
SKU-006,2026-01-30,9,False
SKU-006,2026-01-31,4,False
SKU-006,2026-02-01,5,False
SKU-006,2026-02-02,6,False
SKU-006,2026-02-03,2,False
SKU-006,2026-02-04,4,False
SKU-006,2026-02-05,3,False
SKU-006,2026-02-06,,True
SKU-006,2026-02-07,4,False
SKU-006,2026-02-08,3,False
SKU-006,2026-02-09,6,False
SKU-006,2026-02-10,2,False
SKU-006,2026-02-11,7,False
SKU-006,2026-02-12,5,False
SKU-006,2026-02-13,9,False
SKU-006,2026-02-14,8,False
SKU-006,2026-02-15,4,False
SKU-006,2026-02-16,3,False
SKU-006,2026-02-17,2,False
SKU-006,2026-02-18,8,False
SKU-006,2026-02-19,8,False
SKU-006,2026-02-20,9,False
SKU-006,2026-02-21,5,False
SKU-006,2026-02-22,3,False
SKU-006,2026-02-23,,True
SKU-006,2026-02-24,5,False
SKU-006,2026-02-25,0,False
SKU-006,2026-02-26,4,False
SKU-006,2026-02-27,7,False
SKU-006,2026-02-28,4,False
SKU-006,2026-03-01,4,False
SKU-006,2026-03-02,5,False
SKU-006,2026-03-03,6,False
SKU-006,2026-03-04,7,False
SKU-006,2026-03-05,9,False
SKU-006,2026-03-06,1,False
SKU-006,2026-03-07,3,False
SKU-006,2026-03-08,5,False
SKU-006,2026-03-09,5,False
SKU-006,2026-03-10,3,False
SKU-006,2026-03-11,5,False
SKU-006,2026-03-12,5,False
SKU-006,2026-03-13,4,False
SKU-006,2026-03-14,8,False
SKU-006,2026-03-15,3,False
SKU-006,2026-03-16,4,False
SKU-006,2026-03-17,5,False
SKU-006,2026-03-18,6,False
SKU-006,2026-03-19,5,False
SKU-006,2026-03-20,3,False
SKU-006,2026-03-21,5,False
SKU-006,2026-03-22,0,False
SKU-006,2026-03-23,4,False
SKU-006,2026-03-24,9,False
SKU-006,2026-03-25,8,False
SKU-006,2026-03-26,1,False
SKU-006,2026-03-27,5,False
SKU-006,2026-03-28,11,False
SKU-006,2026-03-29,8,False
SKU-006,2026-03-30,6,False
SKU-006,2026-03-31,3,False
SKU-006,2026-04-01,7,False
SKU-006,2026-04-02,0,False
SKU-006,2026-04-03,3,False
SKU-006,2026-04-04,4,False
SKU-006,2026-04-05,7,False
SKU-006,2026-04-06,5,False
SKU-006,2026-04-07,8,False
SKU-006,2026-04-08,2,False
SKU-006,2026-04-09,5,False
SKU-006,2026-04-10,4,False
SKU-006,2026-04-11,4,False
SKU-006,2026-04-12,8,False
SKU-006,2026-04-13,11,False
SKU-006,2026-04-14,5,False
SKU-006,2026-04-15,3,False
SKU-006,2026-04-16,5,False
SKU-006,2026-04-17,6,False
SKU-006,2026-04-18,7,False
SKU-006,2026-04-19,11,False
SKU-006,2026-04-20,5,False
SKU-006,2026-04-21,6,False
SKU-006,2026-04-22,5,False
SKU-006,2026-04-23,3,False
SKU-006,2026-04-24,5,False
SKU-006,2026-04-25,9,False
SKU-006,2026-04-26,3,False
SKU-006,2026-04-27,8,False
SKU-006,2026-04-28,2,False
SKU-006,2026-04-29,9,False
SKU-006,2026-04-30,7,False
SKU-006,2026-05-01,3,False
SKU-006,2026-05-02,4,False
SKU-006,2026-05-03,5,False
SKU-006,2026-05-04,4,False
SKU-006,2026-05-05,4,False
SKU-006,2026-05-06,5,False
SKU-006,2026-05-07,4,False
SKU-006,2026-05-08,5,False
SKU-006,2026-05-09,3,False
SKU-006,2026-05-10,8,False
SKU-006,2026-05-11,10,False
SKU-006,2026-05-12,4,False
SKU-006,2026-05-13,5,False
SKU-006,2026-05-14,5,False
SKU-006,2026-05-15,5,False
SKU-006,2026-05-16,9,False
SKU-006,2026-05-17,,True
SKU-006,2026-05-18,5,False
SKU-006,2026-05-19,2,False
SKU-006,2026-05-20,0,False
SKU-006,2026-05-21,8,False
SKU-006,2026-05-22,7,False
SKU-006,2026-05-23,2,False
SKU-006,2026-05-24,7,False
SKU-006,2026-05-25,9,False
SKU-006,2026-05-26,4,False
SKU-006,2026-05-27,8,False
SKU-006,2026-05-28,5,False
SKU-006,2026-05-29,6,False
SKU-006,2026-05-30,3,False
SKU-006,2026-05-31,5,False
SKU-006,2026-06-01,2,False
SKU-006,2026-06-02,6,False
SKU-006,2026-06-03,4,False
SKU-006,2026-06-04,5,False
SKU-006,2026-06-05,2,False
SKU-006,2026-06-06,3,False
SKU-006,2026-06-07,4,False
SKU-006,2026-06-08,3,False
SKU-006,2026-06-09,4,False
SKU-006,2026-06-10,5,False
SKU-007,2025-06-11,10,False
SKU-007,2025-06-12,19,False
SKU-007,2025-06-13,14,False
SKU-007,2025-06-14,13,False
SKU-007,2025-06-15,15,False
SKU-007,2025-06-16,23,False
SKU-007,2025-06-17,12,False
SKU-007,2025-06-18,16,False
SKU-007,2025-06-19,,True
SKU-007,2025-06-20,13,False
SKU-007,2025-06-21,13,False
SKU-007,2025-06-22,11,False
SKU-007,2025-06-23,12,False
SKU-007,2025-06-24,12,False
SKU-007,2025-06-25,12,False
SKU-007,2025-06-26,17,False
SKU-007,2025-06-27,8,False
SKU-007,2025-06-28,19,False
SKU-007,2025-06-29,11,False
SKU-007,2025-06-30,13,False
SKU-007,2025-07-01,12,False
SKU-007,2025-07-02,7,False
SKU-007,2025-07-03,14,False
SKU-007,2025-07-04,10,False
SKU-007,2025-07-05,16,False
SKU-007,2025-07-06,19,False
SKU-007,2025-07-07,12,False
SKU-007,2025-07-08,8,False
SKU-007,2025-07-09,16,False
SKU-007,2025-07-10,15,False
SKU-007,2025-07-11,13,False
SKU-007,2025-07-12,15,False
SKU-007,2025-07-13,19,False
SKU-007,2025-07-14,16,False
SKU-007,2025-07-15,7,False
SKU-007,2025-07-16,14,False
SKU-007,2025-07-17,17,False
SKU-007,2025-07-18,9,False
SKU-007,2025-07-19,10,False
SKU-007,2025-07-20,8,False
SKU-007,2025-07-21,10,False
SKU-007,2025-07-22,11,False
SKU-007,2025-07-23,,True
SKU-007,2025-07-24,15,False
SKU-007,2025-07-25,22,False
SKU-007,2025-07-26,14,False
SKU-007,2025-07-27,10,False
SKU-007,2025-07-28,12,False
SKU-007,2025-07-29,18,False
SKU-007,2025-07-30,17,False
SKU-007,2025-07-31,8,False
SKU-007,2025-08-01,24,False
SKU-007,2025-08-02,18,False
SKU-007,2025-08-03,24,False
SKU-007,2025-08-04,13,False
SKU-007,2025-08-05,16,False
SKU-007,2025-08-06,22,False
SKU-007,2025-08-07,12,False
SKU-007,2025-08-08,17,False
SKU-007,2025-08-09,9,False
SKU-007,2025-08-10,7,False
SKU-007,2025-08-11,11,False
SKU-007,2025-08-12,10,False
SKU-007,2025-08-13,16,False
SKU-007,2025-08-14,16,False
SKU-007,2025-08-15,16,False
SKU-007,2025-08-16,13,False
SKU-007,2025-08-17,12,False
SKU-007,2025-08-18,14,False
SKU-007,2025-08-19,14,False
SKU-007,2025-08-20,20,False
SKU-007,2025-08-21,18,False
SKU-007,2025-08-22,19,False
SKU-007,2025-08-23,12,False
SKU-007,2025-08-24,13,False
SKU-007,2025-08-25,25,False
SKU-007,2025-08-26,11,False
SKU-007,2025-08-27,15,False
SKU-007,2025-08-28,15,False
SKU-007,2025-08-29,17,False
SKU-007,2025-08-30,16,False
SKU-007,2025-08-31,16,False
SKU-007,2025-09-01,11,False
SKU-007,2025-09-02,9,False
SKU-007,2025-09-03,20,False
SKU-007,2025-09-04,16,False
SKU-007,2025-09-05,24,False
SKU-007,2025-09-06,14,False
SKU-007,2025-09-07,25,False
SKU-007,2025-09-08,14,False
SKU-007,2025-09-09,13,False
SKU-007,2025-09-10,14,False
SKU-007,2025-09-11,9,False
SKU-007,2025-09-12,13,False
SKU-007,2025-09-13,20,False
SKU-007,2025-09-14,26,False
SKU-007,2025-09-15,14,False
SKU-007,2025-09-16,14,False
SKU-007,2025-09-17,12,False
SKU-007,2025-09-18,20,False
SKU-007,2025-09-19,15,False
SKU-007,2025-09-20,20,False
SKU-007,2025-09-21,11,False
SKU-007,2025-09-22,15,False
SKU-007,2025-09-23,17,False
SKU-007,2025-09-24,12,False
SKU-007,2025-09-25,12,False
SKU-007,2025-09-26,13,False
SKU-007,2025-09-27,15,False
SKU-007,2025-09-28,19,False
SKU-007,2025-09-29,17,False
SKU-007,2025-09-30,14,False
SKU-007,2025-10-01,0,False
SKU-007,2025-10-02,15,False
SKU-007,2025-10-03,13,False
SKU-007,2025-10-04,7,False
SKU-007,2025-10-05,10,False
SKU-007,2025-10-06,13,False
SKU-007,2025-10-07,17,False
SKU-007,2025-10-08,10,False
SKU-007,2025-10-09,12,False
SKU-007,2025-10-10,18,False
SKU-007,2025-10-11,14,False
SKU-007,2025-10-12,15,False
SKU-007,2025-10-13,17,False
SKU-007,2025-10-14,14,False
SKU-007,2025-10-15,18,False
SKU-007,2025-10-16,22,False
SKU-007,2025-10-17,7,False
SKU-007,2025-10-18,15,False
SKU-007,2025-10-19,13,False
SKU-007,2025-10-20,21,False
SKU-007,2025-10-21,16,False
SKU-007,2025-10-22,11,False
SKU-007,2025-10-23,16,False
SKU-007,2025-10-24,13,False
SKU-007,2025-10-25,13,False
SKU-007,2025-10-26,18,False
SKU-007,2025-10-27,14,False
SKU-007,2025-10-28,19,False
SKU-007,2025-10-29,4,False
SKU-007,2025-10-30,8,False
SKU-007,2025-10-31,22,False
SKU-007,2025-11-01,16,False
SKU-007,2025-11-02,14,False
SKU-007,2025-11-03,13,False
SKU-007,2025-11-04,23,False
SKU-007,2025-11-05,18,False
SKU-007,2025-11-06,8,False
SKU-007,2025-11-07,19,False
SKU-007,2025-11-08,18,False
SKU-007,2025-11-09,20,False
SKU-007,2025-11-10,15,False
SKU-007,2025-11-11,18,False
SKU-007,2025-11-12,15,False
SKU-007,2025-11-13,14,False
SKU-007,2025-11-14,12,False
SKU-007,2025-11-15,19,False
SKU-007,2025-11-16,14,False
SKU-007,2025-11-17,19,False
SKU-007,2025-11-18,17,False
SKU-007,2025-11-19,20,False
SKU-007,2025-11-20,9,False
SKU-007,2025-11-21,12,False
SKU-007,2025-11-22,11,False
SKU-007,2025-11-23,19,False
SKU-007,2025-11-24,12,False
SKU-007,2025-11-25,,True
SKU-007,2025-11-26,18,False
SKU-007,2025-11-27,6,False
SKU-007,2025-11-28,25,False
SKU-007,2025-11-29,15,False
SKU-007,2025-11-30,19,False
SKU-007,2025-12-01,15,False
SKU-007,2025-12-02,19,False
SKU-007,2025-12-03,15,False
SKU-007,2025-12-04,12,False
SKU-007,2025-12-05,16,False
SKU-007,2025-12-06,12,False
SKU-007,2025-12-07,17,False
SKU-007,2025-12-08,15,False
SKU-007,2025-12-09,5,False
SKU-007,2025-12-10,13,False
SKU-007,2025-12-11,22,False
SKU-007,2025-12-12,16,False
SKU-007,2025-12-13,12,False
SKU-007,2025-12-14,12,False
SKU-007,2025-12-15,12,False
SKU-007,2025-12-16,16,False
SKU-007,2025-12-17,15,False
SKU-007,2025-12-18,17,False
SKU-007,2025-12-19,17,False
SKU-007,2025-12-20,15,False
SKU-007,2025-12-21,17,False
SKU-007,2025-12-22,11,False
SKU-007,2025-12-23,22,False
SKU-007,2025-12-24,16,False
SKU-007,2025-12-25,11,False
SKU-007,2025-12-26,22,False
SKU-007,2025-12-27,17,False
SKU-007,2025-12-28,18,False
SKU-007,2025-12-29,23,False
SKU-007,2025-12-30,20,False
SKU-007,2025-12-31,20,False
SKU-007,2026-01-01,8,False
SKU-007,2026-01-02,17,False
SKU-007,2026-01-03,15,False
SKU-007,2026-01-04,9,False
SKU-007,2026-01-05,13,False
SKU-007,2026-01-06,11,False
SKU-007,2026-01-07,25,False
SKU-007,2026-01-08,17,False
SKU-007,2026-01-09,13,False
SKU-007,2026-01-10,12,False
SKU-007,2026-01-11,15,False
SKU-007,2026-01-12,17,False
SKU-007,2026-01-13,16,False
SKU-007,2026-01-14,18,False
SKU-007,2026-01-15,16,False
SKU-007,2026-01-16,15,False
SKU-007,2026-01-17,11,False
SKU-007,2026-01-18,12,False
SKU-007,2026-01-19,20,False
SKU-007,2026-01-20,18,False
SKU-007,2026-01-21,13,False
SKU-007,2026-01-22,13,False
SKU-007,2026-01-23,15,False
SKU-007,2026-01-24,12,False
SKU-007,2026-01-25,16,False
SKU-007,2026-01-26,7,False
SKU-007,2026-01-27,17,False
SKU-007,2026-01-28,21,False
SKU-007,2026-01-29,19,False
SKU-007,2026-01-30,11,False
SKU-007,2026-01-31,14,False
SKU-007,2026-02-01,12,False
SKU-007,2026-02-02,14,False
SKU-007,2026-02-03,11,False
SKU-007,2026-02-04,13,False
SKU-007,2026-02-05,14,False
SKU-007,2026-02-06,,True
SKU-007,2026-02-07,19,False
SKU-007,2026-02-08,,True
SKU-007,2026-02-09,17,False
SKU-007,2026-02-10,15,False
SKU-007,2026-02-11,11,False
SKU-007,2026-02-12,10,False
SKU-007,2026-02-13,13,False
SKU-007,2026-02-14,9,False
SKU-007,2026-02-15,13,False
SKU-007,2026-02-16,19,False
SKU-007,2026-02-17,18,False
SKU-007,2026-02-18,21,False
SKU-007,2026-02-19,21,False
SKU-007,2026-02-20,19,False
SKU-007,2026-02-21,18,False
SKU-007,2026-02-22,8,False
SKU-007,2026-02-23,13,False
SKU-007,2026-02-24,13,False
SKU-007,2026-02-25,13,False
SKU-007,2026-02-26,5,False
SKU-007,2026-02-27,15,False
SKU-007,2026-02-28,20,False
SKU-007,2026-03-01,17,False
SKU-007,2026-03-02,10,False
SKU-007,2026-03-03,20,False
SKU-007,2026-03-04,16,False
SKU-007,2026-03-05,15,False
SKU-007,2026-03-06,16,False
SKU-007,2026-03-07,14,False
SKU-007,2026-03-08,17,False
SKU-007,2026-03-09,20,False
SKU-007,2026-03-10,18,False
SKU-007,2026-03-11,21,False
SKU-007,2026-03-12,12,False
SKU-007,2026-03-13,11,False
SKU-007,2026-03-14,17,False
SKU-007,2026-03-15,13,False
SKU-007,2026-03-16,13,False
SKU-007,2026-03-17,17,False
SKU-007,2026-03-18,12,False
SKU-007,2026-03-19,18,False
SKU-007,2026-03-20,9,False
SKU-007,2026-03-21,20,False
SKU-007,2026-03-22,10,False
SKU-007,2026-03-23,11,False
SKU-007,2026-03-24,18,False
SKU-007,2026-03-25,13,False
SKU-007,2026-03-26,9,False
SKU-007,2026-03-27,19,False
SKU-007,2026-03-28,0,False
SKU-007,2026-03-29,13,False
SKU-007,2026-03-30,16,False
SKU-007,2026-03-31,23,False
SKU-007,2026-04-01,13,False
SKU-007,2026-04-02,11,False
SKU-007,2026-04-03,17,False
SKU-007,2026-04-04,13,False
SKU-007,2026-04-05,17,False
SKU-007,2026-04-06,18,False
SKU-007,2026-04-07,15,False
SKU-007,2026-04-08,13,False
SKU-007,2026-04-09,14,False
SKU-007,2026-04-10,7,False
SKU-007,2026-04-11,18,False
SKU-007,2026-04-12,8,False
SKU-007,2026-04-13,11,False
SKU-007,2026-04-14,12,False
SKU-007,2026-04-15,16,False
SKU-007,2026-04-16,15,False
SKU-007,2026-04-17,16,False
SKU-007,2026-04-18,10,False
SKU-007,2026-04-19,15,False
SKU-007,2026-04-20,,True
SKU-007,2026-04-21,15,False
SKU-007,2026-04-22,10,False
SKU-007,2026-04-23,12,False
SKU-007,2026-04-24,14,False
SKU-007,2026-04-25,22,False
SKU-007,2026-04-26,17,False
SKU-007,2026-04-27,10,False
SKU-007,2026-04-28,11,False
SKU-007,2026-04-29,13,False
SKU-007,2026-04-30,16,False
SKU-007,2026-05-01,19,False
SKU-007,2026-05-02,16,False
SKU-007,2026-05-03,15,False
SKU-007,2026-05-04,12,False
SKU-007,2026-05-05,8,False
SKU-007,2026-05-06,15,False
SKU-007,2026-05-07,14,False
SKU-007,2026-05-08,11,False
SKU-007,2026-05-09,10,False
SKU-007,2026-05-10,24,False
SKU-007,2026-05-11,11,False
SKU-007,2026-05-12,16,False
SKU-007,2026-05-13,18,False
SKU-007,2026-05-14,15,False
SKU-007,2026-05-15,19,False
SKU-007,2026-05-16,14,False
SKU-007,2026-05-17,16,False
SKU-007,2026-05-18,12,False
SKU-007,2026-05-19,16,False
SKU-007,2026-05-20,13,False
SKU-007,2026-05-21,23,False
SKU-007,2026-05-22,,True
SKU-007,2026-05-23,14,False
SKU-007,2026-05-24,12,False
SKU-007,2026-05-25,16,False
SKU-007,2026-05-26,20,False
SKU-007,2026-05-27,14,False
SKU-007,2026-05-28,20,False
SKU-007,2026-05-29,14,False
SKU-007,2026-05-30,14,False
SKU-007,2026-05-31,17,False
SKU-007,2026-06-01,15,False
SKU-007,2026-06-02,13,False
SKU-007,2026-06-03,,True
SKU-007,2026-06-04,12,False
SKU-007,2026-06-05,17,False
SKU-007,2026-06-06,15,False
SKU-007,2026-06-07,14,False
SKU-007,2026-06-08,15,False
SKU-007,2026-06-09,19,False
SKU-007,2026-06-10,11,False
SKU-008,2025-06-11,12,False
SKU-008,2025-06-12,4,False
SKU-008,2025-06-13,7,False
SKU-008,2025-06-14,7,False
SKU-008,2025-06-15,10,False
SKU-008,2025-06-16,9,False
SKU-008,2025-06-17,9,False
SKU-008,2025-06-18,8,False
SKU-008,2025-06-19,16,False
SKU-008,2025-06-20,3,False
SKU-008,2025-06-21,3,False
SKU-008,2025-06-22,11,False
SKU-008,2025-06-23,8,False
SKU-008,2025-06-24,11,False
SKU-008,2025-06-25,5,False
SKU-008,2025-06-26,12,False
SKU-008,2025-06-27,7,False
SKU-008,2025-06-28,8,False
SKU-008,2025-06-29,10,False
SKU-008,2025-06-30,7,False
SKU-008,2025-07-01,12,False
SKU-008,2025-07-02,3,False
SKU-008,2025-07-03,7,False
SKU-008,2025-07-04,8,False
SKU-008,2025-07-05,5,False
SKU-008,2025-07-06,11,False
SKU-008,2025-07-07,9,False
SKU-008,2025-07-08,7,False
SKU-008,2025-07-09,13,False
SKU-008,2025-07-10,6,False
SKU-008,2025-07-11,15,False
SKU-008,2025-07-12,12,False
SKU-008,2025-07-13,7,False
SKU-008,2025-07-14,16,False
SKU-008,2025-07-15,7,False
SKU-008,2025-07-16,10,False
SKU-008,2025-07-17,8,False
SKU-008,2025-07-18,7,False
SKU-008,2025-07-19,8,False
SKU-008,2025-07-20,10,False
SKU-008,2025-07-21,15,False
SKU-008,2025-07-22,6,False
SKU-008,2025-07-23,10,False
SKU-008,2025-07-24,5,False
SKU-008,2025-07-25,14,False
SKU-008,2025-07-26,10,False
SKU-008,2025-07-27,,True
SKU-008,2025-07-28,9,False
SKU-008,2025-07-29,13,False
SKU-008,2025-07-30,10,False
SKU-008,2025-07-31,8,False
SKU-008,2025-08-01,12,False
SKU-008,2025-08-02,7,False
SKU-008,2025-08-03,10,False
SKU-008,2025-08-04,13,False
SKU-008,2025-08-05,7,False
SKU-008,2025-08-06,11,False
SKU-008,2025-08-07,6,False
SKU-008,2025-08-08,7,False
SKU-008,2025-08-09,6,False
SKU-008,2025-08-10,9,False
SKU-008,2025-08-11,13,False
SKU-008,2025-08-12,9,False
SKU-008,2025-08-13,5,False
SKU-008,2025-08-14,8,False
SKU-008,2025-08-15,8,False
SKU-008,2025-08-16,12,False
SKU-008,2025-08-17,5,False
SKU-008,2025-08-18,10,False
SKU-008,2025-08-19,7,False
SKU-008,2025-08-20,8,False
SKU-008,2025-08-21,8,False
SKU-008,2025-08-22,7,False
SKU-008,2025-08-23,8,False
SKU-008,2025-08-24,7,False
SKU-008,2025-08-25,10,False
SKU-008,2025-08-26,12,False
SKU-008,2025-08-27,6,False
SKU-008,2025-08-28,8,False
SKU-008,2025-08-29,9,False
SKU-008,2025-08-30,3,False
SKU-008,2025-08-31,5,False
SKU-008,2025-09-01,8,False
SKU-008,2025-09-02,8,False
SKU-008,2025-09-03,4,False
SKU-008,2025-09-04,3,False
SKU-008,2025-09-05,10,False
SKU-008,2025-09-06,6,False
SKU-008,2025-09-07,5,False
SKU-008,2025-09-08,6,False
SKU-008,2025-09-09,4,False
SKU-008,2025-09-10,3,False
SKU-008,2025-09-11,8,False
SKU-008,2025-09-12,7,False
SKU-008,2025-09-13,10,False
SKU-008,2025-09-14,,True
SKU-008,2025-09-15,3,False
SKU-008,2025-09-16,6,False
SKU-008,2025-09-17,9,False
SKU-008,2025-09-18,9,False
SKU-008,2025-09-19,7,False
SKU-008,2025-09-20,3,False
SKU-008,2025-09-21,3,False
SKU-008,2025-09-22,7,False
SKU-008,2025-09-23,8,False
SKU-008,2025-09-24,3,False
SKU-008,2025-09-25,1,False
SKU-008,2025-09-26,7,False
SKU-008,2025-09-27,5,False
SKU-008,2025-09-28,2,False
SKU-008,2025-09-29,2,False
SKU-008,2025-09-30,6,False
SKU-008,2025-10-01,7,False
SKU-008,2025-10-02,6,False
SKU-008,2025-10-03,5,False
SKU-008,2025-10-04,6,False
SKU-008,2025-10-05,5,False
SKU-008,2025-10-06,6,False
SKU-008,2025-10-07,6,False
SKU-008,2025-10-08,1,False
SKU-008,2025-10-09,3,False
SKU-008,2025-10-10,3,False
SKU-008,2025-10-11,1,False
SKU-008,2025-10-12,2,False
SKU-008,2025-10-13,0,False
SKU-008,2025-10-14,2,False
SKU-008,2025-10-15,2,False
SKU-008,2025-10-16,3,False
SKU-008,2025-10-17,4,False
SKU-008,2025-10-18,2,False
SKU-008,2025-10-19,2,False
SKU-008,2025-10-20,,True
SKU-008,2025-10-21,0,False
SKU-008,2025-10-22,3,False
SKU-008,2025-10-23,3,False
SKU-008,2025-10-24,5,False
SKU-008,2025-10-25,3,False
SKU-008,2025-10-26,3,False
SKU-008,2025-10-27,3,False
SKU-008,2025-10-28,4,False
SKU-008,2025-10-29,2,False
SKU-008,2025-10-30,7,False
SKU-008,2025-10-31,4,False
SKU-008,2025-11-01,3,False
SKU-008,2025-11-02,3,False
SKU-008,2025-11-03,2,False
SKU-008,2025-11-04,6,False
SKU-008,2025-11-05,2,False
SKU-008,2025-11-06,2,False
SKU-008,2025-11-07,2,False
SKU-008,2025-11-08,3,False
SKU-008,2025-11-09,4,False
SKU-008,2025-11-10,0,False
SKU-008,2025-11-11,3,False
SKU-008,2025-11-12,7,False
SKU-008,2025-11-13,6,False
SKU-008,2025-11-14,0,False
SKU-008,2025-11-15,4,False
SKU-008,2025-11-16,5,False
SKU-008,2025-11-17,6,False
SKU-008,2025-11-18,2,False
SKU-008,2025-11-19,7,False
SKU-008,2025-11-20,2,False
SKU-008,2025-11-21,7,False
SKU-008,2025-11-22,5,False
SKU-008,2025-11-23,0,False
SKU-008,2025-11-24,7,False
SKU-008,2025-11-25,8,False
SKU-008,2025-11-26,8,False
SKU-008,2025-11-27,5,False
SKU-008,2025-11-28,6,False
SKU-008,2025-11-29,8,False
SKU-008,2025-11-30,11,False
SKU-008,2025-12-01,6,False
SKU-008,2025-12-02,4,False
SKU-008,2025-12-03,10,False
SKU-008,2025-12-04,5,False
SKU-008,2025-12-05,2,False
SKU-008,2025-12-06,,True
SKU-008,2025-12-07,10,False
SKU-008,2025-12-08,5,False
SKU-008,2025-12-09,6,False
SKU-008,2025-12-10,7,False
SKU-008,2025-12-11,5,False
SKU-008,2025-12-12,10,False
SKU-008,2025-12-13,6,False
SKU-008,2025-12-14,9,False
SKU-008,2025-12-15,6,False
SKU-008,2025-12-16,8,False
SKU-008,2025-12-17,12,False
SKU-008,2025-12-18,8,False
SKU-008,2025-12-19,6,False
SKU-008,2025-12-20,10,False
SKU-008,2025-12-21,7,False
SKU-008,2025-12-22,10,False
SKU-008,2025-12-23,6,False
SKU-008,2025-12-24,11,False
SKU-008,2025-12-25,8,False
SKU-008,2025-12-26,7,False
SKU-008,2025-12-27,10,False
SKU-008,2025-12-28,12,False
SKU-008,2025-12-29,7,False
SKU-008,2025-12-30,4,False
SKU-008,2025-12-31,8,False
SKU-008,2026-01-01,4,False
SKU-008,2026-01-02,9,False
SKU-008,2026-01-03,5,False
SKU-008,2026-01-04,12,False
SKU-008,2026-01-05,7,False
SKU-008,2026-01-06,8,False
SKU-008,2026-01-07,6,False
SKU-008,2026-01-08,12,False
SKU-008,2026-01-09,6,False
SKU-008,2026-01-10,8,False
SKU-008,2026-01-11,5,False
SKU-008,2026-01-12,9,False
SKU-008,2026-01-13,10,False
SKU-008,2026-01-14,8,False
SKU-008,2026-01-15,10,False
SKU-008,2026-01-16,11,False
SKU-008,2026-01-17,11,False
SKU-008,2026-01-18,7,False
SKU-008,2026-01-19,14,False
SKU-008,2026-01-20,7,False
SKU-008,2026-01-21,12,False
SKU-008,2026-01-22,13,False
SKU-008,2026-01-23,9,False
SKU-008,2026-01-24,5,False
SKU-008,2026-01-25,6,False
SKU-008,2026-01-26,7,False
SKU-008,2026-01-27,9,False
SKU-008,2026-01-28,14,False
SKU-008,2026-01-29,8,False
SKU-008,2026-01-30,5,False
SKU-008,2026-01-31,10,False
SKU-008,2026-02-01,11,False
SKU-008,2026-02-02,9,False
SKU-008,2026-02-03,10,False
SKU-008,2026-02-04,6,False
SKU-008,2026-02-05,14,False
SKU-008,2026-02-06,13,False
SKU-008,2026-02-07,9,False
SKU-008,2026-02-08,9,False
SKU-008,2026-02-09,6,False
SKU-008,2026-02-10,8,False
SKU-008,2026-02-11,8,False
SKU-008,2026-02-12,6,False
SKU-008,2026-02-13,6,False
SKU-008,2026-02-14,16,False
SKU-008,2026-02-15,,True
SKU-008,2026-02-16,10,False
SKU-008,2026-02-17,7,False
SKU-008,2026-02-18,9,False
SKU-008,2026-02-19,7,False
SKU-008,2026-02-20,8,False
SKU-008,2026-02-21,4,False
SKU-008,2026-02-22,13,False
SKU-008,2026-02-23,7,False
SKU-008,2026-02-24,5,False
SKU-008,2026-02-25,5,False
SKU-008,2026-02-26,10,False
SKU-008,2026-02-27,9,False
SKU-008,2026-02-28,10,False
SKU-008,2026-03-01,13,False
SKU-008,2026-03-02,15,False
SKU-008,2026-03-03,8,False
SKU-008,2026-03-04,7,False
SKU-008,2026-03-05,0,False
SKU-008,2026-03-06,10,False
SKU-008,2026-03-07,4,False
SKU-008,2026-03-08,8,False
SKU-008,2026-03-09,5,False
SKU-008,2026-03-10,7,False
SKU-008,2026-03-11,4,False
SKU-008,2026-03-12,7,False
SKU-008,2026-03-13,1,False
SKU-008,2026-03-14,3,False
SKU-008,2026-03-15,3,False
SKU-008,2026-03-16,7,False
SKU-008,2026-03-17,2,False
SKU-008,2026-03-18,4,False
SKU-008,2026-03-19,5,False
SKU-008,2026-03-20,4,False
SKU-008,2026-03-21,9,False
SKU-008,2026-03-22,5,False
SKU-008,2026-03-23,6,False
SKU-008,2026-03-24,4,False
SKU-008,2026-03-25,6,False
SKU-008,2026-03-26,4,False
SKU-008,2026-03-27,4,False
SKU-008,2026-03-28,5,False
SKU-008,2026-03-29,2,False
SKU-008,2026-03-30,5,False
SKU-008,2026-03-31,0,False
SKU-008,2026-04-01,7,False
SKU-008,2026-04-02,9,False
SKU-008,2026-04-03,5,False
SKU-008,2026-04-04,3,False
SKU-008,2026-04-05,4,False
SKU-008,2026-04-06,10,False
SKU-008,2026-04-07,6,False
SKU-008,2026-04-08,4,False
SKU-008,2026-04-09,5,False
SKU-008,2026-04-10,3,False
SKU-008,2026-04-11,5,False
SKU-008,2026-04-12,5,False
SKU-008,2026-04-13,4,False
SKU-008,2026-04-14,5,False
SKU-008,2026-04-15,5,False
SKU-008,2026-04-16,3,False
SKU-008,2026-04-17,1,False
SKU-008,2026-04-18,3,False
SKU-008,2026-04-19,4,False
SKU-008,2026-04-20,5,False
SKU-008,2026-04-21,5,False
SKU-008,2026-04-22,4,False
SKU-008,2026-04-23,6,False
SKU-008,2026-04-24,3,False
SKU-008,2026-04-25,2,False
SKU-008,2026-04-26,4,False
SKU-008,2026-04-27,4,False
SKU-008,2026-04-28,3,False
SKU-008,2026-04-29,0,False
SKU-008,2026-04-30,3,False
SKU-008,2026-05-01,1,False
SKU-008,2026-05-02,8,False
SKU-008,2026-05-03,4,False
SKU-008,2026-05-04,7,False
SKU-008,2026-05-05,3,False
SKU-008,2026-05-06,0,False
SKU-008,2026-05-07,0,False
SKU-008,2026-05-08,5,False
SKU-008,2026-05-09,2,False
SKU-008,2026-05-10,3,False
SKU-008,2026-05-11,2,False
SKU-008,2026-05-12,4,False
SKU-008,2026-05-13,1,False
SKU-008,2026-05-14,4,False
SKU-008,2026-05-15,3,False
SKU-008,2026-05-16,5,False
SKU-008,2026-05-17,4,False
SKU-008,2026-05-18,3,False
SKU-008,2026-05-19,5,False
SKU-008,2026-05-20,6,False
SKU-008,2026-05-21,5,False
SKU-008,2026-05-22,8,False
SKU-008,2026-05-23,0,False
SKU-008,2026-05-24,9,False
SKU-008,2026-05-25,9,False
SKU-008,2026-05-26,8,False
SKU-008,2026-05-27,3,False
SKU-008,2026-05-28,5,False
SKU-008,2026-05-29,4,False
SKU-008,2026-05-30,2,False
SKU-008,2026-05-31,1,False
SKU-008,2026-06-01,10,False
SKU-008,2026-06-02,3,False
SKU-008,2026-06-03,10,False
SKU-008,2026-06-04,8,False
SKU-008,2026-06-05,13,False
SKU-008,2026-06-06,9,False
SKU-008,2026-06-07,0,False
SKU-008,2026-06-08,7,False
SKU-008,2026-06-09,5,False
SKU-008,2026-06-10,7,False
SKU-009,2025-06-11,1,False
SKU-009,2025-06-12,0,False
SKU-009,2025-06-13,6,False
SKU-009,2025-06-14,5,False
SKU-009,2025-06-15,5,False
SKU-009,2025-06-16,3,False
SKU-009,2025-06-17,3,False
SKU-009,2025-06-18,2,False
SKU-009,2025-06-19,2,False
SKU-009,2025-06-20,3,False
SKU-009,2025-06-21,0,False
SKU-009,2025-06-22,5,False
SKU-009,2025-06-23,4,False
SKU-009,2025-06-24,4,False
SKU-009,2025-06-25,1,False
SKU-009,2025-06-26,4,False
SKU-009,2025-06-27,3,False
SKU-009,2025-06-28,2,False
SKU-009,2025-06-29,6,False
SKU-009,2025-06-30,6,False
SKU-009,2025-07-01,1,False
SKU-009,2025-07-02,5,False
SKU-009,2025-07-03,6,False
SKU-009,2025-07-04,5,False
SKU-009,2025-07-05,7,False
SKU-009,2025-07-06,2,False
SKU-009,2025-07-07,2,False
SKU-009,2025-07-08,2,False
SKU-009,2025-07-09,4,False
SKU-009,2025-07-10,1,False
SKU-009,2025-07-11,3,False
SKU-009,2025-07-12,4,False
SKU-009,2025-07-13,0,False
SKU-009,2025-07-14,7,False
SKU-009,2025-07-15,5,False
SKU-009,2025-07-16,4,False
SKU-009,2025-07-17,3,False
SKU-009,2025-07-18,2,False
SKU-009,2025-07-19,7,False
SKU-009,2025-07-20,7,False
SKU-009,2025-07-21,7,False
SKU-009,2025-07-22,7,False
SKU-009,2025-07-23,8,False
SKU-009,2025-07-24,6,False
SKU-009,2025-07-25,7,False
SKU-009,2025-07-26,6,False
SKU-009,2025-07-27,6,False
SKU-009,2025-07-28,8,False
SKU-009,2025-07-29,1,False
SKU-009,2025-07-30,5,False
SKU-009,2025-07-31,1,False
SKU-009,2025-08-01,7,False
SKU-009,2025-08-02,2,False
SKU-009,2025-08-03,11,False
SKU-009,2025-08-04,7,False
SKU-009,2025-08-05,1,False
SKU-009,2025-08-06,5,False
SKU-009,2025-08-07,6,False
SKU-009,2025-08-08,4,False
SKU-009,2025-08-09,2,False
SKU-009,2025-08-10,6,False
SKU-009,2025-08-11,6,False
SKU-009,2025-08-12,5,False
SKU-009,2025-08-13,,True
SKU-009,2025-08-14,6,False
SKU-009,2025-08-15,6,False
SKU-009,2025-08-16,1,False
SKU-009,2025-08-17,8,False
SKU-009,2025-08-18,6,False
SKU-009,2025-08-19,9,False
SKU-009,2025-08-20,9,False
SKU-009,2025-08-21,4,False
SKU-009,2025-08-22,0,False
SKU-009,2025-08-23,5,False
SKU-009,2025-08-24,5,False
SKU-009,2025-08-25,6,False
SKU-009,2025-08-26,4,False
SKU-009,2025-08-27,5,False
SKU-009,2025-08-28,4,False
SKU-009,2025-08-29,5,False
SKU-009,2025-08-30,5,False
SKU-009,2025-08-31,7,False
SKU-009,2025-09-01,8,False
SKU-009,2025-09-02,5,False
SKU-009,2025-09-03,9,False
SKU-009,2025-09-04,6,False
SKU-009,2025-09-05,3,False
SKU-009,2025-09-06,9,False
SKU-009,2025-09-07,5,False
SKU-009,2025-09-08,0,False
SKU-009,2025-09-09,4,False
SKU-009,2025-09-10,6,False
SKU-009,2025-09-11,4,False
SKU-009,2025-09-12,4,False
SKU-009,2025-09-13,3,False
SKU-009,2025-09-14,9,False
SKU-009,2025-09-15,5,False
SKU-009,2025-09-16,0,False
SKU-009,2025-09-17,3,False
SKU-009,2025-09-18,6,False
SKU-009,2025-09-19,8,False
SKU-009,2025-09-20,4,False
SKU-009,2025-09-21,5,False
SKU-009,2025-09-22,2,False
SKU-009,2025-09-23,8,False
SKU-009,2025-09-24,8,False
SKU-009,2025-09-25,7,False
SKU-009,2025-09-26,3,False
SKU-009,2025-09-27,8,False
SKU-009,2025-09-28,3,False
SKU-009,2025-09-29,4,False
SKU-009,2025-09-30,4,False
SKU-009,2025-10-01,10,False
SKU-009,2025-10-02,8,False
SKU-009,2025-10-03,1,False
SKU-009,2025-10-04,3,False
SKU-009,2025-10-05,5,False
SKU-009,2025-10-06,3,False
SKU-009,2025-10-07,8,False
SKU-009,2025-10-08,3,False
SKU-009,2025-10-09,12,False
SKU-009,2025-10-10,5,False
SKU-009,2025-10-11,5,False
SKU-009,2025-10-12,5,False
SKU-009,2025-10-13,7,False
SKU-009,2025-10-14,1,False
SKU-009,2025-10-15,5,False
SKU-009,2025-10-16,5,False
SKU-009,2025-10-17,6,False
SKU-009,2025-10-18,7,False
SKU-009,2025-10-19,3,False
SKU-009,2025-10-20,5,False
SKU-009,2025-10-21,5,False
SKU-009,2025-10-22,4,False
SKU-009,2025-10-23,7,False
SKU-009,2025-10-24,3,False
SKU-009,2025-10-25,2,False
SKU-009,2025-10-26,6,False
SKU-009,2025-10-27,7,False
SKU-009,2025-10-28,4,False
SKU-009,2025-10-29,4,False
SKU-009,2025-10-30,10,False
SKU-009,2025-10-31,5,False
SKU-009,2025-11-01,4,False
SKU-009,2025-11-02,10,False
SKU-009,2025-11-03,7,False
SKU-009,2025-11-04,6,False
SKU-009,2025-11-05,6,False
SKU-009,2025-11-06,6,False
SKU-009,2025-11-07,7,False
SKU-009,2025-11-08,6,False
SKU-009,2025-11-09,11,False
SKU-009,2025-11-10,0,False
SKU-009,2025-11-11,5,False
SKU-009,2025-11-12,5,False
SKU-009,2025-11-13,8,False
SKU-009,2025-11-14,4,False
SKU-009,2025-11-15,8,False
SKU-009,2025-11-16,3,False
SKU-009,2025-11-17,6,False
SKU-009,2025-11-18,3,False
SKU-009,2025-11-19,1,False
SKU-009,2025-11-20,1,False
SKU-009,2025-11-21,1,False
SKU-009,2025-11-22,5,False
SKU-009,2025-11-23,4,False
SKU-009,2025-11-24,8,False
SKU-009,2025-11-25,6,False
SKU-009,2025-11-26,5,False
SKU-009,2025-11-27,5,False
SKU-009,2025-11-28,6,False
SKU-009,2025-11-29,2,False
SKU-009,2025-11-30,6,False
SKU-009,2025-12-01,3,False
SKU-009,2025-12-02,1,False
SKU-009,2025-12-03,5,False
SKU-009,2025-12-04,5,False
SKU-009,2025-12-05,3,False
SKU-009,2025-12-06,2,False
SKU-009,2025-12-07,5,False
SKU-009,2025-12-08,1,False
SKU-009,2025-12-09,2,False
SKU-009,2025-12-10,3,False
SKU-009,2025-12-11,5,False
SKU-009,2025-12-12,3,False
SKU-009,2025-12-13,6,False
SKU-009,2025-12-14,5,False
SKU-009,2025-12-15,4,False
SKU-009,2025-12-16,6,False
SKU-009,2025-12-17,2,False
SKU-009,2025-12-18,5,False
SKU-009,2025-12-19,1,False
SKU-009,2025-12-20,3,False
SKU-009,2025-12-21,4,False
SKU-009,2025-12-22,3,False
SKU-009,2025-12-23,4,False
SKU-009,2025-12-24,2,False
SKU-009,2025-12-25,5,False
SKU-009,2025-12-26,4,False
SKU-009,2025-12-27,4,False
SKU-009,2025-12-28,2,False
SKU-009,2025-12-29,3,False
SKU-009,2025-12-30,6,False
SKU-009,2025-12-31,3,False
SKU-009,2026-01-01,2,False
SKU-009,2026-01-02,1,False
SKU-009,2026-01-03,5,False
SKU-009,2026-01-04,2,False
SKU-009,2026-01-05,4,False
SKU-009,2026-01-06,2,False
SKU-009,2026-01-07,3,False
SKU-009,2026-01-08,2,False
SKU-009,2026-01-09,0,False
SKU-009,2026-01-10,4,False
SKU-009,2026-01-11,5,False
SKU-009,2026-01-12,3,False
SKU-009,2026-01-13,4,False
SKU-009,2026-01-14,2,False
SKU-009,2026-01-15,0,False
SKU-009,2026-01-16,3,False
SKU-009,2026-01-17,3,False
SKU-009,2026-01-18,4,False
SKU-009,2026-01-19,4,False
SKU-009,2026-01-20,1,False
SKU-009,2026-01-21,1,False
SKU-009,2026-01-22,3,False
SKU-009,2026-01-23,5,False
SKU-009,2026-01-24,2,False
SKU-009,2026-01-25,0,False
SKU-009,2026-01-26,4,False
SKU-009,2026-01-27,4,False
SKU-009,2026-01-28,0,False
SKU-009,2026-01-29,3,False
SKU-009,2026-01-30,4,False
SKU-009,2026-01-31,0,False
SKU-009,2026-02-01,2,False
SKU-009,2026-02-02,4,False
SKU-009,2026-02-03,1,False
SKU-009,2026-02-04,3,False
SKU-009,2026-02-05,1,False
SKU-009,2026-02-06,2,False
SKU-009,2026-02-07,1,False
SKU-009,2026-02-08,1,False
SKU-009,2026-02-09,2,False
SKU-009,2026-02-10,1,False
SKU-009,2026-02-11,4,False
SKU-009,2026-02-12,3,False
SKU-009,2026-02-13,2,False
SKU-009,2026-02-14,0,False
SKU-009,2026-02-15,2,False
SKU-009,2026-02-16,0,False
SKU-009,2026-02-17,2,False
SKU-009,2026-02-18,1,False
SKU-009,2026-02-19,6,False
SKU-009,2026-02-20,0,False
SKU-009,2026-02-21,1,False
SKU-009,2026-02-22,0,False
SKU-009,2026-02-23,2,False
SKU-009,2026-02-24,0,False
SKU-009,2026-02-25,0,False
SKU-009,2026-02-26,0,False
SKU-009,2026-02-27,4,False
SKU-009,2026-02-28,1,False
SKU-009,2026-03-01,3,False
SKU-009,2026-03-02,1,False
SKU-009,2026-03-03,3,False
SKU-009,2026-03-04,2,False
SKU-009,2026-03-05,1,False
SKU-009,2026-03-06,0,False
SKU-009,2026-03-07,1,False
SKU-009,2026-03-08,1,False
SKU-009,2026-03-09,4,False
SKU-009,2026-03-10,,True
SKU-009,2026-03-11,0,False
SKU-009,2026-03-12,0,False
SKU-009,2026-03-13,3,False
SKU-009,2026-03-14,2,False
SKU-009,2026-03-15,2,False
SKU-009,2026-03-16,3,False
SKU-009,2026-03-17,0,False
SKU-009,2026-03-18,0,False
SKU-009,2026-03-19,1,False
SKU-009,2026-03-20,1,False
SKU-009,2026-03-21,2,False
SKU-009,2026-03-22,0,False
SKU-009,2026-03-23,2,False
SKU-009,2026-03-24,3,False
SKU-009,2026-03-25,0,False
SKU-009,2026-03-26,1,False
SKU-009,2026-03-27,1,False
SKU-009,2026-03-28,2,False
SKU-009,2026-03-29,1,False
SKU-009,2026-03-30,2,False
SKU-009,2026-03-31,2,False
SKU-009,2026-04-01,4,False
SKU-009,2026-04-02,3,False
SKU-009,2026-04-03,4,False
SKU-009,2026-04-04,3,False
SKU-009,2026-04-05,3,False
SKU-009,2026-04-06,2,False
SKU-009,2026-04-07,2,False
SKU-009,2026-04-08,0,False
SKU-009,2026-04-09,3,False
SKU-009,2026-04-10,1,False
SKU-009,2026-04-11,4,False
SKU-009,2026-04-12,0,False
SKU-009,2026-04-13,3,False
SKU-009,2026-04-14,3,False
SKU-009,2026-04-15,1,False
SKU-009,2026-04-16,,True
SKU-009,2026-04-17,2,False
SKU-009,2026-04-18,3,False
SKU-009,2026-04-19,0,False
SKU-009,2026-04-20,1,False
SKU-009,2026-04-21,0,False
SKU-009,2026-04-22,2,False
SKU-009,2026-04-23,0,False
SKU-009,2026-04-24,4,False
SKU-009,2026-04-25,1,False
SKU-009,2026-04-26,3,False
SKU-009,2026-04-27,3,False
SKU-009,2026-04-28,2,False
SKU-009,2026-04-29,2,False
SKU-009,2026-04-30,0,False
SKU-009,2026-05-01,2,False
SKU-009,2026-05-02,3,False
SKU-009,2026-05-03,1,False
SKU-009,2026-05-04,7,False
SKU-009,2026-05-05,1,False
SKU-009,2026-05-06,6,False
SKU-009,2026-05-07,3,False
SKU-009,2026-05-08,1,False
SKU-009,2026-05-09,4,False
SKU-009,2026-05-10,2,False
SKU-009,2026-05-11,2,False
SKU-009,2026-05-12,2,False
SKU-009,2026-05-13,2,False
SKU-009,2026-05-14,2,False
SKU-009,2026-05-15,7,False
SKU-009,2026-05-16,5,False
SKU-009,2026-05-17,4,False
SKU-009,2026-05-18,3,False
SKU-009,2026-05-19,2,False
SKU-009,2026-05-20,6,False
SKU-009,2026-05-21,3,False
SKU-009,2026-05-22,0,False
SKU-009,2026-05-23,1,False
SKU-009,2026-05-24,2,False
SKU-009,2026-05-25,3,False
SKU-009,2026-05-26,2,False
SKU-009,2026-05-27,2,False
SKU-009,2026-05-28,2,False
SKU-009,2026-05-29,6,False
SKU-009,2026-05-30,4,False
SKU-009,2026-05-31,3,False
SKU-009,2026-06-01,2,False
SKU-009,2026-06-02,6,False
SKU-009,2026-06-03,5,False
SKU-009,2026-06-04,4,False
SKU-009,2026-06-05,6,False
SKU-009,2026-06-06,1,False
SKU-009,2026-06-07,7,False
SKU-009,2026-06-08,5,False
SKU-009,2026-06-09,4,False
SKU-009,2026-06-10,3,False
SKU-010,2025-06-11,8,False
SKU-010,2025-06-12,1,False
SKU-010,2025-06-13,4,False
SKU-010,2025-06-14,4,False
SKU-010,2025-06-15,6,False
SKU-010,2025-06-16,9,False
SKU-010,2025-06-17,8,False
SKU-010,2025-06-18,3,False
SKU-010,2025-06-19,5,False
SKU-010,2025-06-20,3,False
SKU-010,2025-06-21,8,False
SKU-010,2025-06-22,2,False
SKU-010,2025-06-23,12,False
SKU-010,2025-06-24,11,False
SKU-010,2025-06-25,7,False
SKU-010,2025-06-26,12,False
SKU-010,2025-06-27,7,False
SKU-010,2025-06-28,5,False
SKU-010,2025-06-29,8,False
SKU-010,2025-06-30,6,False
SKU-010,2025-07-01,10,False
SKU-010,2025-07-02,8,False
SKU-010,2025-07-03,,True
SKU-010,2025-07-04,5,False
SKU-010,2025-07-05,9,False
SKU-010,2025-07-06,8,False
SKU-010,2025-07-07,5,False
SKU-010,2025-07-08,9,False
SKU-010,2025-07-09,6,False
SKU-010,2025-07-10,7,False
SKU-010,2025-07-11,5,False
SKU-010,2025-07-12,2,False
SKU-010,2025-07-13,7,False
SKU-010,2025-07-14,5,False
SKU-010,2025-07-15,9,False
SKU-010,2025-07-16,8,False
SKU-010,2025-07-17,2,False
SKU-010,2025-07-18,16,False
SKU-010,2025-07-19,10,False
SKU-010,2025-07-20,7,False
SKU-010,2025-07-21,6,False
SKU-010,2025-07-22,7,False
SKU-010,2025-07-23,8,False
SKU-010,2025-07-24,8,False
SKU-010,2025-07-25,12,False
SKU-010,2025-07-26,8,False
SKU-010,2025-07-27,4,False
SKU-010,2025-07-28,4,False
SKU-010,2025-07-29,10,False
SKU-010,2025-07-30,8,False
SKU-010,2025-07-31,8,False
SKU-010,2025-08-01,6,False
SKU-010,2025-08-02,6,False
SKU-010,2025-08-03,1,False
SKU-010,2025-08-04,9,False
SKU-010,2025-08-05,8,False
SKU-010,2025-08-06,4,False
SKU-010,2025-08-07,5,False
SKU-010,2025-08-08,7,False
SKU-010,2025-08-09,7,False
SKU-010,2025-08-10,5,False
SKU-010,2025-08-11,8,False
SKU-010,2025-08-12,7,False
SKU-010,2025-08-13,10,False
SKU-010,2025-08-14,4,False
SKU-010,2025-08-15,6,False
SKU-010,2025-08-16,8,False
SKU-010,2025-08-17,9,False
SKU-010,2025-08-18,5,False
SKU-010,2025-08-19,7,False
SKU-010,2025-08-20,7,False
SKU-010,2025-08-21,7,False
SKU-010,2025-08-22,13,False
SKU-010,2025-08-23,12,False
SKU-010,2025-08-24,,True
SKU-010,2025-08-25,9,False
SKU-010,2025-08-26,7,False
SKU-010,2025-08-27,10,False
SKU-010,2025-08-28,6,False
SKU-010,2025-08-29,14,False
SKU-010,2025-08-30,12,False
SKU-010,2025-08-31,12,False
SKU-010,2025-09-01,11,False
SKU-010,2025-09-02,11,False
SKU-010,2025-09-03,1,False
SKU-010,2025-09-04,10,False
SKU-010,2025-09-05,6,False
SKU-010,2025-09-06,6,False
SKU-010,2025-09-07,11,False
SKU-010,2025-09-08,8,False
SKU-010,2025-09-09,11,False
SKU-010,2025-09-10,11,False
SKU-010,2025-09-11,7,False
SKU-010,2025-09-12,5,False
SKU-010,2025-09-13,8,False
SKU-010,2025-09-14,4,False
SKU-010,2025-09-15,10,False
SKU-010,2025-09-16,11,False
SKU-010,2025-09-17,7,False
SKU-010,2025-09-18,16,False
SKU-010,2025-09-19,9,False
SKU-010,2025-09-20,4,False
SKU-010,2025-09-21,2,False
SKU-010,2025-09-22,8,False
SKU-010,2025-09-23,12,False
SKU-010,2025-09-24,4,False
SKU-010,2025-09-25,12,False
SKU-010,2025-09-26,10,False
SKU-010,2025-09-27,5,False
SKU-010,2025-09-28,10,False
SKU-010,2025-09-29,7,False
SKU-010,2025-09-30,8,False
SKU-010,2025-10-01,10,False
SKU-010,2025-10-02,4,False
SKU-010,2025-10-03,3,False
SKU-010,2025-10-04,14,False
SKU-010,2025-10-05,9,False
SKU-010,2025-10-06,5,False
SKU-010,2025-10-07,8,False
SKU-010,2025-10-08,12,False
SKU-010,2025-10-09,4,False
SKU-010,2025-10-10,5,False
SKU-010,2025-10-11,7,False
SKU-010,2025-10-12,7,False
SKU-010,2025-10-13,4,False
SKU-010,2025-10-14,5,False
SKU-010,2025-10-15,4,False
SKU-010,2025-10-16,4,False
SKU-010,2025-10-17,10,False
SKU-010,2025-10-18,9,False
SKU-010,2025-10-19,10,False
SKU-010,2025-10-20,8,False
SKU-010,2025-10-21,2,False
SKU-010,2025-10-22,6,False
SKU-010,2025-10-23,10,False
SKU-010,2025-10-24,5,False
SKU-010,2025-10-25,2,False
SKU-010,2025-10-26,6,False
SKU-010,2025-10-27,8,False
SKU-010,2025-10-28,9,False
SKU-010,2025-10-29,6,False
SKU-010,2025-10-30,5,False
SKU-010,2025-10-31,4,False
SKU-010,2025-11-01,8,False
SKU-010,2025-11-02,11,False
SKU-010,2025-11-03,5,False
SKU-010,2025-11-04,8,False
SKU-010,2025-11-05,8,False
SKU-010,2025-11-06,6,False
SKU-010,2025-11-07,10,False
SKU-010,2025-11-08,5,False
SKU-010,2025-11-09,6,False
SKU-010,2025-11-10,5,False
SKU-010,2025-11-11,6,False
SKU-010,2025-11-12,10,False
SKU-010,2025-11-13,0,False
SKU-010,2025-11-14,1,False
SKU-010,2025-11-15,4,False
SKU-010,2025-11-16,8,False
SKU-010,2025-11-17,6,False
SKU-010,2025-11-18,10,False
SKU-010,2025-11-19,,True
SKU-010,2025-11-20,4,False
SKU-010,2025-11-21,4,False
SKU-010,2025-11-22,10,False
SKU-010,2025-11-23,5,False
SKU-010,2025-11-24,2,False
SKU-010,2025-11-25,8,False
SKU-010,2025-11-26,7,False
SKU-010,2025-11-27,12,False
SKU-010,2025-11-28,6,False
SKU-010,2025-11-29,6,False
SKU-010,2025-11-30,5,False
SKU-010,2025-12-01,5,False
SKU-010,2025-12-02,8,False
SKU-010,2025-12-03,3,False
SKU-010,2025-12-04,5,False
SKU-010,2025-12-05,11,False
SKU-010,2025-12-06,3,False
SKU-010,2025-12-07,4,False
SKU-010,2025-12-08,5,False
SKU-010,2025-12-09,9,False
SKU-010,2025-12-10,9,False
SKU-010,2025-12-11,7,False
SKU-010,2025-12-12,5,False
SKU-010,2025-12-13,6,False
SKU-010,2025-12-14,3,False
SKU-010,2025-12-15,2,False
SKU-010,2025-12-16,13,False
SKU-010,2025-12-17,7,False
SKU-010,2025-12-18,2,False
SKU-010,2025-12-19,6,False
SKU-010,2025-12-20,7,False
SKU-010,2025-12-21,4,False
SKU-010,2025-12-22,3,False
SKU-010,2025-12-23,7,False
SKU-010,2025-12-24,6,False
SKU-010,2025-12-25,0,False
SKU-010,2025-12-26,5,False
SKU-010,2025-12-27,9,False
SKU-010,2025-12-28,7,False
SKU-010,2025-12-29,3,False
SKU-010,2025-12-30,5,False
SKU-010,2025-12-31,0,False
SKU-010,2026-01-01,2,False
SKU-010,2026-01-02,4,False
SKU-010,2026-01-03,5,False
SKU-010,2026-01-04,5,False
SKU-010,2026-01-05,4,False
SKU-010,2026-01-06,2,False
SKU-010,2026-01-07,6,False
SKU-010,2026-01-08,5,False
SKU-010,2026-01-09,5,False
SKU-010,2026-01-10,0,False
SKU-010,2026-01-11,,True
SKU-010,2026-01-12,7,False
SKU-010,2026-01-13,4,False
SKU-010,2026-01-14,4,False
SKU-010,2026-01-15,1,False
SKU-010,2026-01-16,4,False
SKU-010,2026-01-17,5,False
SKU-010,2026-01-18,5,False
SKU-010,2026-01-19,4,False
SKU-010,2026-01-20,3,False
SKU-010,2026-01-21,5,False
SKU-010,2026-01-22,7,False
SKU-010,2026-01-23,6,False
SKU-010,2026-01-24,3,False
SKU-010,2026-01-25,7,False
SKU-010,2026-01-26,2,False
SKU-010,2026-01-27,4,False
SKU-010,2026-01-28,3,False
SKU-010,2026-01-29,3,False
SKU-010,2026-01-30,1,False
SKU-010,2026-01-31,3,False
SKU-010,2026-02-01,2,False
SKU-010,2026-02-02,3,False
SKU-010,2026-02-03,2,False
SKU-010,2026-02-04,2,False
SKU-010,2026-02-05,2,False
SKU-010,2026-02-06,5,False
SKU-010,2026-02-07,5,False
SKU-010,2026-02-08,5,False
SKU-010,2026-02-09,3,False
SKU-010,2026-02-10,6,False
SKU-010,2026-02-11,4,False
SKU-010,2026-02-12,4,False
SKU-010,2026-02-13,2,False
SKU-010,2026-02-14,3,False
SKU-010,2026-02-15,4,False
SKU-010,2026-02-16,4,False
SKU-010,2026-02-17,2,False
SKU-010,2026-02-18,1,False
SKU-010,2026-02-19,5,False
SKU-010,2026-02-20,4,False
SKU-010,2026-02-21,4,False
SKU-010,2026-02-22,4,False
SKU-010,2026-02-23,4,False
SKU-010,2026-02-24,2,False
SKU-010,2026-02-25,2,False
SKU-010,2026-02-26,1,False
SKU-010,2026-02-27,4,False
SKU-010,2026-02-28,2,False
SKU-010,2026-03-01,0,False
SKU-010,2026-03-02,1,False
SKU-010,2026-03-03,4,False
SKU-010,2026-03-04,3,False
SKU-010,2026-03-05,2,False
SKU-010,2026-03-06,0,False
SKU-010,2026-03-07,0,False
SKU-010,2026-03-08,3,False
SKU-010,2026-03-09,2,False
SKU-010,2026-03-10,0,False
SKU-010,2026-03-11,3,False
SKU-010,2026-03-12,,True
SKU-010,2026-03-13,7,False
SKU-010,2026-03-14,2,False
SKU-010,2026-03-15,2,False
SKU-010,2026-03-16,1,False
SKU-010,2026-03-17,4,False
SKU-010,2026-03-18,5,False
SKU-010,2026-03-19,4,False
SKU-010,2026-03-20,3,False
SKU-010,2026-03-21,5,False
SKU-010,2026-03-22,3,False
SKU-010,2026-03-23,4,False
SKU-010,2026-03-24,6,False
SKU-010,2026-03-25,6,False
SKU-010,2026-03-26,3,False
SKU-010,2026-03-27,5,False
SKU-010,2026-03-28,1,False
SKU-010,2026-03-29,3,False
SKU-010,2026-03-30,5,False
SKU-010,2026-03-31,1,False
SKU-010,2026-04-01,1,False
SKU-010,2026-04-02,3,False
SKU-010,2026-04-03,1,False
SKU-010,2026-04-04,7,False
SKU-010,2026-04-05,5,False
SKU-010,2026-04-06,0,False
SKU-010,2026-04-07,3,False
SKU-010,2026-04-08,5,False
SKU-010,2026-04-09,4,False
SKU-010,2026-04-10,4,False
SKU-010,2026-04-11,5,False
SKU-010,2026-04-12,0,False
SKU-010,2026-04-13,1,False
SKU-010,2026-04-14,3,False
SKU-010,2026-04-15,7,False
SKU-010,2026-04-16,2,False
SKU-010,2026-04-17,1,False
SKU-010,2026-04-18,5,False
SKU-010,2026-04-19,1,False
SKU-010,2026-04-20,3,False
SKU-010,2026-04-21,3,False
SKU-010,2026-04-22,5,False
SKU-010,2026-04-23,5,False
SKU-010,2026-04-24,,True
SKU-010,2026-04-25,4,False
SKU-010,2026-04-26,3,False
SKU-010,2026-04-27,5,False
SKU-010,2026-04-28,5,False
SKU-010,2026-04-29,4,False
SKU-010,2026-04-30,5,False
SKU-010,2026-05-01,5,False
SKU-010,2026-05-02,4,False
SKU-010,2026-05-03,5,False
SKU-010,2026-05-04,6,False
SKU-010,2026-05-05,7,False
SKU-010,2026-05-06,3,False
SKU-010,2026-05-07,0,False
SKU-010,2026-05-08,5,False
SKU-010,2026-05-09,3,False
SKU-010,2026-05-10,5,False
SKU-010,2026-05-11,0,False
SKU-010,2026-05-12,7,False
SKU-010,2026-05-13,6,False
SKU-010,2026-05-14,5,False
SKU-010,2026-05-15,6,False
SKU-010,2026-05-16,4,False
SKU-010,2026-05-17,3,False
SKU-010,2026-05-18,7,False
SKU-010,2026-05-19,8,False
SKU-010,2026-05-20,5,False
SKU-010,2026-05-21,3,False
SKU-010,2026-05-22,4,False
SKU-010,2026-05-23,5,False
SKU-010,2026-05-24,3,False
SKU-010,2026-05-25,8,False
SKU-010,2026-05-26,3,False
SKU-010,2026-05-27,6,False
SKU-010,2026-05-28,3,False
SKU-010,2026-05-29,6,False
SKU-010,2026-05-30,5,False
SKU-010,2026-05-31,,True
SKU-010,2026-06-01,7,False
SKU-010,2026-06-02,0,False
SKU-010,2026-06-03,7,False
SKU-010,2026-06-04,5,False
SKU-010,2026-06-05,3,False
SKU-010,2026-06-06,2,False
SKU-010,2026-06-07,3,False
SKU-010,2026-06-08,2,False
SKU-010,2026-06-09,5,False
SKU-010,2026-06-10,8,False
SKU-011,2025-06-11,67,False
SKU-011,2025-06-12,,True
SKU-011,2025-06-13,75,False
SKU-011,2025-06-14,106,False
SKU-011,2025-06-15,65,False
SKU-011,2025-06-16,84,False
SKU-011,2025-06-17,60,False
SKU-011,2025-06-18,52,False
SKU-011,2025-06-19,68,False
SKU-011,2025-06-20,88,False
SKU-011,2025-06-21,62,False
SKU-011,2025-06-22,110,False
SKU-011,2025-06-23,97,False
SKU-011,2025-06-24,79,False
SKU-011,2025-06-25,43,False
SKU-011,2025-06-26,75,False
SKU-011,2025-06-27,88,False
SKU-011,2025-06-28,51,False
SKU-011,2025-06-29,70,False
SKU-011,2025-06-30,16,False
SKU-011,2025-07-01,58,False
SKU-011,2025-07-02,102,False
SKU-011,2025-07-03,73,False
SKU-011,2025-07-04,70,False
SKU-011,2025-07-05,20,False
SKU-011,2025-07-06,98,False
SKU-011,2025-07-07,37,False
SKU-011,2025-07-08,61,False
SKU-011,2025-07-09,63,False
SKU-011,2025-07-10,68,False
SKU-011,2025-07-11,72,False
SKU-011,2025-07-12,48,False
SKU-011,2025-07-13,80,False
SKU-011,2025-07-14,99,False
SKU-011,2025-07-15,73,False
SKU-011,2025-07-16,87,False
SKU-011,2025-07-17,86,False
SKU-011,2025-07-18,83,False
SKU-011,2025-07-19,60,False
SKU-011,2025-07-20,86,False
SKU-011,2025-07-21,58,False
SKU-011,2025-07-22,77,False
SKU-011,2025-07-23,59,False
SKU-011,2025-07-24,90,False
SKU-011,2025-07-25,120,False
SKU-011,2025-07-26,73,False
SKU-011,2025-07-27,77,False
SKU-011,2025-07-28,68,False
SKU-011,2025-07-29,91,False
SKU-011,2025-07-30,90,False
SKU-011,2025-07-31,99,False
SKU-011,2025-08-01,72,False
SKU-011,2025-08-02,70,False
SKU-011,2025-08-03,86,False
SKU-011,2025-08-04,92,False
SKU-011,2025-08-05,97,False
SKU-011,2025-08-06,41,False
SKU-011,2025-08-07,83,False
SKU-011,2025-08-08,124,False
SKU-011,2025-08-09,93,False
SKU-011,2025-08-10,90,False
SKU-011,2025-08-11,56,False
SKU-011,2025-08-12,95,False
SKU-011,2025-08-13,63,False
SKU-011,2025-08-14,110,False
SKU-011,2025-08-15,57,False
SKU-011,2025-08-16,50,False
SKU-011,2025-08-17,57,False
SKU-011,2025-08-18,57,False
SKU-011,2025-08-19,87,False
SKU-011,2025-08-20,89,False
SKU-011,2025-08-21,49,False
SKU-011,2025-08-22,58,False
SKU-011,2025-08-23,96,False
SKU-011,2025-08-24,77,False
SKU-011,2025-08-25,48,False
SKU-011,2025-08-26,44,False
SKU-011,2025-08-27,62,False
SKU-011,2025-08-28,99,False
SKU-011,2025-08-29,99,False
SKU-011,2025-08-30,73,False
SKU-011,2025-08-31,76,False
SKU-011,2025-09-01,33,False
SKU-011,2025-09-02,87,False
SKU-011,2025-09-03,81,False
SKU-011,2025-09-04,83,False
SKU-011,2025-09-05,67,False
SKU-011,2025-09-06,35,False
SKU-011,2025-09-07,62,False
SKU-011,2025-09-08,66,False
SKU-011,2025-09-09,103,False
SKU-011,2025-09-10,83,False
SKU-011,2025-09-11,73,False
SKU-011,2025-09-12,95,False
SKU-011,2025-09-13,86,False
SKU-011,2025-09-14,90,False
SKU-011,2025-09-15,72,False
SKU-011,2025-09-16,100,False
SKU-011,2025-09-17,77,False
SKU-011,2025-09-18,84,False
SKU-011,2025-09-19,70,False
SKU-011,2025-09-20,100,False
SKU-011,2025-09-21,85,False
SKU-011,2025-09-22,70,False
SKU-011,2025-09-23,58,False
SKU-011,2025-09-24,66,False
SKU-011,2025-09-25,85,False
SKU-011,2025-09-26,85,False
SKU-011,2025-09-27,57,False
SKU-011,2025-09-28,82,False
SKU-011,2025-09-29,73,False
SKU-011,2025-09-30,135,False
SKU-011,2025-10-01,43,False
SKU-011,2025-10-02,67,False
SKU-011,2025-10-03,106,False
SKU-011,2025-10-04,95,False
SKU-011,2025-10-05,35,False
SKU-011,2025-10-06,125,False
SKU-011,2025-10-07,37,False
SKU-011,2025-10-08,,True
SKU-011,2025-10-09,39,False
SKU-011,2025-10-10,89,False
SKU-011,2025-10-11,131,False
SKU-011,2025-10-12,80,False
SKU-011,2025-10-13,91,False
SKU-011,2025-10-14,61,False
SKU-011,2025-10-15,57,False
SKU-011,2025-10-16,66,False
SKU-011,2025-10-17,62,False
SKU-011,2025-10-18,72,False
SKU-011,2025-10-19,97,False
SKU-011,2025-10-20,101,False
SKU-011,2025-10-21,37,False
SKU-011,2025-10-22,44,False
SKU-011,2025-10-23,70,False
SKU-011,2025-10-24,94,False
SKU-011,2025-10-25,81,False
SKU-011,2025-10-26,142,False
SKU-011,2025-10-27,76,False
SKU-011,2025-10-28,77,False
SKU-011,2025-10-29,104,False
SKU-011,2025-10-30,80,False
SKU-011,2025-10-31,40,False
SKU-011,2025-11-01,104,False
SKU-011,2025-11-02,42,False
SKU-011,2025-11-03,70,False
SKU-011,2025-11-04,120,False
SKU-011,2025-11-05,87,False
SKU-011,2025-11-06,55,False
SKU-011,2025-11-07,111,False
SKU-011,2025-11-08,96,False
SKU-011,2025-11-09,,True
SKU-011,2025-11-10,29,False
SKU-011,2025-11-11,91,False
SKU-011,2025-11-12,97,False
SKU-011,2025-11-13,82,False
SKU-011,2025-11-14,105,False
SKU-011,2025-11-15,96,False
SKU-011,2025-11-16,82,False
SKU-011,2025-11-17,105,False
SKU-011,2025-11-18,108,False
SKU-011,2025-11-19,60,False
SKU-011,2025-11-20,89,False
SKU-011,2025-11-21,60,False
SKU-011,2025-11-22,52,False
SKU-011,2025-11-23,81,False
SKU-011,2025-11-24,68,False
SKU-011,2025-11-25,54,False
SKU-011,2025-11-26,95,False
SKU-011,2025-11-27,86,False
SKU-011,2025-11-28,42,False
SKU-011,2025-11-29,74,False
SKU-011,2025-11-30,113,False
SKU-011,2025-12-01,78,False
SKU-011,2025-12-02,57,False
SKU-011,2025-12-03,71,False
SKU-011,2025-12-04,86,False
SKU-011,2025-12-05,77,False
SKU-011,2025-12-06,97,False
SKU-011,2025-12-07,79,False
SKU-011,2025-12-08,56,False
SKU-011,2025-12-09,108,False
SKU-011,2025-12-10,76,False
SKU-011,2025-12-11,,True
SKU-011,2025-12-12,83,False
SKU-011,2025-12-13,88,False
SKU-011,2025-12-14,75,False
SKU-011,2025-12-15,19,False
SKU-011,2025-12-16,80,False
SKU-011,2025-12-17,93,False
SKU-011,2025-12-18,100,False
SKU-011,2025-12-19,94,False
SKU-011,2025-12-20,66,False
SKU-011,2025-12-21,65,False
SKU-011,2025-12-22,81,False
SKU-011,2025-12-23,99,False
SKU-011,2025-12-24,94,False
SKU-011,2025-12-25,29,False
SKU-011,2025-12-26,82,False
SKU-011,2025-12-27,49,False
SKU-011,2025-12-28,85,False
SKU-011,2025-12-29,82,False
SKU-011,2025-12-30,90,False
SKU-011,2025-12-31,84,False
SKU-011,2026-01-01,70,False
SKU-011,2026-01-02,109,False
SKU-011,2026-01-03,62,False
SKU-011,2026-01-04,73,False
SKU-011,2026-01-05,80,False
SKU-011,2026-01-06,64,False
SKU-011,2026-01-07,101,False
SKU-011,2026-01-08,81,False
SKU-011,2026-01-09,65,False
SKU-011,2026-01-10,66,False
SKU-011,2026-01-11,61,False
SKU-011,2026-01-12,85,False
SKU-011,2026-01-13,73,False
SKU-011,2026-01-14,75,False
SKU-011,2026-01-15,52,False
SKU-011,2026-01-16,66,False
SKU-011,2026-01-17,76,False
SKU-011,2026-01-18,56,False
SKU-011,2026-01-19,97,False
SKU-011,2026-01-20,87,False
SKU-011,2026-01-21,80,False
SKU-011,2026-01-22,61,False
SKU-011,2026-01-23,91,False
SKU-011,2026-01-24,95,False
SKU-011,2026-01-25,109,False
SKU-011,2026-01-26,81,False
SKU-011,2026-01-27,38,False
SKU-011,2026-01-28,78,False
SKU-011,2026-01-29,84,False
SKU-011,2026-01-30,93,False
SKU-011,2026-01-31,62,False
SKU-011,2026-02-01,107,False
SKU-011,2026-02-02,64,False
SKU-011,2026-02-03,68,False
SKU-011,2026-02-04,62,False
SKU-011,2026-02-05,64,False
SKU-011,2026-02-06,81,False
SKU-011,2026-02-07,,True
SKU-011,2026-02-08,82,False
SKU-011,2026-02-09,95,False
SKU-011,2026-02-10,74,False
SKU-011,2026-02-11,26,False
SKU-011,2026-02-12,83,False
SKU-011,2026-02-13,93,False
SKU-011,2026-02-14,84,False
SKU-011,2026-02-15,82,False
SKU-011,2026-02-16,89,False
SKU-011,2026-02-17,107,False
SKU-011,2026-02-18,94,False
SKU-011,2026-02-19,82,False
SKU-011,2026-02-20,76,False
SKU-011,2026-02-21,60,False
SKU-011,2026-02-22,121,False
SKU-011,2026-02-23,85,False
SKU-011,2026-02-24,70,False
SKU-011,2026-02-25,60,False
SKU-011,2026-02-26,97,False
SKU-011,2026-02-27,72,False
SKU-011,2026-02-28,52,False
SKU-011,2026-03-01,35,False
SKU-011,2026-03-02,113,False
SKU-011,2026-03-03,49,False
SKU-011,2026-03-04,114,False
SKU-011,2026-03-05,62,False
SKU-011,2026-03-06,59,False
SKU-011,2026-03-07,101,False
SKU-011,2026-03-08,109,False
SKU-011,2026-03-09,88,False
SKU-011,2026-03-10,84,False
SKU-011,2026-03-11,61,False
SKU-011,2026-03-12,109,False
SKU-011,2026-03-13,49,False
SKU-011,2026-03-14,82,False
SKU-011,2026-03-15,88,False
SKU-011,2026-03-16,103,False
SKU-011,2026-03-17,90,False
SKU-011,2026-03-18,54,False
SKU-011,2026-03-19,78,False
SKU-011,2026-03-20,56,False
SKU-011,2026-03-21,104,False
SKU-011,2026-03-22,77,False
SKU-011,2026-03-23,102,False
SKU-011,2026-03-24,95,False
SKU-011,2026-03-25,83,False
SKU-011,2026-03-26,65,False
SKU-011,2026-03-27,91,False
SKU-011,2026-03-28,99,False
SKU-011,2026-03-29,71,False
SKU-011,2026-03-30,100,False
SKU-011,2026-03-31,91,False
SKU-011,2026-04-01,50,False
SKU-011,2026-04-02,86,False
SKU-011,2026-04-03,46,False
SKU-011,2026-04-04,101,False
SKU-011,2026-04-05,86,False
SKU-011,2026-04-06,94,False
SKU-011,2026-04-07,116,False
SKU-011,2026-04-08,100,False
SKU-011,2026-04-09,91,False
SKU-011,2026-04-10,31,False
SKU-011,2026-04-11,94,False
SKU-011,2026-04-12,83,False
SKU-011,2026-04-13,66,False
SKU-011,2026-04-14,118,False
SKU-011,2026-04-15,58,False
SKU-011,2026-04-16,5,False
SKU-011,2026-04-17,,True
SKU-011,2026-04-18,31,False
SKU-011,2026-04-19,96,False
SKU-011,2026-04-20,45,False
SKU-011,2026-04-21,51,False
SKU-011,2026-04-22,64,False
SKU-011,2026-04-23,80,False
SKU-011,2026-04-24,67,False
SKU-011,2026-04-25,79,False
SKU-011,2026-04-26,55,False
SKU-011,2026-04-27,81,False
SKU-011,2026-04-28,44,False
SKU-011,2026-04-29,74,False
SKU-011,2026-04-30,93,False
SKU-011,2026-05-01,86,False
SKU-011,2026-05-02,103,False
SKU-011,2026-05-03,69,False
SKU-011,2026-05-04,,True
SKU-011,2026-05-05,95,False
SKU-011,2026-05-06,41,False
SKU-011,2026-05-07,71,False
SKU-011,2026-05-08,59,False
SKU-011,2026-05-09,77,False
SKU-011,2026-05-10,84,False
SKU-011,2026-05-11,110,False
SKU-011,2026-05-12,124,False
SKU-011,2026-05-13,56,False
SKU-011,2026-05-14,61,False
SKU-011,2026-05-15,86,False
SKU-011,2026-05-16,100,False
SKU-011,2026-05-17,102,False
SKU-011,2026-05-18,97,False
SKU-011,2026-05-19,88,False
SKU-011,2026-05-20,85,False
SKU-011,2026-05-21,70,False
SKU-011,2026-05-22,56,False
SKU-011,2026-05-23,97,False
SKU-011,2026-05-24,75,False
SKU-011,2026-05-25,86,False
SKU-011,2026-05-26,83,False
SKU-011,2026-05-27,94,False
SKU-011,2026-05-28,62,False
SKU-011,2026-05-29,55,False
SKU-011,2026-05-30,74,False
SKU-011,2026-05-31,87,False
SKU-011,2026-06-01,71,False
SKU-011,2026-06-02,73,False
SKU-011,2026-06-03,55,False
SKU-011,2026-06-04,57,False
SKU-011,2026-06-05,66,False
SKU-011,2026-06-06,92,False
SKU-011,2026-06-07,80,False
SKU-011,2026-06-08,89,False
SKU-011,2026-06-09,54,False
SKU-011,2026-06-10,52,False
SKU-012,2025-06-11,131,False
SKU-012,2025-06-12,148,False
SKU-012,2025-06-13,93,False
SKU-012,2025-06-14,105,False
SKU-012,2025-06-15,166,False
SKU-012,2025-06-16,120,False
SKU-012,2025-06-17,195,False
SKU-012,2025-06-18,139,False
SKU-012,2025-06-19,108,False
SKU-012,2025-06-20,144,False
SKU-012,2025-06-21,111,False
SKU-012,2025-06-22,99,False
SKU-012,2025-06-23,98,False
SKU-012,2025-06-24,115,False
SKU-012,2025-06-25,95,False
SKU-012,2025-06-26,10,False
SKU-012,2025-06-27,82,False
SKU-012,2025-06-28,123,False
SKU-012,2025-06-29,88,False
SKU-012,2025-06-30,80,False
SKU-012,2025-07-01,118,False
SKU-012,2025-07-02,119,False
SKU-012,2025-07-03,85,False
SKU-012,2025-07-04,115,False
SKU-012,2025-07-05,123,False
SKU-012,2025-07-06,92,False
SKU-012,2025-07-07,171,False
SKU-012,2025-07-08,94,False
SKU-012,2025-07-09,112,False
SKU-012,2025-07-10,149,False
SKU-012,2025-07-11,,True
SKU-012,2025-07-12,143,False
SKU-012,2025-07-13,137,False
SKU-012,2025-07-14,173,False
SKU-012,2025-07-15,148,False
SKU-012,2025-07-16,104,False
SKU-012,2025-07-17,139,False
SKU-012,2025-07-18,131,False
SKU-012,2025-07-19,173,False
SKU-012,2025-07-20,84,False
SKU-012,2025-07-21,76,False
SKU-012,2025-07-22,,True
SKU-012,2025-07-23,130,False
SKU-012,2025-07-24,128,False
SKU-012,2025-07-25,39,False
SKU-012,2025-07-26,151,False
SKU-012,2025-07-27,140,False
SKU-012,2025-07-28,138,False
SKU-012,2025-07-29,169,False
SKU-012,2025-07-30,139,False
SKU-012,2025-07-31,56,False
SKU-012,2025-08-01,105,False
SKU-012,2025-08-02,128,False
SKU-012,2025-08-03,128,False
SKU-012,2025-08-04,142,False
SKU-012,2025-08-05,137,False
SKU-012,2025-08-06,136,False
SKU-012,2025-08-07,94,False
SKU-012,2025-08-08,137,False
SKU-012,2025-08-09,179,False
SKU-012,2025-08-10,146,False
SKU-012,2025-08-11,142,False
SKU-012,2025-08-12,130,False
SKU-012,2025-08-13,136,False
SKU-012,2025-08-14,118,False
SKU-012,2025-08-15,132,False
SKU-012,2025-08-16,102,False
SKU-012,2025-08-17,174,False
SKU-012,2025-08-18,113,False
SKU-012,2025-08-19,109,False
SKU-012,2025-08-20,90,False
SKU-012,2025-08-21,91,False
SKU-012,2025-08-22,182,False
SKU-012,2025-08-23,83,False
SKU-012,2025-08-24,90,False
SKU-012,2025-08-25,125,False
SKU-012,2025-08-26,166,False
SKU-012,2025-08-27,63,False
SKU-012,2025-08-28,69,False
SKU-012,2025-08-29,122,False
SKU-012,2025-08-30,70,False
SKU-012,2025-08-31,114,False
SKU-012,2025-09-01,139,False
SKU-012,2025-09-02,162,False
SKU-012,2025-09-03,97,False
SKU-012,2025-09-04,106,False
SKU-012,2025-09-05,145,False
SKU-012,2025-09-06,23,False
SKU-012,2025-09-07,107,False
SKU-012,2025-09-08,187,False
SKU-012,2025-09-09,130,False
SKU-012,2025-09-10,45,False
SKU-012,2025-09-11,101,False
SKU-012,2025-09-12,98,False
SKU-012,2025-09-13,67,False
SKU-012,2025-09-14,,True
SKU-012,2025-09-15,154,False
SKU-012,2025-09-16,140,False
SKU-012,2025-09-17,129,False
SKU-012,2025-09-18,124,False
SKU-012,2025-09-19,134,False
SKU-012,2025-09-20,143,False
SKU-012,2025-09-21,109,False
SKU-012,2025-09-22,98,False
SKU-012,2025-09-23,172,False
SKU-012,2025-09-24,120,False
SKU-012,2025-09-25,148,False
SKU-012,2025-09-26,111,False
SKU-012,2025-09-27,181,False
SKU-012,2025-09-28,102,False
SKU-012,2025-09-29,132,False
SKU-012,2025-09-30,114,False
SKU-012,2025-10-01,60,False
SKU-012,2025-10-02,154,False
SKU-012,2025-10-03,124,False
SKU-012,2025-10-04,161,False
SKU-012,2025-10-05,97,False
SKU-012,2025-10-06,118,False
SKU-012,2025-10-07,159,False
SKU-012,2025-10-08,109,False
SKU-012,2025-10-09,111,False
SKU-012,2025-10-10,,True
SKU-012,2025-10-11,138,False
SKU-012,2025-10-12,113,False
SKU-012,2025-10-13,79,False
SKU-012,2025-10-14,153,False
SKU-012,2025-10-15,113,False
SKU-012,2025-10-16,89,False
SKU-012,2025-10-17,100,False
SKU-012,2025-10-18,85,False
SKU-012,2025-10-19,150,False
SKU-012,2025-10-20,117,False
SKU-012,2025-10-21,198,False
SKU-012,2025-10-22,66,False
SKU-012,2025-10-23,123,False
SKU-012,2025-10-24,171,False
SKU-012,2025-10-25,94,False
SKU-012,2025-10-26,139,False
SKU-012,2025-10-27,73,False
SKU-012,2025-10-28,103,False
SKU-012,2025-10-29,98,False
SKU-012,2025-10-30,118,False
SKU-012,2025-10-31,167,False
SKU-012,2025-11-01,180,False
SKU-012,2025-11-02,124,False
SKU-012,2025-11-03,82,False
SKU-012,2025-11-04,148,False
SKU-012,2025-11-05,133,False
SKU-012,2025-11-06,154,False
SKU-012,2025-11-07,90,False
SKU-012,2025-11-08,207,False
SKU-012,2025-11-09,107,False
SKU-012,2025-11-10,154,False
SKU-012,2025-11-11,162,False
SKU-012,2025-11-12,146,False
SKU-012,2025-11-13,156,False
SKU-012,2025-11-14,165,False
SKU-012,2025-11-15,82,False
SKU-012,2025-11-16,,True
SKU-012,2025-11-17,169,False
SKU-012,2025-11-18,143,False
SKU-012,2025-11-19,117,False
SKU-012,2025-11-20,98,False
SKU-012,2025-11-21,127,False
SKU-012,2025-11-22,141,False
SKU-012,2025-11-23,128,False
SKU-012,2025-11-24,99,False
SKU-012,2025-11-25,121,False
SKU-012,2025-11-26,92,False
SKU-012,2025-11-27,85,False
SKU-012,2025-11-28,84,False
SKU-012,2025-11-29,110,False
SKU-012,2025-11-30,153,False
SKU-012,2025-12-01,85,False
SKU-012,2025-12-02,99,False
SKU-012,2025-12-03,,True
SKU-012,2025-12-04,142,False
SKU-012,2025-12-05,135,False
SKU-012,2025-12-06,,True
SKU-012,2025-12-07,36,False
SKU-012,2025-12-08,57,False
SKU-012,2025-12-09,88,False
SKU-012,2025-12-10,125,False
SKU-012,2025-12-11,225,False
SKU-012,2025-12-12,32,False
SKU-012,2025-12-13,102,False
SKU-012,2025-12-14,90,False
SKU-012,2025-12-15,112,False
SKU-012,2025-12-16,134,False
SKU-012,2025-12-17,108,False
SKU-012,2025-12-18,46,False
SKU-012,2025-12-19,139,False
SKU-012,2025-12-20,99,False
SKU-012,2025-12-21,86,False
SKU-012,2025-12-22,156,False
SKU-012,2025-12-23,100,False
SKU-012,2025-12-24,131,False
SKU-012,2025-12-25,122,False
SKU-012,2025-12-26,114,False
SKU-012,2025-12-27,131,False
SKU-012,2025-12-28,90,False
SKU-012,2025-12-29,80,False
SKU-012,2025-12-30,148,False
SKU-012,2025-12-31,194,False
SKU-012,2026-01-01,85,False
SKU-012,2026-01-02,167,False
SKU-012,2026-01-03,87,False
SKU-012,2026-01-04,146,False
SKU-012,2026-01-05,153,False
SKU-012,2026-01-06,101,False
SKU-012,2026-01-07,119,False
SKU-012,2026-01-08,99,False
SKU-012,2026-01-09,80,False
SKU-012,2026-01-10,103,False
SKU-012,2026-01-11,125,False
SKU-012,2026-01-12,134,False
SKU-012,2026-01-13,177,False
SKU-012,2026-01-14,68,False
SKU-012,2026-01-15,142,False
SKU-012,2026-01-16,169,False
SKU-012,2026-01-17,85,False
SKU-012,2026-01-18,45,False
SKU-012,2026-01-19,131,False
SKU-012,2026-01-20,64,False
SKU-012,2026-01-21,107,False
SKU-012,2026-01-22,176,False
SKU-012,2026-01-23,60,False
SKU-012,2026-01-24,98,False
SKU-012,2026-01-25,92,False
SKU-012,2026-01-26,82,False
SKU-012,2026-01-27,154,False
SKU-012,2026-01-28,129,False
SKU-012,2026-01-29,96,False
SKU-012,2026-01-30,169,False
SKU-012,2026-01-31,150,False
SKU-012,2026-02-01,145,False
SKU-012,2026-02-02,142,False
SKU-012,2026-02-03,118,False
SKU-012,2026-02-04,119,False
SKU-012,2026-02-05,176,False
SKU-012,2026-02-06,39,False
SKU-012,2026-02-07,92,False
SKU-012,2026-02-08,63,False
SKU-012,2026-02-09,126,False
SKU-012,2026-02-10,154,False
SKU-012,2026-02-11,171,False
SKU-012,2026-02-12,186,False
SKU-012,2026-02-13,73,False
SKU-012,2026-02-14,133,False
SKU-012,2026-02-15,137,False
SKU-012,2026-02-16,67,False
SKU-012,2026-02-17,138,False
SKU-012,2026-02-18,118,False
SKU-012,2026-02-19,54,False
SKU-012,2026-02-20,129,False
SKU-012,2026-02-21,48,False
SKU-012,2026-02-22,189,False
SKU-012,2026-02-23,134,False
SKU-012,2026-02-24,175,False
SKU-012,2026-02-25,186,False
SKU-012,2026-02-26,142,False
SKU-012,2026-02-27,40,False
SKU-012,2026-02-28,184,False
SKU-012,2026-03-01,164,False
SKU-012,2026-03-02,117,False
SKU-012,2026-03-03,179,False
SKU-012,2026-03-04,116,False
SKU-012,2026-03-05,108,False
SKU-012,2026-03-06,173,False
SKU-012,2026-03-07,105,False
SKU-012,2026-03-08,131,False
SKU-012,2026-03-09,143,False
SKU-012,2026-03-10,55,False
SKU-012,2026-03-11,129,False
SKU-012,2026-03-12,136,False
SKU-012,2026-03-13,135,False
SKU-012,2026-03-14,139,False
SKU-012,2026-03-15,176,False
SKU-012,2026-03-16,123,False
SKU-012,2026-03-17,139,False
SKU-012,2026-03-18,118,False
SKU-012,2026-03-19,163,False
SKU-012,2026-03-20,52,False
SKU-012,2026-03-21,124,False
SKU-012,2026-03-22,130,False
SKU-012,2026-03-23,42,False
SKU-012,2026-03-24,68,False
SKU-012,2026-03-25,145,False
SKU-012,2026-03-26,125,False
SKU-012,2026-03-27,169,False
SKU-012,2026-03-28,105,False
SKU-012,2026-03-29,134,False
SKU-012,2026-03-30,70,False
SKU-012,2026-03-31,103,False
SKU-012,2026-04-01,97,False
SKU-012,2026-04-02,130,False
SKU-012,2026-04-03,130,False
SKU-012,2026-04-04,112,False
SKU-012,2026-04-05,119,False
SKU-012,2026-04-06,111,False
SKU-012,2026-04-07,177,False
SKU-012,2026-04-08,69,False
SKU-012,2026-04-09,125,False
SKU-012,2026-04-10,130,False
SKU-012,2026-04-11,127,False
SKU-012,2026-04-12,,True
SKU-012,2026-04-13,179,False
SKU-012,2026-04-14,57,False
SKU-012,2026-04-15,105,False
SKU-012,2026-04-16,71,False
SKU-012,2026-04-17,91,False
SKU-012,2026-04-18,121,False
SKU-012,2026-04-19,28,False
SKU-012,2026-04-20,101,False
SKU-012,2026-04-21,107,False
SKU-012,2026-04-22,133,False
SKU-012,2026-04-23,132,False
SKU-012,2026-04-24,56,False
SKU-012,2026-04-25,93,False
SKU-012,2026-04-26,86,False
SKU-012,2026-04-27,118,False
SKU-012,2026-04-28,120,False
SKU-012,2026-04-29,119,False
SKU-012,2026-04-30,58,False
SKU-012,2026-05-01,112,False
SKU-012,2026-05-02,71,False
SKU-012,2026-05-03,94,False
SKU-012,2026-05-04,93,False
SKU-012,2026-05-05,155,False
SKU-012,2026-05-06,131,False
SKU-012,2026-05-07,96,False
SKU-012,2026-05-08,164,False
SKU-012,2026-05-09,42,False
SKU-012,2026-05-10,108,False
SKU-012,2026-05-11,134,False
SKU-012,2026-05-12,118,False
SKU-012,2026-05-13,154,False
SKU-012,2026-05-14,143,False
SKU-012,2026-05-15,133,False
SKU-012,2026-05-16,106,False
SKU-012,2026-05-17,116,False
SKU-012,2026-05-18,112,False
SKU-012,2026-05-19,98,False
SKU-012,2026-05-20,140,False
SKU-012,2026-05-21,76,False
SKU-012,2026-05-22,157,False
SKU-012,2026-05-23,118,False
SKU-012,2026-05-24,136,False
SKU-012,2026-05-25,128,False
SKU-012,2026-05-26,166,False
SKU-012,2026-05-27,140,False
SKU-012,2026-05-28,109,False
SKU-012,2026-05-29,,True
SKU-012,2026-05-30,53,False
SKU-012,2026-05-31,184,False
SKU-012,2026-06-01,139,False
SKU-012,2026-06-02,110,False
SKU-012,2026-06-03,137,False
SKU-012,2026-06-04,83,False
SKU-012,2026-06-05,149,False
SKU-012,2026-06-06,86,False
SKU-012,2026-06-07,160,False
SKU-012,2026-06-08,195,False
SKU-012,2026-06-09,114,False
SKU-012,2026-06-10,27,False
SKU-013,2025-06-11,73,False
SKU-013,2025-06-12,,True
SKU-013,2025-06-13,49,False
SKU-013,2025-06-14,60,False
SKU-013,2025-06-15,60,False
SKU-013,2025-06-16,55,False
SKU-013,2025-06-17,58,False
SKU-013,2025-06-18,47,False
SKU-013,2025-06-19,87,False
SKU-013,2025-06-20,118,False
SKU-013,2025-06-21,60,False
SKU-013,2025-06-22,85,False
SKU-013,2025-06-23,71,False
SKU-013,2025-06-24,48,False
SKU-013,2025-06-25,49,False
SKU-013,2025-06-26,75,False
SKU-013,2025-06-27,59,False
SKU-013,2025-06-28,14,False
SKU-013,2025-06-29,65,False
SKU-013,2025-06-30,39,False
SKU-013,2025-07-01,89,False
SKU-013,2025-07-02,62,False
SKU-013,2025-07-03,41,False
SKU-013,2025-07-04,71,False
SKU-013,2025-07-05,61,False
SKU-013,2025-07-06,47,False
SKU-013,2025-07-07,68,False
SKU-013,2025-07-08,33,False
SKU-013,2025-07-09,71,False
SKU-013,2025-07-10,107,False
SKU-013,2025-07-11,90,False
SKU-013,2025-07-12,51,False
SKU-013,2025-07-13,104,False
SKU-013,2025-07-14,63,False
SKU-013,2025-07-15,73,False
SKU-013,2025-07-16,80,False
SKU-013,2025-07-17,95,False
SKU-013,2025-07-18,65,False
SKU-013,2025-07-19,112,False
SKU-013,2025-07-20,107,False
SKU-013,2025-07-21,74,False
SKU-013,2025-07-22,61,False
SKU-013,2025-07-23,82,False
SKU-013,2025-07-24,112,False
SKU-013,2025-07-25,55,False
SKU-013,2025-07-26,127,False
SKU-013,2025-07-27,101,False
SKU-013,2025-07-28,81,False
SKU-013,2025-07-29,54,False
SKU-013,2025-07-30,102,False
SKU-013,2025-07-31,127,False
SKU-013,2025-08-01,77,False
SKU-013,2025-08-02,99,False
SKU-013,2025-08-03,93,False
SKU-013,2025-08-04,84,False
SKU-013,2025-08-05,87,False
SKU-013,2025-08-06,67,False
SKU-013,2025-08-07,62,False
SKU-013,2025-08-08,63,False
SKU-013,2025-08-09,84,False
SKU-013,2025-08-10,33,False
SKU-013,2025-08-11,96,False
SKU-013,2025-08-12,56,False
SKU-013,2025-08-13,88,False
SKU-013,2025-08-14,81,False
SKU-013,2025-08-15,85,False
SKU-013,2025-08-16,91,False
SKU-013,2025-08-17,70,False
SKU-013,2025-08-18,69,False
SKU-013,2025-08-19,62,False
SKU-013,2025-08-20,92,False
SKU-013,2025-08-21,41,False
SKU-013,2025-08-22,102,False
SKU-013,2025-08-23,59,False
SKU-013,2025-08-24,70,False
SKU-013,2025-08-25,88,False
SKU-013,2025-08-26,97,False
SKU-013,2025-08-27,105,False
SKU-013,2025-08-28,70,False
SKU-013,2025-08-29,59,False
SKU-013,2025-08-30,61,False
SKU-013,2025-08-31,89,False
SKU-013,2025-09-01,80,False
SKU-013,2025-09-02,95,False
SKU-013,2025-09-03,86,False
SKU-013,2025-09-04,29,False
SKU-013,2025-09-05,88,False
SKU-013,2025-09-06,65,False
SKU-013,2025-09-07,71,False
SKU-013,2025-09-08,51,False
SKU-013,2025-09-09,50,False
SKU-013,2025-09-10,61,False
SKU-013,2025-09-11,157,False
SKU-013,2025-09-12,99,False
SKU-013,2025-09-13,72,False
SKU-013,2025-09-14,73,False
SKU-013,2025-09-15,68,False
SKU-013,2025-09-16,115,False
SKU-013,2025-09-17,50,False
SKU-013,2025-09-18,84,False
SKU-013,2025-09-19,78,False
SKU-013,2025-09-20,101,False
SKU-013,2025-09-21,77,False
SKU-013,2025-09-22,87,False
SKU-013,2025-09-23,79,False
SKU-013,2025-09-24,62,False
SKU-013,2025-09-25,93,False
SKU-013,2025-09-26,89,False
SKU-013,2025-09-27,,True
SKU-013,2025-09-28,90,False
SKU-013,2025-09-29,94,False
SKU-013,2025-09-30,62,False
SKU-013,2025-10-01,85,False
SKU-013,2025-10-02,48,False
SKU-013,2025-10-03,85,False
SKU-013,2025-10-04,103,False
SKU-013,2025-10-05,78,False
SKU-013,2025-10-06,66,False
SKU-013,2025-10-07,69,False
SKU-013,2025-10-08,65,False
SKU-013,2025-10-09,106,False
SKU-013,2025-10-10,92,False
SKU-013,2025-10-11,94,False
SKU-013,2025-10-12,76,False
SKU-013,2025-10-13,89,False
SKU-013,2025-10-14,106,False
SKU-013,2025-10-15,110,False
SKU-013,2025-10-16,34,False
SKU-013,2025-10-17,39,False
SKU-013,2025-10-18,89,False
SKU-013,2025-10-19,26,False
SKU-013,2025-10-20,103,False
SKU-013,2025-10-21,45,False
SKU-013,2025-10-22,53,False
SKU-013,2025-10-23,36,False
SKU-013,2025-10-24,57,False
SKU-013,2025-10-25,45,False
SKU-013,2025-10-26,96,False
SKU-013,2025-10-27,94,False
SKU-013,2025-10-28,108,False
SKU-013,2025-10-29,58,False
SKU-013,2025-10-30,84,False
SKU-013,2025-10-31,80,False
SKU-013,2025-11-01,108,False
SKU-013,2025-11-02,37,False
SKU-013,2025-11-03,82,False
SKU-013,2025-11-04,79,False
SKU-013,2025-11-05,107,False
SKU-013,2025-11-06,88,False
SKU-013,2025-11-07,76,False
SKU-013,2025-11-08,110,False
SKU-013,2025-11-09,35,False
SKU-013,2025-11-10,59,False
SKU-013,2025-11-11,56,False
SKU-013,2025-11-12,90,False
SKU-013,2025-11-13,69,False
SKU-013,2025-11-14,99,False
SKU-013,2025-11-15,86,False
SKU-013,2025-11-16,43,False
SKU-013,2025-11-17,84,False
SKU-013,2025-11-18,84,False
SKU-013,2025-11-19,30,False
SKU-013,2025-11-20,93,False
SKU-013,2025-11-21,118,False
SKU-013,2025-11-22,73,False
SKU-013,2025-11-23,29,False
SKU-013,2025-11-24,42,False
SKU-013,2025-11-25,86,False
SKU-013,2025-11-26,28,False
SKU-013,2025-11-27,52,False
SKU-013,2025-11-28,31,False
SKU-013,2025-11-29,45,False
SKU-013,2025-11-30,67,False
SKU-013,2025-12-01,96,False
SKU-013,2025-12-02,73,False
SKU-013,2025-12-03,69,False
SKU-013,2025-12-04,71,False
SKU-013,2025-12-05,83,False
SKU-013,2025-12-06,73,False
SKU-013,2025-12-07,62,False
SKU-013,2025-12-08,55,False
SKU-013,2025-12-09,55,False
SKU-013,2025-12-10,104,False
SKU-013,2025-12-11,31,False
SKU-013,2025-12-12,54,False
SKU-013,2025-12-13,24,False
SKU-013,2025-12-14,94,False
SKU-013,2025-12-15,63,False
SKU-013,2025-12-16,71,False
SKU-013,2025-12-17,61,False
SKU-013,2025-12-18,55,False
SKU-013,2025-12-19,54,False
SKU-013,2025-12-20,80,False
SKU-013,2025-12-21,74,False
SKU-013,2025-12-22,62,False
SKU-013,2025-12-23,75,False
SKU-013,2025-12-24,63,False
SKU-013,2025-12-25,68,False
SKU-013,2025-12-26,45,False
SKU-013,2025-12-27,30,False
SKU-013,2025-12-28,65,False
SKU-013,2025-12-29,62,False
SKU-013,2025-12-30,77,False
SKU-013,2025-12-31,82,False
SKU-013,2026-01-01,67,False
SKU-013,2026-01-02,72,False
SKU-013,2026-01-03,25,False
SKU-013,2026-01-04,74,False
SKU-013,2026-01-05,55,False
SKU-013,2026-01-06,57,False
SKU-013,2026-01-07,35,False
SKU-013,2026-01-08,68,False
SKU-013,2026-01-09,80,False
SKU-013,2026-01-10,32,False
SKU-013,2026-01-11,27,False
SKU-013,2026-01-12,44,False
SKU-013,2026-01-13,41,False
SKU-013,2026-01-14,36,False
SKU-013,2026-01-15,76,False
SKU-013,2026-01-16,69,False
SKU-013,2026-01-17,56,False
SKU-013,2026-01-18,,True
SKU-013,2026-01-19,54,False
SKU-013,2026-01-20,42,False
SKU-013,2026-01-21,27,False
SKU-013,2026-01-22,61,False
SKU-013,2026-01-23,64,False
SKU-013,2026-01-24,53,False
SKU-013,2026-01-25,86,False
SKU-013,2026-01-26,71,False
SKU-013,2026-01-27,38,False
SKU-013,2026-01-28,58,False
SKU-013,2026-01-29,47,False
SKU-013,2026-01-30,31,False
SKU-013,2026-01-31,44,False
SKU-013,2026-02-01,58,False
SKU-013,2026-02-02,16,False
SKU-013,2026-02-03,37,False
SKU-013,2026-02-04,26,False
SKU-013,2026-02-05,51,False
SKU-013,2026-02-06,,True
SKU-013,2026-02-07,32,False
SKU-013,2026-02-08,60,False
SKU-013,2026-02-09,43,False
SKU-013,2026-02-10,53,False
SKU-013,2026-02-11,46,False
SKU-013,2026-02-12,46,False
SKU-013,2026-02-13,30,False
SKU-013,2026-02-14,71,False
SKU-013,2026-02-15,35,False
SKU-013,2026-02-16,47,False
SKU-013,2026-02-17,43,False
SKU-013,2026-02-18,38,False
SKU-013,2026-02-19,42,False
SKU-013,2026-02-20,34,False
SKU-013,2026-02-21,20,False
SKU-013,2026-02-22,42,False
SKU-013,2026-02-23,37,False
SKU-013,2026-02-24,55,False
SKU-013,2026-02-25,47,False
SKU-013,2026-02-26,48,False
SKU-013,2026-02-27,59,False
SKU-013,2026-02-28,35,False
SKU-013,2026-03-01,52,False
SKU-013,2026-03-02,35,False
SKU-013,2026-03-03,28,False
SKU-013,2026-03-04,60,False
SKU-013,2026-03-05,,True
SKU-013,2026-03-06,49,False
SKU-013,2026-03-07,21,False
SKU-013,2026-03-08,53,False
SKU-013,2026-03-09,12,False
SKU-013,2026-03-10,32,False
SKU-013,2026-03-11,42,False
SKU-013,2026-03-12,45,False
SKU-013,2026-03-13,38,False
SKU-013,2026-03-14,40,False
SKU-013,2026-03-15,47,False
SKU-013,2026-03-16,52,False
SKU-013,2026-03-17,18,False
SKU-013,2026-03-18,23,False
SKU-013,2026-03-19,19,False
SKU-013,2026-03-20,33,False
SKU-013,2026-03-21,32,False
SKU-013,2026-03-22,18,False
SKU-013,2026-03-23,23,False
SKU-013,2026-03-24,34,False
SKU-013,2026-03-25,38,False
SKU-013,2026-03-26,33,False
SKU-013,2026-03-27,55,False
SKU-013,2026-03-28,35,False
SKU-013,2026-03-29,76,False
SKU-013,2026-03-30,41,False
SKU-013,2026-03-31,36,False
SKU-013,2026-04-01,53,False
SKU-013,2026-04-02,41,False
SKU-013,2026-04-03,48,False
SKU-013,2026-04-04,62,False
SKU-013,2026-04-05,38,False
SKU-013,2026-04-06,34,False
SKU-013,2026-04-07,61,False
SKU-013,2026-04-08,56,False
SKU-013,2026-04-09,27,False
SKU-013,2026-04-10,54,False
SKU-013,2026-04-11,50,False
SKU-013,2026-04-12,54,False
SKU-013,2026-04-13,36,False
SKU-013,2026-04-14,13,False
SKU-013,2026-04-15,43,False
SKU-013,2026-04-16,34,False
SKU-013,2026-04-17,40,False
SKU-013,2026-04-18,22,False
SKU-013,2026-04-19,46,False
SKU-013,2026-04-20,30,False
SKU-013,2026-04-21,15,False
SKU-013,2026-04-22,57,False
SKU-013,2026-04-23,49,False
SKU-013,2026-04-24,64,False
SKU-013,2026-04-25,32,False
SKU-013,2026-04-26,32,False
SKU-013,2026-04-27,58,False
SKU-013,2026-04-28,31,False
SKU-013,2026-04-29,51,False
SKU-013,2026-04-30,49,False
SKU-013,2026-05-01,53,False
SKU-013,2026-05-02,57,False
SKU-013,2026-05-03,58,False
SKU-013,2026-05-04,71,False
SKU-013,2026-05-05,46,False
SKU-013,2026-05-06,80,False
SKU-013,2026-05-07,62,False
SKU-013,2026-05-08,63,False
SKU-013,2026-05-09,22,False
SKU-013,2026-05-10,67,False
SKU-013,2026-05-11,28,False
SKU-013,2026-05-12,73,False
SKU-013,2026-05-13,41,False
SKU-013,2026-05-14,32,False
SKU-013,2026-05-15,40,False
SKU-013,2026-05-16,29,False
SKU-013,2026-05-17,,True
SKU-013,2026-05-18,83,False
SKU-013,2026-05-19,49,False
SKU-013,2026-05-20,62,False
SKU-013,2026-05-21,37,False
SKU-013,2026-05-22,65,False
SKU-013,2026-05-23,29,False
SKU-013,2026-05-24,24,False
SKU-013,2026-05-25,49,False
SKU-013,2026-05-26,14,False
SKU-013,2026-05-27,59,False
SKU-013,2026-05-28,70,False
SKU-013,2026-05-29,27,False
SKU-013,2026-05-30,58,False
SKU-013,2026-05-31,66,False
SKU-013,2026-06-01,58,False
SKU-013,2026-06-02,54,False
SKU-013,2026-06-03,61,False
SKU-013,2026-06-04,73,False
SKU-013,2026-06-05,50,False
SKU-013,2026-06-06,94,False
SKU-013,2026-06-07,71,False
SKU-013,2026-06-08,55,False
SKU-013,2026-06-09,86,False
SKU-013,2026-06-10,46,False
SKU-014,2025-06-11,102,False
SKU-014,2025-06-12,51,False
SKU-014,2025-06-13,84,False
SKU-014,2025-06-14,139,False
SKU-014,2025-06-15,123,False
SKU-014,2025-06-16,104,False
SKU-014,2025-06-17,114,False
SKU-014,2025-06-18,87,False
SKU-014,2025-06-19,78,False
SKU-014,2025-06-20,,True
SKU-014,2025-06-21,69,False
SKU-014,2025-06-22,86,False
SKU-014,2025-06-23,89,False
SKU-014,2025-06-24,59,False
SKU-014,2025-06-25,169,False
SKU-014,2025-06-26,94,False
SKU-014,2025-06-27,72,False
SKU-014,2025-06-28,131,False
SKU-014,2025-06-29,143,False
SKU-014,2025-06-30,,True
SKU-014,2025-07-01,118,False
SKU-014,2025-07-02,106,False
SKU-014,2025-07-03,87,False
SKU-014,2025-07-04,117,False
SKU-014,2025-07-05,112,False
SKU-014,2025-07-06,84,False
SKU-014,2025-07-07,96,False
SKU-014,2025-07-08,177,False
SKU-014,2025-07-09,,True
SKU-014,2025-07-10,105,False
SKU-014,2025-07-11,98,False
SKU-014,2025-07-12,134,False
SKU-014,2025-07-13,69,False
SKU-014,2025-07-14,80,False
SKU-014,2025-07-15,119,False
SKU-014,2025-07-16,106,False
SKU-014,2025-07-17,90,False
SKU-014,2025-07-18,124,False
SKU-014,2025-07-19,143,False
SKU-014,2025-07-20,133,False
SKU-014,2025-07-21,68,False
SKU-014,2025-07-22,56,False
SKU-014,2025-07-23,59,False
SKU-014,2025-07-24,113,False
SKU-014,2025-07-25,94,False
SKU-014,2025-07-26,77,False
SKU-014,2025-07-27,128,False
SKU-014,2025-07-28,137,False
SKU-014,2025-07-29,129,False
SKU-014,2025-07-30,101,False
SKU-014,2025-07-31,142,False
SKU-014,2025-08-01,95,False
SKU-014,2025-08-02,125,False
SKU-014,2025-08-03,180,False
SKU-014,2025-08-04,97,False
SKU-014,2025-08-05,,True
SKU-014,2025-08-06,61,False
SKU-014,2025-08-07,116,False
SKU-014,2025-08-08,138,False
SKU-014,2025-08-09,143,False
SKU-014,2025-08-10,64,False
SKU-014,2025-08-11,,True
SKU-014,2025-08-12,93,False
SKU-014,2025-08-13,71,False
SKU-014,2025-08-14,156,False
SKU-014,2025-08-15,72,False
SKU-014,2025-08-16,185,False
SKU-014,2025-08-17,135,False
SKU-014,2025-08-18,111,False
SKU-014,2025-08-19,128,False
SKU-014,2025-08-20,74,False
SKU-014,2025-08-21,135,False
SKU-014,2025-08-22,112,False
SKU-014,2025-08-23,101,False
SKU-014,2025-08-24,121,False
SKU-014,2025-08-25,76,False
SKU-014,2025-08-26,73,False
SKU-014,2025-08-27,113,False
SKU-014,2025-08-28,158,False
SKU-014,2025-08-29,146,False
SKU-014,2025-08-30,136,False
SKU-014,2025-08-31,167,False
SKU-014,2025-09-01,125,False
SKU-014,2025-09-02,76,False
SKU-014,2025-09-03,153,False
SKU-014,2025-09-04,95,False
SKU-014,2025-09-05,93,False
SKU-014,2025-09-06,104,False
SKU-014,2025-09-07,156,False
SKU-014,2025-09-08,129,False
SKU-014,2025-09-09,61,False
SKU-014,2025-09-10,160,False
SKU-014,2025-09-11,98,False
SKU-014,2025-09-12,146,False
SKU-014,2025-09-13,139,False
SKU-014,2025-09-14,102,False
SKU-014,2025-09-15,186,False
SKU-014,2025-09-16,75,False
SKU-014,2025-09-17,165,False
SKU-014,2025-09-18,129,False
SKU-014,2025-09-19,118,False
SKU-014,2025-09-20,104,False
SKU-014,2025-09-21,86,False
SKU-014,2025-09-22,,True
SKU-014,2025-09-23,96,False
SKU-014,2025-09-24,74,False
SKU-014,2025-09-25,97,False
SKU-014,2025-09-26,154,False
SKU-014,2025-09-27,114,False
SKU-014,2025-09-28,145,False
SKU-014,2025-09-29,161,False
SKU-014,2025-09-30,122,False
SKU-014,2025-10-01,116,False
SKU-014,2025-10-02,126,False
SKU-014,2025-10-03,102,False
SKU-014,2025-10-04,124,False
SKU-014,2025-10-05,166,False
SKU-014,2025-10-06,34,False
SKU-014,2025-10-07,123,False
SKU-014,2025-10-08,99,False
SKU-014,2025-10-09,165,False
SKU-014,2025-10-10,96,False
SKU-014,2025-10-11,125,False
SKU-014,2025-10-12,133,False
SKU-014,2025-10-13,95,False
SKU-014,2025-10-14,115,False
SKU-014,2025-10-15,84,False
SKU-014,2025-10-16,45,False
SKU-014,2025-10-17,116,False
SKU-014,2025-10-18,129,False
SKU-014,2025-10-19,70,False
SKU-014,2025-10-20,82,False
SKU-014,2025-10-21,98,False
SKU-014,2025-10-22,114,False
SKU-014,2025-10-23,117,False
SKU-014,2025-10-24,93,False
SKU-014,2025-10-25,165,False
SKU-014,2025-10-26,104,False
SKU-014,2025-10-27,114,False
SKU-014,2025-10-28,115,False
SKU-014,2025-10-29,79,False
SKU-014,2025-10-30,70,False
SKU-014,2025-10-31,145,False
SKU-014,2025-11-01,134,False
SKU-014,2025-11-02,108,False
SKU-014,2025-11-03,137,False
SKU-014,2025-11-04,82,False
SKU-014,2025-11-05,91,False
SKU-014,2025-11-06,102,False
SKU-014,2025-11-07,149,False
SKU-014,2025-11-08,64,False
SKU-014,2025-11-09,59,False
SKU-014,2025-11-10,127,False
SKU-014,2025-11-11,120,False
SKU-014,2025-11-12,153,False
SKU-014,2025-11-13,88,False
SKU-014,2025-11-14,109,False
SKU-014,2025-11-15,73,False
SKU-014,2025-11-16,126,False
SKU-014,2025-11-17,153,False
SKU-014,2025-11-18,32,False
SKU-014,2025-11-19,115,False
SKU-014,2025-11-20,74,False
SKU-014,2025-11-21,138,False
SKU-014,2025-11-22,108,False
SKU-014,2025-11-23,112,False
SKU-014,2025-11-24,54,False
SKU-014,2025-11-25,68,False
SKU-014,2025-11-26,117,False
SKU-014,2025-11-27,62,False
SKU-014,2025-11-28,122,False
SKU-014,2025-11-29,109,False
SKU-014,2025-11-30,91,False
SKU-014,2025-12-01,,True
SKU-014,2025-12-02,95,False
SKU-014,2025-12-03,75,False
SKU-014,2025-12-04,129,False
SKU-014,2025-12-05,113,False
SKU-014,2025-12-06,145,False
SKU-014,2025-12-07,153,False
SKU-014,2025-12-08,87,False
SKU-014,2025-12-09,93,False
SKU-014,2025-12-10,77,False
SKU-014,2025-12-11,72,False
SKU-014,2025-12-12,120,False
SKU-014,2025-12-13,95,False
SKU-014,2025-12-14,100,False
SKU-014,2025-12-15,115,False
SKU-014,2025-12-16,55,False
SKU-014,2025-12-17,63,False
SKU-014,2025-12-18,100,False
SKU-014,2025-12-19,53,False
SKU-014,2025-12-20,68,False
SKU-014,2025-12-21,83,False
SKU-014,2025-12-22,67,False
SKU-014,2025-12-23,111,False
SKU-014,2025-12-24,99,False
SKU-014,2025-12-25,81,False
SKU-014,2025-12-26,66,False
SKU-014,2025-12-27,86,False
SKU-014,2025-12-28,83,False
SKU-014,2025-12-29,85,False
SKU-014,2025-12-30,91,False
SKU-014,2025-12-31,34,False
SKU-014,2026-01-01,72,False
SKU-014,2026-01-02,66,False
SKU-014,2026-01-03,83,False
SKU-014,2026-01-04,83,False
SKU-014,2026-01-05,99,False
SKU-014,2026-01-06,38,False
SKU-014,2026-01-07,74,False
SKU-014,2026-01-08,87,False
SKU-014,2026-01-09,93,False
SKU-014,2026-01-10,104,False
SKU-014,2026-01-11,112,False
SKU-014,2026-01-12,86,False
SKU-014,2026-01-13,66,False
SKU-014,2026-01-14,58,False
SKU-014,2026-01-15,79,False
SKU-014,2026-01-16,62,False
SKU-014,2026-01-17,78,False
SKU-014,2026-01-18,89,False
SKU-014,2026-01-19,78,False
SKU-014,2026-01-20,70,False
SKU-014,2026-01-21,50,False
SKU-014,2026-01-22,50,False
SKU-014,2026-01-23,57,False
SKU-014,2026-01-24,58,False
SKU-014,2026-01-25,43,False
SKU-014,2026-01-26,75,False
SKU-014,2026-01-27,72,False
SKU-014,2026-01-28,81,False
SKU-014,2026-01-29,78,False
SKU-014,2026-01-30,62,False
SKU-014,2026-01-31,75,False
SKU-014,2026-02-01,67,False
SKU-014,2026-02-02,82,False
SKU-014,2026-02-03,61,False
SKU-014,2026-02-04,94,False
SKU-014,2026-02-05,36,False
SKU-014,2026-02-06,66,False
SKU-014,2026-02-07,79,False
SKU-014,2026-02-08,58,False
SKU-014,2026-02-09,82,False
SKU-014,2026-02-10,,True
SKU-014,2026-02-11,48,False
SKU-014,2026-02-12,68,False
SKU-014,2026-02-13,91,False
SKU-014,2026-02-14,79,False
SKU-014,2026-02-15,90,False
SKU-014,2026-02-16,60,False
SKU-014,2026-02-17,92,False
SKU-014,2026-02-18,87,False
SKU-014,2026-02-19,76,False
SKU-014,2026-02-20,44,False
SKU-014,2026-02-21,77,False
SKU-014,2026-02-22,73,False
SKU-014,2026-02-23,58,False
SKU-014,2026-02-24,6,False
SKU-014,2026-02-25,61,False
SKU-014,2026-02-26,66,False
SKU-014,2026-02-27,89,False
SKU-014,2026-02-28,42,False
SKU-014,2026-03-01,55,False
SKU-014,2026-03-02,58,False
SKU-014,2026-03-03,115,False
SKU-014,2026-03-04,70,False
SKU-014,2026-03-05,77,False
SKU-014,2026-03-06,80,False
SKU-014,2026-03-07,80,False
SKU-014,2026-03-08,60,False
SKU-014,2026-03-09,88,False
SKU-014,2026-03-10,55,False
SKU-014,2026-03-11,45,False
SKU-014,2026-03-12,26,False
SKU-014,2026-03-13,48,False
SKU-014,2026-03-14,60,False
SKU-014,2026-03-15,47,False
SKU-014,2026-03-16,75,False
SKU-014,2026-03-17,85,False
SKU-014,2026-03-18,68,False
SKU-014,2026-03-19,44,False
SKU-014,2026-03-20,71,False
SKU-014,2026-03-21,51,False
SKU-014,2026-03-22,111,False
SKU-014,2026-03-23,52,False
SKU-014,2026-03-24,65,False
SKU-014,2026-03-25,55,False
SKU-014,2026-03-26,49,False
SKU-014,2026-03-27,69,False
SKU-014,2026-03-28,64,False
SKU-014,2026-03-29,79,False
SKU-014,2026-03-30,69,False
SKU-014,2026-03-31,79,False
SKU-014,2026-04-01,64,False
SKU-014,2026-04-02,82,False
SKU-014,2026-04-03,42,False
SKU-014,2026-04-04,78,False
SKU-014,2026-04-05,73,False
SKU-014,2026-04-06,58,False
SKU-014,2026-04-07,61,False
SKU-014,2026-04-08,44,False
SKU-014,2026-04-09,94,False
SKU-014,2026-04-10,75,False
SKU-014,2026-04-11,64,False
SKU-014,2026-04-12,57,False
SKU-014,2026-04-13,90,False
SKU-014,2026-04-14,40,False
SKU-014,2026-04-15,53,False
SKU-014,2026-04-16,51,False
SKU-014,2026-04-17,62,False
SKU-014,2026-04-18,50,False
SKU-014,2026-04-19,50,False
SKU-014,2026-04-20,58,False
SKU-014,2026-04-21,73,False
SKU-014,2026-04-22,99,False
SKU-014,2026-04-23,56,False
SKU-014,2026-04-24,51,False
SKU-014,2026-04-25,80,False
SKU-014,2026-04-26,91,False
SKU-014,2026-04-27,65,False
SKU-014,2026-04-28,66,False
SKU-014,2026-04-29,86,False
SKU-014,2026-04-30,45,False
SKU-014,2026-05-01,65,False
SKU-014,2026-05-02,,True
SKU-014,2026-05-03,86,False
SKU-014,2026-05-04,90,False
SKU-014,2026-05-05,56,False
SKU-014,2026-05-06,89,False
SKU-014,2026-05-07,46,False
SKU-014,2026-05-08,68,False
SKU-014,2026-05-09,100,False
SKU-014,2026-05-10,73,False
SKU-014,2026-05-11,42,False
SKU-014,2026-05-12,80,False
SKU-014,2026-05-13,89,False
SKU-014,2026-05-14,83,False
SKU-014,2026-05-15,111,False
SKU-014,2026-05-16,,True
SKU-014,2026-05-17,143,False
SKU-014,2026-05-18,,True
SKU-014,2026-05-19,68,False
SKU-014,2026-05-20,87,False
SKU-014,2026-05-21,87,False
SKU-014,2026-05-22,93,False
SKU-014,2026-05-23,59,False
SKU-014,2026-05-24,25,False
SKU-014,2026-05-25,120,False
SKU-014,2026-05-26,39,False
SKU-014,2026-05-27,70,False
SKU-014,2026-05-28,64,False
SKU-014,2026-05-29,66,False
SKU-014,2026-05-30,99,False
SKU-014,2026-05-31,52,False
SKU-014,2026-06-01,58,False
SKU-014,2026-06-02,77,False
SKU-014,2026-06-03,114,False
SKU-014,2026-06-04,79,False
SKU-014,2026-06-05,83,False
SKU-014,2026-06-06,76,False
SKU-014,2026-06-07,115,False
SKU-014,2026-06-08,,True
SKU-014,2026-06-09,76,False
SKU-014,2026-06-10,124,False
SKU-015,2025-06-11,297,False
SKU-015,2025-06-12,226,False
SKU-015,2025-06-13,193,False
SKU-015,2025-06-14,163,False
SKU-015,2025-06-15,233,False
SKU-015,2025-06-16,156,False
SKU-015,2025-06-17,187,False
SKU-015,2025-06-18,210,False
SKU-015,2025-06-19,191,False
SKU-015,2025-06-20,158,False
SKU-015,2025-06-21,186,False
SKU-015,2025-06-22,277,False
SKU-015,2025-06-23,257,False
SKU-015,2025-06-24,166,False
SKU-015,2025-06-25,167,False
SKU-015,2025-06-26,149,False
SKU-015,2025-06-27,175,False
SKU-015,2025-06-28,196,False
SKU-015,2025-06-29,162,False
SKU-015,2025-06-30,252,False
SKU-015,2025-07-01,216,False
SKU-015,2025-07-02,178,False
SKU-015,2025-07-03,248,False
SKU-015,2025-07-04,178,False
SKU-015,2025-07-05,227,False
SKU-015,2025-07-06,129,False
SKU-015,2025-07-07,244,False
SKU-015,2025-07-08,286,False
SKU-015,2025-07-09,258,False
SKU-015,2025-07-10,225,False
SKU-015,2025-07-11,270,False
SKU-015,2025-07-12,234,False
SKU-015,2025-07-13,236,False
SKU-015,2025-07-14,181,False
SKU-015,2025-07-15,260,False
SKU-015,2025-07-16,195,False
SKU-015,2025-07-17,164,False
SKU-015,2025-07-18,214,False
SKU-015,2025-07-19,232,False
SKU-015,2025-07-20,122,False
SKU-015,2025-07-21,152,False
SKU-015,2025-07-22,150,False
SKU-015,2025-07-23,234,False
SKU-015,2025-07-24,172,False
SKU-015,2025-07-25,226,False
SKU-015,2025-07-26,212,False
SKU-015,2025-07-27,166,False
SKU-015,2025-07-28,157,False
SKU-015,2025-07-29,157,False
SKU-015,2025-07-30,207,False
SKU-015,2025-07-31,211,False
SKU-015,2025-08-01,213,False
SKU-015,2025-08-02,216,False
SKU-015,2025-08-03,208,False
SKU-015,2025-08-04,224,False
SKU-015,2025-08-05,222,False
SKU-015,2025-08-06,217,False
SKU-015,2025-08-07,308,False
SKU-015,2025-08-08,194,False
SKU-015,2025-08-09,183,False
SKU-015,2025-08-10,253,False
SKU-015,2025-08-11,227,False
SKU-015,2025-08-12,153,False
SKU-015,2025-08-13,199,False
SKU-015,2025-08-14,240,False
SKU-015,2025-08-15,233,False
SKU-015,2025-08-16,241,False
SKU-015,2025-08-17,207,False
SKU-015,2025-08-18,202,False
SKU-015,2025-08-19,174,False
SKU-015,2025-08-20,260,False
SKU-015,2025-08-21,168,False
SKU-015,2025-08-22,300,False
SKU-015,2025-08-23,249,False
SKU-015,2025-08-24,201,False
SKU-015,2025-08-25,187,False
SKU-015,2025-08-26,148,False
SKU-015,2025-08-27,163,False
SKU-015,2025-08-28,234,False
SKU-015,2025-08-29,187,False
SKU-015,2025-08-30,133,False
SKU-015,2025-08-31,196,False
SKU-015,2025-09-01,272,False
SKU-015,2025-09-02,100,False
SKU-015,2025-09-03,212,False
SKU-015,2025-09-04,116,False
SKU-015,2025-09-05,168,False
SKU-015,2025-09-06,131,False
SKU-015,2025-09-07,207,False
SKU-015,2025-09-08,129,False
SKU-015,2025-09-09,232,False
SKU-015,2025-09-10,237,False
SKU-015,2025-09-11,179,False
SKU-015,2025-09-12,222,False
SKU-015,2025-09-13,206,False
SKU-015,2025-09-14,261,False
SKU-015,2025-09-15,262,False
SKU-015,2025-09-16,147,False
SKU-015,2025-09-17,273,False
SKU-015,2025-09-18,206,False
SKU-015,2025-09-19,220,False
SKU-015,2025-09-20,220,False
SKU-015,2025-09-21,180,False
SKU-015,2025-09-22,171,False
SKU-015,2025-09-23,176,False
SKU-015,2025-09-24,203,False
SKU-015,2025-09-25,147,False
SKU-015,2025-09-26,185,False
SKU-015,2025-09-27,228,False
SKU-015,2025-09-28,183,False
SKU-015,2025-09-29,207,False
SKU-015,2025-09-30,162,False
SKU-015,2025-10-01,192,False
SKU-015,2025-10-02,271,False
SKU-015,2025-10-03,258,False
SKU-015,2025-10-04,157,False
SKU-015,2025-10-05,207,False
SKU-015,2025-10-06,224,False
SKU-015,2025-10-07,198,False
SKU-015,2025-10-08,168,False
SKU-015,2025-10-09,280,False
SKU-015,2025-10-10,299,False
SKU-015,2025-10-11,178,False
SKU-015,2025-10-12,206,False
SKU-015,2025-10-13,192,False
SKU-015,2025-10-14,244,False
SKU-015,2025-10-15,188,False
SKU-015,2025-10-16,262,False
SKU-015,2025-10-17,189,False
SKU-015,2025-10-18,209,False
SKU-015,2025-10-19,186,False
SKU-015,2025-10-20,206,False
SKU-015,2025-10-21,193,False
SKU-015,2025-10-22,208,False
SKU-015,2025-10-23,289,False
SKU-015,2025-10-24,152,False
SKU-015,2025-10-25,201,False
SKU-015,2025-10-26,157,False
SKU-015,2025-10-27,132,False
SKU-015,2025-10-28,232,False
SKU-015,2025-10-29,235,False
SKU-015,2025-10-30,229,False
SKU-015,2025-10-31,268,False
SKU-015,2025-11-01,115,False
SKU-015,2025-11-02,149,False
SKU-015,2025-11-03,176,False
SKU-015,2025-11-04,197,False
SKU-015,2025-11-05,,True
SKU-015,2025-11-06,234,False
SKU-015,2025-11-07,91,False
SKU-015,2025-11-08,159,False
SKU-015,2025-11-09,188,False
SKU-015,2025-11-10,156,False
SKU-015,2025-11-11,251,False
SKU-015,2025-11-12,181,False
SKU-015,2025-11-13,185,False
SKU-015,2025-11-14,197,False
SKU-015,2025-11-15,228,False
SKU-015,2025-11-16,82,False
SKU-015,2025-11-17,225,False
SKU-015,2025-11-18,203,False
SKU-015,2025-11-19,215,False
SKU-015,2025-11-20,169,False
SKU-015,2025-11-21,174,False
SKU-015,2025-11-22,203,False
SKU-015,2025-11-23,163,False
SKU-015,2025-11-24,182,False
SKU-015,2025-11-25,180,False
SKU-015,2025-11-26,209,False
SKU-015,2025-11-27,208,False
SKU-015,2025-11-28,188,False
SKU-015,2025-11-29,193,False
SKU-015,2025-11-30,192,False
SKU-015,2025-12-01,165,False
SKU-015,2025-12-02,226,False
SKU-015,2025-12-03,166,False
SKU-015,2025-12-04,189,False
SKU-015,2025-12-05,215,False
SKU-015,2025-12-06,203,False
SKU-015,2025-12-07,240,False
SKU-015,2025-12-08,142,False
SKU-015,2025-12-09,233,False
SKU-015,2025-12-10,162,False
SKU-015,2025-12-11,272,False
SKU-015,2025-12-12,169,False
SKU-015,2025-12-13,157,False
SKU-015,2025-12-14,207,False
SKU-015,2025-12-15,211,False
SKU-015,2025-12-16,262,False
SKU-015,2025-12-17,210,False
SKU-015,2025-12-18,210,False
SKU-015,2025-12-19,145,False
SKU-015,2025-12-20,219,False
SKU-015,2025-12-21,284,False
SKU-015,2025-12-22,81,False
SKU-015,2025-12-23,309,False
SKU-015,2025-12-24,230,False
SKU-015,2025-12-25,187,False
SKU-015,2025-12-26,154,False
SKU-015,2025-12-27,185,False
SKU-015,2025-12-28,185,False
SKU-015,2025-12-29,197,False
SKU-015,2025-12-30,165,False
SKU-015,2025-12-31,213,False
SKU-015,2026-01-01,201,False
SKU-015,2026-01-02,234,False
SKU-015,2026-01-03,126,False
SKU-015,2026-01-04,221,False
SKU-015,2026-01-05,189,False
SKU-015,2026-01-06,105,False
SKU-015,2026-01-07,97,False
SKU-015,2026-01-08,196,False
SKU-015,2026-01-09,154,False
SKU-015,2026-01-10,215,False
SKU-015,2026-01-11,240,False
SKU-015,2026-01-12,240,False
SKU-015,2026-01-13,178,False
SKU-015,2026-01-14,187,False
SKU-015,2026-01-15,192,False
SKU-015,2026-01-16,217,False
SKU-015,2026-01-17,141,False
SKU-015,2026-01-18,169,False
SKU-015,2026-01-19,205,False
SKU-015,2026-01-20,194,False
SKU-015,2026-01-21,99,False
SKU-015,2026-01-22,164,False
SKU-015,2026-01-23,247,False
SKU-015,2026-01-24,210,False
SKU-015,2026-01-25,262,False
SKU-015,2026-01-26,268,False
SKU-015,2026-01-27,171,False
SKU-015,2026-01-28,237,False
SKU-015,2026-01-29,272,False
SKU-015,2026-01-30,267,False
SKU-015,2026-01-31,89,False
SKU-015,2026-02-01,100,False
SKU-015,2026-02-02,169,False
SKU-015,2026-02-03,239,False
SKU-015,2026-02-04,219,False
SKU-015,2026-02-05,167,False
SKU-015,2026-02-06,231,False
SKU-015,2026-02-07,271,False
SKU-015,2026-02-08,284,False
SKU-015,2026-02-09,249,False
SKU-015,2026-02-10,173,False
SKU-015,2026-02-11,163,False
SKU-015,2026-02-12,105,False
SKU-015,2026-02-13,141,False
SKU-015,2026-02-14,167,False
SKU-015,2026-02-15,250,False
SKU-015,2026-02-16,227,False
SKU-015,2026-02-17,159,False
SKU-015,2026-02-18,211,False
SKU-015,2026-02-19,223,False
SKU-015,2026-02-20,231,False
SKU-015,2026-02-21,197,False
SKU-015,2026-02-22,184,False
SKU-015,2026-02-23,185,False
SKU-015,2026-02-24,192,False
SKU-015,2026-02-25,249,False
SKU-015,2026-02-26,320,False
SKU-015,2026-02-27,131,False
SKU-015,2026-02-28,187,False
SKU-015,2026-03-01,177,False
SKU-015,2026-03-02,200,False
SKU-015,2026-03-03,189,False
SKU-015,2026-03-04,,True
SKU-015,2026-03-05,179,False
SKU-015,2026-03-06,230,False
SKU-015,2026-03-07,205,False
SKU-015,2026-03-08,193,False
SKU-015,2026-03-09,144,False
SKU-015,2026-03-10,255,False
SKU-015,2026-03-11,245,False
SKU-015,2026-03-12,167,False
SKU-015,2026-03-13,214,False
SKU-015,2026-03-14,197,False
SKU-015,2026-03-15,177,False
SKU-015,2026-03-16,220,False
SKU-015,2026-03-17,128,False
SKU-015,2026-03-18,189,False
SKU-015,2026-03-19,264,False
SKU-015,2026-03-20,189,False
SKU-015,2026-03-21,161,False
SKU-015,2026-03-22,274,False
SKU-015,2026-03-23,166,False
SKU-015,2026-03-24,149,False
SKU-015,2026-03-25,119,False
SKU-015,2026-03-26,225,False
SKU-015,2026-03-27,201,False
SKU-015,2026-03-28,183,False
SKU-015,2026-03-29,167,False
SKU-015,2026-03-30,196,False
SKU-015,2026-03-31,162,False
SKU-015,2026-04-01,286,False
SKU-015,2026-04-02,,True
SKU-015,2026-04-03,253,False
SKU-015,2026-04-04,224,False
SKU-015,2026-04-05,168,False
SKU-015,2026-04-06,217,False
SKU-015,2026-04-07,165,False
SKU-015,2026-04-08,159,False
SKU-015,2026-04-09,189,False
SKU-015,2026-04-10,231,False
SKU-015,2026-04-11,213,False
SKU-015,2026-04-12,155,False
SKU-015,2026-04-13,218,False
SKU-015,2026-04-14,212,False
SKU-015,2026-04-15,171,False
SKU-015,2026-04-16,318,False
SKU-015,2026-04-17,238,False
SKU-015,2026-04-18,234,False
SKU-015,2026-04-19,176,False
SKU-015,2026-04-20,131,False
SKU-015,2026-04-21,218,False
SKU-015,2026-04-22,149,False
SKU-015,2026-04-23,186,False
SKU-015,2026-04-24,253,False
SKU-015,2026-04-25,273,False
SKU-015,2026-04-26,229,False
SKU-015,2026-04-27,161,False
SKU-015,2026-04-28,231,False
SKU-015,2026-04-29,191,False
SKU-015,2026-04-30,274,False
SKU-015,2026-05-01,182,False
SKU-015,2026-05-02,244,False
SKU-015,2026-05-03,217,False
SKU-015,2026-05-04,262,False
SKU-015,2026-05-05,,True
SKU-015,2026-05-06,255,False
SKU-015,2026-05-07,206,False
SKU-015,2026-05-08,180,False
SKU-015,2026-05-09,206,False
SKU-015,2026-05-10,141,False
SKU-015,2026-05-11,180,False
SKU-015,2026-05-12,223,False
SKU-015,2026-05-13,221,False
SKU-015,2026-05-14,174,False
SKU-015,2026-05-15,184,False
SKU-015,2026-05-16,228,False
SKU-015,2026-05-17,209,False
SKU-015,2026-05-18,202,False
SKU-015,2026-05-19,157,False
SKU-015,2026-05-20,231,False
SKU-015,2026-05-21,209,False
SKU-015,2026-05-22,278,False
SKU-015,2026-05-23,257,False
SKU-015,2026-05-24,256,False
SKU-015,2026-05-25,197,False
SKU-015,2026-05-26,163,False
SKU-015,2026-05-27,186,False
SKU-015,2026-05-28,,True
SKU-015,2026-05-29,230,False
SKU-015,2026-05-30,144,False
SKU-015,2026-05-31,208,False
SKU-015,2026-06-01,170,False
SKU-015,2026-06-02,175,False
SKU-015,2026-06-03,249,False
SKU-015,2026-06-04,210,False
SKU-015,2026-06-05,234,False
SKU-015,2026-06-06,194,False
SKU-015,2026-06-07,219,False
SKU-015,2026-06-08,99,False
SKU-015,2026-06-09,210,False
SKU-015,2026-06-10,253,False
SKU-016,2025-06-11,185,False
SKU-016,2025-06-12,160,False
SKU-016,2025-06-13,173,False
SKU-016,2025-06-14,154,False
SKU-016,2025-06-15,199,False
SKU-016,2025-06-16,155,False
SKU-016,2025-06-17,149,False
SKU-016,2025-06-18,201,False
SKU-016,2025-06-19,194,False
SKU-016,2025-06-20,180,False
SKU-016,2025-06-21,204,False
SKU-016,2025-06-22,170,False
SKU-016,2025-06-23,124,False
SKU-016,2025-06-24,179,False
SKU-016,2025-06-25,217,False
SKU-016,2025-06-26,155,False
SKU-016,2025-06-27,,True
SKU-016,2025-06-28,153,False
SKU-016,2025-06-29,112,False
SKU-016,2025-06-30,155,False
SKU-016,2025-07-01,238,False
SKU-016,2025-07-02,94,False
SKU-016,2025-07-03,172,False
SKU-016,2025-07-04,233,False
SKU-016,2025-07-05,221,False
SKU-016,2025-07-06,217,False
SKU-016,2025-07-07,241,False
SKU-016,2025-07-08,192,False
SKU-016,2025-07-09,177,False
SKU-016,2025-07-10,196,False
SKU-016,2025-07-11,132,False
SKU-016,2025-07-12,150,False
SKU-016,2025-07-13,201,False
SKU-016,2025-07-14,237,False
SKU-016,2025-07-15,149,False
SKU-016,2025-07-16,136,False
SKU-016,2025-07-17,225,False
SKU-016,2025-07-18,196,False
SKU-016,2025-07-19,237,False
SKU-016,2025-07-20,179,False
SKU-016,2025-07-21,228,False
SKU-016,2025-07-22,164,False
SKU-016,2025-07-23,96,False
SKU-016,2025-07-24,182,False
SKU-016,2025-07-25,174,False
SKU-016,2025-07-26,289,False
SKU-016,2025-07-27,228,False
SKU-016,2025-07-28,161,False
SKU-016,2025-07-29,129,False
SKU-016,2025-07-30,155,False
SKU-016,2025-07-31,184,False
SKU-016,2025-08-01,189,False
SKU-016,2025-08-02,240,False
SKU-016,2025-08-03,217,False
SKU-016,2025-08-04,100,False
SKU-016,2025-08-05,148,False
SKU-016,2025-08-06,148,False
SKU-016,2025-08-07,170,False
SKU-016,2025-08-08,165,False
SKU-016,2025-08-09,173,False
SKU-016,2025-08-10,213,False
SKU-016,2025-08-11,116,False
SKU-016,2025-08-12,141,False
SKU-016,2025-08-13,150,False
SKU-016,2025-08-14,160,False
SKU-016,2025-08-15,155,False
SKU-016,2025-08-16,137,False
SKU-016,2025-08-17,199,False
SKU-016,2025-08-18,178,False
SKU-016,2025-08-19,225,False
SKU-016,2025-08-20,256,False
SKU-016,2025-08-21,229,False
SKU-016,2025-08-22,196,False
SKU-016,2025-08-23,156,False
SKU-016,2025-08-24,225,False
SKU-016,2025-08-25,149,False
SKU-016,2025-08-26,209,False
SKU-016,2025-08-27,126,False
SKU-016,2025-08-28,172,False
SKU-016,2025-08-29,280,False
SKU-016,2025-08-30,150,False
SKU-016,2025-08-31,209,False
SKU-016,2025-09-01,132,False
SKU-016,2025-09-02,158,False
SKU-016,2025-09-03,128,False
SKU-016,2025-09-04,221,False
SKU-016,2025-09-05,186,False
SKU-016,2025-09-06,175,False
SKU-016,2025-09-07,150,False
SKU-016,2025-09-08,219,False
SKU-016,2025-09-09,164,False
SKU-016,2025-09-10,226,False
SKU-016,2025-09-11,,True
SKU-016,2025-09-12,172,False
SKU-016,2025-09-13,197,False
SKU-016,2025-09-14,232,False
SKU-016,2025-09-15,151,False
SKU-016,2025-09-16,167,False
SKU-016,2025-09-17,181,False
SKU-016,2025-09-18,98,False
SKU-016,2025-09-19,97,False
SKU-016,2025-09-20,314,False
SKU-016,2025-09-21,114,False
SKU-016,2025-09-22,92,False
SKU-016,2025-09-23,194,False
SKU-016,2025-09-24,190,False
SKU-016,2025-09-25,182,False
SKU-016,2025-09-26,172,False
SKU-016,2025-09-27,92,False
SKU-016,2025-09-28,188,False
SKU-016,2025-09-29,167,False
SKU-016,2025-09-30,224,False
SKU-016,2025-10-01,211,False
SKU-016,2025-10-02,173,False
SKU-016,2025-10-03,174,False
SKU-016,2025-10-04,152,False
SKU-016,2025-10-05,242,False
SKU-016,2025-10-06,229,False
SKU-016,2025-10-07,162,False
SKU-016,2025-10-08,213,False
SKU-016,2025-10-09,124,False
SKU-016,2025-10-10,109,False
SKU-016,2025-10-11,179,False
SKU-016,2025-10-12,175,False
SKU-016,2025-10-13,208,False
SKU-016,2025-10-14,,True
SKU-016,2025-10-15,97,False
SKU-016,2025-10-16,156,False
SKU-016,2025-10-17,212,False
SKU-016,2025-10-18,135,False
SKU-016,2025-10-19,160,False
SKU-016,2025-10-20,176,False
SKU-016,2025-10-21,152,False
SKU-016,2025-10-22,188,False
SKU-016,2025-10-23,103,False
SKU-016,2025-10-24,240,False
SKU-016,2025-10-25,214,False
SKU-016,2025-10-26,121,False
SKU-016,2025-10-27,106,False
SKU-016,2025-10-28,189,False
SKU-016,2025-10-29,190,False
SKU-016,2025-10-30,204,False
SKU-016,2025-10-31,209,False
SKU-016,2025-11-01,200,False
SKU-016,2025-11-02,161,False
SKU-016,2025-11-03,175,False
SKU-016,2025-11-04,230,False
SKU-016,2025-11-05,150,False
SKU-016,2025-11-06,143,False
SKU-016,2025-11-07,260,False
SKU-016,2025-11-08,198,False
SKU-016,2025-11-09,196,False
SKU-016,2025-11-10,245,False
SKU-016,2025-11-11,188,False
SKU-016,2025-11-12,151,False
SKU-016,2025-11-13,217,False
SKU-016,2025-11-14,112,False
SKU-016,2025-11-15,177,False
SKU-016,2025-11-16,228,False
SKU-016,2025-11-17,164,False
SKU-016,2025-11-18,156,False
SKU-016,2025-11-19,150,False
SKU-016,2025-11-20,210,False
SKU-016,2025-11-21,161,False
SKU-016,2025-11-22,,True
SKU-016,2025-11-23,145,False
SKU-016,2025-11-24,198,False
SKU-016,2025-11-25,211,False
SKU-016,2025-11-26,160,False
SKU-016,2025-11-27,258,False
SKU-016,2025-11-28,190,False
SKU-016,2025-11-29,139,False
SKU-016,2025-11-30,197,False
SKU-016,2025-12-01,152,False
SKU-016,2025-12-02,208,False
SKU-016,2025-12-03,267,False
SKU-016,2025-12-04,163,False
SKU-016,2025-12-05,134,False
SKU-016,2025-12-06,178,False
SKU-016,2025-12-07,171,False
SKU-016,2025-12-08,186,False
SKU-016,2025-12-09,265,False
SKU-016,2025-12-10,106,False
SKU-016,2025-12-11,251,False
SKU-016,2025-12-12,167,False
SKU-016,2025-12-13,291,False
SKU-016,2025-12-14,151,False
SKU-016,2025-12-15,195,False
SKU-016,2025-12-16,,True
SKU-016,2025-12-17,234,False
SKU-016,2025-12-18,252,False
SKU-016,2025-12-19,182,False
SKU-016,2025-12-20,209,False
SKU-016,2025-12-21,146,False
SKU-016,2025-12-22,102,False
SKU-016,2025-12-23,152,False
SKU-016,2025-12-24,220,False
SKU-016,2025-12-25,235,False
SKU-016,2025-12-26,146,False
SKU-016,2025-12-27,181,False
SKU-016,2025-12-28,160,False
SKU-016,2025-12-29,230,False
SKU-016,2025-12-30,235,False
SKU-016,2025-12-31,174,False
SKU-016,2026-01-01,134,False
SKU-016,2026-01-02,108,False
SKU-016,2026-01-03,185,False
SKU-016,2026-01-04,122,False
SKU-016,2026-01-05,133,False
SKU-016,2026-01-06,206,False
SKU-016,2026-01-07,126,False
SKU-016,2026-01-08,165,False
SKU-016,2026-01-09,161,False
SKU-016,2026-01-10,143,False
SKU-016,2026-01-11,195,False
SKU-016,2026-01-12,170,False
SKU-016,2026-01-13,222,False
SKU-016,2026-01-14,224,False
SKU-016,2026-01-15,168,False
SKU-016,2026-01-16,204,False
SKU-016,2026-01-17,137,False
SKU-016,2026-01-18,249,False
SKU-016,2026-01-19,,True
SKU-016,2026-01-20,156,False
SKU-016,2026-01-21,231,False
SKU-016,2026-01-22,70,False
SKU-016,2026-01-23,189,False
SKU-016,2026-01-24,169,False
SKU-016,2026-01-25,211,False
SKU-016,2026-01-26,195,False
SKU-016,2026-01-27,134,False
SKU-016,2026-01-28,152,False
SKU-016,2026-01-29,226,False
SKU-016,2026-01-30,233,False
SKU-016,2026-01-31,173,False
SKU-016,2026-02-01,203,False
SKU-016,2026-02-02,211,False
SKU-016,2026-02-03,205,False
SKU-016,2026-02-04,255,False
SKU-016,2026-02-05,213,False
SKU-016,2026-02-06,190,False
SKU-016,2026-02-07,118,False
SKU-016,2026-02-08,247,False
SKU-016,2026-02-09,160,False
SKU-016,2026-02-10,211,False
SKU-016,2026-02-11,,True
SKU-016,2026-02-12,216,False
SKU-016,2026-02-13,141,False
SKU-016,2026-02-14,135,False
SKU-016,2026-02-15,177,False
SKU-016,2026-02-16,147,False
SKU-016,2026-02-17,171,False
SKU-016,2026-02-18,119,False
SKU-016,2026-02-19,245,False
SKU-016,2026-02-20,168,False
SKU-016,2026-02-21,215,False
SKU-016,2026-02-22,119,False
SKU-016,2026-02-23,217,False
SKU-016,2026-02-24,199,False
SKU-016,2026-02-25,121,False
SKU-016,2026-02-26,111,False
SKU-016,2026-02-27,267,False
SKU-016,2026-02-28,227,False
SKU-016,2026-03-01,285,False
SKU-016,2026-03-02,194,False
SKU-016,2026-03-03,241,False
SKU-016,2026-03-04,124,False
SKU-016,2026-03-05,192,False
SKU-016,2026-03-06,211,False
SKU-016,2026-03-07,199,False
SKU-016,2026-03-08,154,False
SKU-016,2026-03-09,107,False
SKU-016,2026-03-10,192,False
SKU-016,2026-03-11,186,False
SKU-016,2026-03-12,145,False
SKU-016,2026-03-13,235,False
SKU-016,2026-03-14,144,False
SKU-016,2026-03-15,224,False
SKU-016,2026-03-16,185,False
SKU-016,2026-03-17,83,False
SKU-016,2026-03-18,110,False
SKU-016,2026-03-19,218,False
SKU-016,2026-03-20,184,False
SKU-016,2026-03-21,160,False
SKU-016,2026-03-22,100,False
SKU-016,2026-03-23,159,False
SKU-016,2026-03-24,,True
SKU-016,2026-03-25,158,False
SKU-016,2026-03-26,213,False
SKU-016,2026-03-27,178,False
SKU-016,2026-03-28,150,False
SKU-016,2026-03-29,179,False
SKU-016,2026-03-30,191,False
SKU-016,2026-03-31,142,False
SKU-016,2026-04-01,138,False
SKU-016,2026-04-02,221,False
SKU-016,2026-04-03,176,False
SKU-016,2026-04-04,175,False
SKU-016,2026-04-05,170,False
SKU-016,2026-04-06,152,False
SKU-016,2026-04-07,217,False
SKU-016,2026-04-08,234,False
SKU-016,2026-04-09,170,False
SKU-016,2026-04-10,200,False
SKU-016,2026-04-11,169,False
SKU-016,2026-04-12,205,False
SKU-016,2026-04-13,197,False
SKU-016,2026-04-14,191,False
SKU-016,2026-04-15,203,False
SKU-016,2026-04-16,143,False
SKU-016,2026-04-17,205,False
SKU-016,2026-04-18,149,False
SKU-016,2026-04-19,157,False
SKU-016,2026-04-20,262,False
SKU-016,2026-04-21,106,False
SKU-016,2026-04-22,137,False
SKU-016,2026-04-23,170,False
SKU-016,2026-04-24,100,False
SKU-016,2026-04-25,198,False
SKU-016,2026-04-26,195,False
SKU-016,2026-04-27,212,False
SKU-016,2026-04-28,153,False
SKU-016,2026-04-29,185,False
SKU-016,2026-04-30,112,False
SKU-016,2026-05-01,83,False
SKU-016,2026-05-02,162,False
SKU-016,2026-05-03,163,False
SKU-016,2026-05-04,122,False
SKU-016,2026-05-05,138,False
SKU-016,2026-05-06,180,False
SKU-016,2026-05-07,236,False
SKU-016,2026-05-08,130,False
SKU-016,2026-05-09,232,False
SKU-016,2026-05-10,97,False
SKU-016,2026-05-11,152,False
SKU-016,2026-05-12,119,False
SKU-016,2026-05-13,245,False
SKU-016,2026-05-14,213,False
SKU-016,2026-05-15,161,False
SKU-016,2026-05-16,192,False
SKU-016,2026-05-17,226,False
SKU-016,2026-05-18,257,False
SKU-016,2026-05-19,174,False
SKU-016,2026-05-20,225,False
SKU-016,2026-05-21,218,False
SKU-016,2026-05-22,206,False
SKU-016,2026-05-23,,True
SKU-016,2026-05-24,244,False
SKU-016,2026-05-25,193,False
SKU-016,2026-05-26,190,False
SKU-016,2026-05-27,167,False
SKU-016,2026-05-28,175,False
SKU-016,2026-05-29,158,False
SKU-016,2026-05-30,170,False
SKU-016,2026-05-31,177,False
SKU-016,2026-06-01,168,False
SKU-016,2026-06-02,222,False
SKU-016,2026-06-03,134,False
SKU-016,2026-06-04,232,False
SKU-016,2026-06-05,159,False
SKU-016,2026-06-06,189,False
SKU-016,2026-06-07,213,False
SKU-016,2026-06-08,115,False
SKU-016,2026-06-09,146,False
SKU-016,2026-06-10,200,False
SKU-017,2025-06-11,41,False
SKU-017,2025-06-12,45,False
SKU-017,2025-06-13,51,False
SKU-017,2025-06-14,31,False
SKU-017,2025-06-15,36,False
SKU-017,2025-06-16,52,False
SKU-017,2025-06-17,25,False
SKU-017,2025-06-18,33,False
SKU-017,2025-06-19,37,False
SKU-017,2025-06-20,48,False
SKU-017,2025-06-21,32,False
SKU-017,2025-06-22,68,False
SKU-017,2025-06-23,27,False
SKU-017,2025-06-24,42,False
SKU-017,2025-06-25,37,False
SKU-017,2025-06-26,33,False
SKU-017,2025-06-27,38,False
SKU-017,2025-06-28,37,False
SKU-017,2025-06-29,31,False
SKU-017,2025-06-30,35,False
SKU-017,2025-07-01,52,False
SKU-017,2025-07-02,39,False
SKU-017,2025-07-03,36,False
SKU-017,2025-07-04,45,False
SKU-017,2025-07-05,22,False
SKU-017,2025-07-06,57,False
SKU-017,2025-07-07,32,False
SKU-017,2025-07-08,,True
SKU-017,2025-07-09,50,False
SKU-017,2025-07-10,36,False
SKU-017,2025-07-11,36,False
SKU-017,2025-07-12,60,False
SKU-017,2025-07-13,31,False
SKU-017,2025-07-14,50,False
SKU-017,2025-07-15,52,False
SKU-017,2025-07-16,20,False
SKU-017,2025-07-17,41,False
SKU-017,2025-07-18,48,False
SKU-017,2025-07-19,48,False
SKU-017,2025-07-20,46,False
SKU-017,2025-07-21,20,False
SKU-017,2025-07-22,35,False
SKU-017,2025-07-23,54,False
SKU-017,2025-07-24,45,False
SKU-017,2025-07-25,38,False
SKU-017,2025-07-26,21,False
SKU-017,2025-07-27,35,False
SKU-017,2025-07-28,27,False
SKU-017,2025-07-29,34,False
SKU-017,2025-07-30,38,False
SKU-017,2025-07-31,64,False
SKU-017,2025-08-01,50,False
SKU-017,2025-08-02,42,False
SKU-017,2025-08-03,55,False
SKU-017,2025-08-04,19,False
SKU-017,2025-08-05,35,False
SKU-017,2025-08-06,42,False
SKU-017,2025-08-07,45,False
SKU-017,2025-08-08,31,False
SKU-017,2025-08-09,37,False
SKU-017,2025-08-10,18,False
SKU-017,2025-08-11,28,False
SKU-017,2025-08-12,41,False
SKU-017,2025-08-13,32,False
SKU-017,2025-08-14,39,False
SKU-017,2025-08-15,40,False
SKU-017,2025-08-16,32,False
SKU-017,2025-08-17,40,False
SKU-017,2025-08-18,49,False
SKU-017,2025-08-19,36,False
SKU-017,2025-08-20,37,False
SKU-017,2025-08-21,55,False
SKU-017,2025-08-22,69,False
SKU-017,2025-08-23,35,False
SKU-017,2025-08-24,53,False
SKU-017,2025-08-25,37,False
SKU-017,2025-08-26,30,False
SKU-017,2025-08-27,44,False
SKU-017,2025-08-28,30,False
SKU-017,2025-08-29,28,False
SKU-017,2025-08-30,40,False
SKU-017,2025-08-31,31,False
SKU-017,2025-09-01,34,False
SKU-017,2025-09-02,38,False
SKU-017,2025-09-03,33,False
SKU-017,2025-09-04,36,False
SKU-017,2025-09-05,45,False
SKU-017,2025-09-06,16,False
SKU-017,2025-09-07,73,False
SKU-017,2025-09-08,30,False
SKU-017,2025-09-09,41,False
SKU-017,2025-09-10,30,False
SKU-017,2025-09-11,46,False
SKU-017,2025-09-12,31,False
SKU-017,2025-09-13,27,False
SKU-017,2025-09-14,55,False
SKU-017,2025-09-15,30,False
SKU-017,2025-09-16,47,False
SKU-017,2025-09-17,51,False
SKU-017,2025-09-18,37,False
SKU-017,2025-09-19,40,False
SKU-017,2025-09-20,37,False
SKU-017,2025-09-21,37,False
SKU-017,2025-09-22,30,False
SKU-017,2025-09-23,42,False
SKU-017,2025-09-24,29,False
SKU-017,2025-09-25,43,False
SKU-017,2025-09-26,54,False
SKU-017,2025-09-27,40,False
SKU-017,2025-09-28,50,False
SKU-017,2025-09-29,8,False
SKU-017,2025-09-30,46,False
SKU-017,2025-10-01,29,False
SKU-017,2025-10-02,15,False
SKU-017,2025-10-03,30,False
SKU-017,2025-10-04,32,False
SKU-017,2025-10-05,38,False
SKU-017,2025-10-06,51,False
SKU-017,2025-10-07,53,False
SKU-017,2025-10-08,55,False
SKU-017,2025-10-09,34,False
SKU-017,2025-10-10,43,False
SKU-017,2025-10-11,41,False
SKU-017,2025-10-12,44,False
SKU-017,2025-10-13,40,False
SKU-017,2025-10-14,30,False
SKU-017,2025-10-15,60,False
SKU-017,2025-10-16,42,False
SKU-017,2025-10-17,37,False
SKU-017,2025-10-18,29,False
SKU-017,2025-10-19,16,False
SKU-017,2025-10-20,48,False
SKU-017,2025-10-21,29,False
SKU-017,2025-10-22,42,False
SKU-017,2025-10-23,39,False
SKU-017,2025-10-24,60,False
SKU-017,2025-10-25,29,False
SKU-017,2025-10-26,46,False
SKU-017,2025-10-27,13,False
SKU-017,2025-10-28,,True
SKU-017,2025-10-29,37,False
SKU-017,2025-10-30,41,False
SKU-017,2025-10-31,43,False
SKU-017,2025-11-01,26,False
SKU-017,2025-11-02,38,False
SKU-017,2025-11-03,24,False
SKU-017,2025-11-04,18,False
SKU-017,2025-11-05,35,False
SKU-017,2025-11-06,54,False
SKU-017,2025-11-07,32,False
SKU-017,2025-11-08,41,False
SKU-017,2025-11-09,27,False
SKU-017,2025-11-10,54,False
SKU-017,2025-11-11,26,False
SKU-017,2025-11-12,33,False
SKU-017,2025-11-13,31,False
SKU-017,2025-11-14,45,False
SKU-017,2025-11-15,28,False
SKU-017,2025-11-16,,True
SKU-017,2025-11-17,40,False
SKU-017,2025-11-18,31,False
SKU-017,2025-11-19,44,False
SKU-017,2025-11-20,33,False
SKU-017,2025-11-21,51,False
SKU-017,2025-11-22,29,False
SKU-017,2025-11-23,34,False
SKU-017,2025-11-24,52,False
SKU-017,2025-11-25,57,False
SKU-017,2025-11-26,56,False
SKU-017,2025-11-27,42,False
SKU-017,2025-11-28,10,False
SKU-017,2025-11-29,32,False
SKU-017,2025-11-30,41,False
SKU-017,2025-12-01,48,False
SKU-017,2025-12-02,36,False
SKU-017,2025-12-03,68,False
SKU-017,2025-12-04,56,False
SKU-017,2025-12-05,59,False
SKU-017,2025-12-06,30,False
SKU-017,2025-12-07,49,False
SKU-017,2025-12-08,30,False
SKU-017,2025-12-09,49,False
SKU-017,2025-12-10,23,False
SKU-017,2025-12-11,55,False
SKU-017,2025-12-12,56,False
SKU-017,2025-12-13,29,False
SKU-017,2025-12-14,50,False
SKU-017,2025-12-15,49,False
SKU-017,2025-12-16,36,False
SKU-017,2025-12-17,47,False
SKU-017,2025-12-18,34,False
SKU-017,2025-12-19,47,False
SKU-017,2025-12-20,61,False
SKU-017,2025-12-21,41,False
SKU-017,2025-12-22,22,False
SKU-017,2025-12-23,63,False
SKU-017,2025-12-24,45,False
SKU-017,2025-12-25,31,False
SKU-017,2025-12-26,32,False
SKU-017,2025-12-27,30,False
SKU-017,2025-12-28,37,False
SKU-017,2025-12-29,57,False
SKU-017,2025-12-30,40,False
SKU-017,2025-12-31,55,False
SKU-017,2026-01-01,33,False
SKU-017,2026-01-02,20,False
SKU-017,2026-01-03,51,False
SKU-017,2026-01-04,26,False
SKU-017,2026-01-05,44,False
SKU-017,2026-01-06,46,False
SKU-017,2026-01-07,38,False
SKU-017,2026-01-08,17,False
SKU-017,2026-01-09,45,False
SKU-017,2026-01-10,44,False
SKU-017,2026-01-11,21,False
SKU-017,2026-01-12,21,False
SKU-017,2026-01-13,42,False
SKU-017,2026-01-14,29,False
SKU-017,2026-01-15,58,False
SKU-017,2026-01-16,20,False
SKU-017,2026-01-17,27,False
SKU-017,2026-01-18,,True
SKU-017,2026-01-19,44,False
SKU-017,2026-01-20,36,False
SKU-017,2026-01-21,5,False
SKU-017,2026-01-22,45,False
SKU-017,2026-01-23,50,False
SKU-017,2026-01-24,52,False
SKU-017,2026-01-25,14,False
SKU-017,2026-01-26,45,False
SKU-017,2026-01-27,28,False
SKU-017,2026-01-28,52,False
SKU-017,2026-01-29,39,False
SKU-017,2026-01-30,16,False
SKU-017,2026-01-31,59,False
SKU-017,2026-02-01,61,False
SKU-017,2026-02-02,50,False
SKU-017,2026-02-03,46,False
SKU-017,2026-02-04,41,False
SKU-017,2026-02-05,47,False
SKU-017,2026-02-06,57,False
SKU-017,2026-02-07,37,False
SKU-017,2026-02-08,55,False
SKU-017,2026-02-09,26,False
SKU-017,2026-02-10,31,False
SKU-017,2026-02-11,26,False
SKU-017,2026-02-12,49,False
SKU-017,2026-02-13,33,False
SKU-017,2026-02-14,42,False
SKU-017,2026-02-15,46,False
SKU-017,2026-02-16,45,False
SKU-017,2026-02-17,49,False
SKU-017,2026-02-18,30,False
SKU-017,2026-02-19,54,False
SKU-017,2026-02-20,31,False
SKU-017,2026-02-21,42,False
SKU-017,2026-02-22,47,False
SKU-017,2026-02-23,46,False
SKU-017,2026-02-24,26,False
SKU-017,2026-02-25,61,False
SKU-017,2026-02-26,24,False
SKU-017,2026-02-27,41,False
SKU-017,2026-02-28,31,False
SKU-017,2026-03-01,52,False
SKU-017,2026-03-02,20,False
SKU-017,2026-03-03,15,False
SKU-017,2026-03-04,34,False
SKU-017,2026-03-05,41,False
SKU-017,2026-03-06,47,False
SKU-017,2026-03-07,32,False
SKU-017,2026-03-08,61,False
SKU-017,2026-03-09,52,False
SKU-017,2026-03-10,81,False
SKU-017,2026-03-11,24,False
SKU-017,2026-03-12,40,False
SKU-017,2026-03-13,42,False
SKU-017,2026-03-14,34,False
SKU-017,2026-03-15,35,False
SKU-017,2026-03-16,43,False
SKU-017,2026-03-17,29,False
SKU-017,2026-03-18,28,False
SKU-017,2026-03-19,37,False
SKU-017,2026-03-20,28,False
SKU-017,2026-03-21,27,False
SKU-017,2026-03-22,56,False
SKU-017,2026-03-23,63,False
SKU-017,2026-03-24,34,False
SKU-017,2026-03-25,70,False
SKU-017,2026-03-26,66,False
SKU-017,2026-03-27,21,False
SKU-017,2026-03-28,,True
SKU-017,2026-03-29,61,False
SKU-017,2026-03-30,30,False
SKU-017,2026-03-31,36,False
SKU-017,2026-04-01,44,False
SKU-017,2026-04-02,38,False
SKU-017,2026-04-03,49,False
SKU-017,2026-04-04,21,False
SKU-017,2026-04-05,41,False
SKU-017,2026-04-06,61,False
SKU-017,2026-04-07,48,False
SKU-017,2026-04-08,61,False
SKU-017,2026-04-09,35,False
SKU-017,2026-04-10,65,False
SKU-017,2026-04-11,46,False
SKU-017,2026-04-12,37,False
SKU-017,2026-04-13,40,False
SKU-017,2026-04-14,38,False
SKU-017,2026-04-15,53,False
SKU-017,2026-04-16,50,False
SKU-017,2026-04-17,38,False
SKU-017,2026-04-18,45,False
SKU-017,2026-04-19,70,False
SKU-017,2026-04-20,54,False
SKU-017,2026-04-21,34,False
SKU-017,2026-04-22,75,False
SKU-017,2026-04-23,50,False
SKU-017,2026-04-24,48,False
SKU-017,2026-04-25,32,False
SKU-017,2026-04-26,19,False
SKU-017,2026-04-27,73,False
SKU-017,2026-04-28,65,False
SKU-017,2026-04-29,24,False
SKU-017,2026-04-30,58,False
SKU-017,2026-05-01,52,False
SKU-017,2026-05-02,37,False
SKU-017,2026-05-03,36,False
SKU-017,2026-05-04,59,False
SKU-017,2026-05-05,27,False
SKU-017,2026-05-06,39,False
SKU-017,2026-05-07,44,False
SKU-017,2026-05-08,42,False
SKU-017,2026-05-09,23,False
SKU-017,2026-05-10,40,False
SKU-017,2026-05-11,43,False
SKU-017,2026-05-12,21,False
SKU-017,2026-05-13,29,False
SKU-017,2026-05-14,50,False
SKU-017,2026-05-15,26,False
SKU-017,2026-05-16,30,False
SKU-017,2026-05-17,34,False
SKU-017,2026-05-18,37,False
SKU-017,2026-05-19,27,False
SKU-017,2026-05-20,16,False
SKU-017,2026-05-21,39,False
SKU-017,2026-05-22,28,False
SKU-017,2026-05-23,26,False
SKU-017,2026-05-24,33,False
SKU-017,2026-05-25,25,False
SKU-017,2026-05-26,24,False
SKU-017,2026-05-27,37,False
SKU-017,2026-05-28,38,False
SKU-017,2026-05-29,59,False
SKU-017,2026-05-30,29,False
SKU-017,2026-05-31,39,False
SKU-017,2026-06-01,62,False
SKU-017,2026-06-02,40,False
SKU-017,2026-06-03,53,False
SKU-017,2026-06-04,49,False
SKU-017,2026-06-05,39,False
SKU-017,2026-06-06,41,False
SKU-017,2026-06-07,24,False
SKU-017,2026-06-08,27,False
SKU-017,2026-06-09,58,False
SKU-017,2026-06-10,31,False
SKU-018,2025-06-11,47,False
SKU-018,2025-06-12,37,False
SKU-018,2025-06-13,54,False
SKU-018,2025-06-14,29,False
SKU-018,2025-06-15,27,False
SKU-018,2025-06-16,28,False
SKU-018,2025-06-17,40,False
SKU-018,2025-06-18,42,False
SKU-018,2025-06-19,13,False
SKU-018,2025-06-20,32,False
SKU-018,2025-06-21,39,False
SKU-018,2025-06-22,30,False
SKU-018,2025-06-23,22,False
SKU-018,2025-06-24,21,False
SKU-018,2025-06-25,44,False
SKU-018,2025-06-26,17,False
SKU-018,2025-06-27,22,False
SKU-018,2025-06-28,32,False
SKU-018,2025-06-29,22,False
SKU-018,2025-06-30,56,False
SKU-018,2025-07-01,51,False
SKU-018,2025-07-02,31,False
SKU-018,2025-07-03,48,False
SKU-018,2025-07-04,32,False
SKU-018,2025-07-05,36,False
SKU-018,2025-07-06,33,False
SKU-018,2025-07-07,47,False
SKU-018,2025-07-08,35,False
SKU-018,2025-07-09,42,False
SKU-018,2025-07-10,42,False
SKU-018,2025-07-11,35,False
SKU-018,2025-07-12,40,False
SKU-018,2025-07-13,25,False
SKU-018,2025-07-14,17,False
SKU-018,2025-07-15,45,False
SKU-018,2025-07-16,57,False
SKU-018,2025-07-17,16,False
SKU-018,2025-07-18,53,False
SKU-018,2025-07-19,32,False
SKU-018,2025-07-20,55,False
SKU-018,2025-07-21,20,False
SKU-018,2025-07-22,40,False
SKU-018,2025-07-23,33,False
SKU-018,2025-07-24,35,False
SKU-018,2025-07-25,48,False
SKU-018,2025-07-26,37,False
SKU-018,2025-07-27,22,False
SKU-018,2025-07-28,40,False
SKU-018,2025-07-29,21,False
SKU-018,2025-07-30,26,False
SKU-018,2025-07-31,24,False
SKU-018,2025-08-01,31,False
SKU-018,2025-08-02,33,False
SKU-018,2025-08-03,10,False
SKU-018,2025-08-04,45,False
SKU-018,2025-08-05,31,False
SKU-018,2025-08-06,33,False
SKU-018,2025-08-07,44,False
SKU-018,2025-08-08,47,False
SKU-018,2025-08-09,11,False
SKU-018,2025-08-10,24,False
SKU-018,2025-08-11,18,False
SKU-018,2025-08-12,35,False
SKU-018,2025-08-13,37,False
SKU-018,2025-08-14,46,False
SKU-018,2025-08-15,28,False
SKU-018,2025-08-16,47,False
SKU-018,2025-08-17,43,False
SKU-018,2025-08-18,45,False
SKU-018,2025-08-19,49,False
SKU-018,2025-08-20,35,False
SKU-018,2025-08-21,56,False
SKU-018,2025-08-22,54,False
SKU-018,2025-08-23,32,False
SKU-018,2025-08-24,17,False
SKU-018,2025-08-25,35,False
SKU-018,2025-08-26,28,False
SKU-018,2025-08-27,29,False
SKU-018,2025-08-28,35,False
SKU-018,2025-08-29,11,False
SKU-018,2025-08-30,23,False
SKU-018,2025-08-31,33,False
SKU-018,2025-09-01,29,False
SKU-018,2025-09-02,24,False
SKU-018,2025-09-03,48,False
SKU-018,2025-09-04,39,False
SKU-018,2025-09-05,44,False
SKU-018,2025-09-06,28,False
SKU-018,2025-09-07,27,False
SKU-018,2025-09-08,49,False
SKU-018,2025-09-09,36,False
SKU-018,2025-09-10,30,False
SKU-018,2025-09-11,39,False
SKU-018,2025-09-12,45,False
SKU-018,2025-09-13,35,False
SKU-018,2025-09-14,15,False
SKU-018,2025-09-15,26,False
SKU-018,2025-09-16,30,False
SKU-018,2025-09-17,30,False
SKU-018,2025-09-18,51,False
SKU-018,2025-09-19,18,False
SKU-018,2025-09-20,47,False
SKU-018,2025-09-21,24,False
SKU-018,2025-09-22,46,False
SKU-018,2025-09-23,50,False
SKU-018,2025-09-24,9,False
SKU-018,2025-09-25,28,False
SKU-018,2025-09-26,31,False
SKU-018,2025-09-27,43,False
SKU-018,2025-09-28,12,False
SKU-018,2025-09-29,32,False
SKU-018,2025-09-30,58,False
SKU-018,2025-10-01,34,False
SKU-018,2025-10-02,24,False
SKU-018,2025-10-03,31,False
SKU-018,2025-10-04,25,False
SKU-018,2025-10-05,31,False
SKU-018,2025-10-06,37,False
SKU-018,2025-10-07,28,False
SKU-018,2025-10-08,55,False
SKU-018,2025-10-09,23,False
SKU-018,2025-10-10,29,False
SKU-018,2025-10-11,15,False
SKU-018,2025-10-12,30,False
SKU-018,2025-10-13,27,False
SKU-018,2025-10-14,24,False
SKU-018,2025-10-15,32,False
SKU-018,2025-10-16,30,False
SKU-018,2025-10-17,45,False
SKU-018,2025-10-18,24,False
SKU-018,2025-10-19,40,False
SKU-018,2025-10-20,45,False
SKU-018,2025-10-21,43,False
SKU-018,2025-10-22,53,False
SKU-018,2025-10-23,34,False
SKU-018,2025-10-24,31,False
SKU-018,2025-10-25,34,False
SKU-018,2025-10-26,15,False
SKU-018,2025-10-27,23,False
SKU-018,2025-10-28,34,False
SKU-018,2025-10-29,21,False
SKU-018,2025-10-30,45,False
SKU-018,2025-10-31,60,False
SKU-018,2025-11-01,47,False
SKU-018,2025-11-02,22,False
SKU-018,2025-11-03,23,False
SKU-018,2025-11-04,46,False
SKU-018,2025-11-05,56,False
SKU-018,2025-11-06,28,False
SKU-018,2025-11-07,37,False
SKU-018,2025-11-08,,True
SKU-018,2025-11-09,41,False
SKU-018,2025-11-10,31,False
SKU-018,2025-11-11,42,False
SKU-018,2025-11-12,35,False
SKU-018,2025-11-13,66,False
SKU-018,2025-11-14,31,False
SKU-018,2025-11-15,36,False
SKU-018,2025-11-16,32,False
SKU-018,2025-11-17,24,False
SKU-018,2025-11-18,15,False
SKU-018,2025-11-19,44,False
SKU-018,2025-11-20,23,False
SKU-018,2025-11-21,34,False
SKU-018,2025-11-22,26,False
SKU-018,2025-11-23,27,False
SKU-018,2025-11-24,39,False
SKU-018,2025-11-25,20,False
SKU-018,2025-11-26,36,False
SKU-018,2025-11-27,31,False
SKU-018,2025-11-28,24,False
SKU-018,2025-11-29,31,False
SKU-018,2025-11-30,31,False
SKU-018,2025-12-01,38,False
SKU-018,2025-12-02,43,False
SKU-018,2025-12-03,24,False
SKU-018,2025-12-04,12,False
SKU-018,2025-12-05,32,False
SKU-018,2025-12-06,48,False
SKU-018,2025-12-07,44,False
SKU-018,2025-12-08,15,False
SKU-018,2025-12-09,29,False
SKU-018,2025-12-10,35,False
SKU-018,2025-12-11,40,False
SKU-018,2025-12-12,39,False
SKU-018,2025-12-13,36,False
SKU-018,2025-12-14,15,False
SKU-018,2025-12-15,29,False
SKU-018,2025-12-16,37,False
SKU-018,2025-12-17,51,False
SKU-018,2025-12-18,27,False
SKU-018,2025-12-19,29,False
SKU-018,2025-12-20,47,False
SKU-018,2025-12-21,57,False
SKU-018,2025-12-22,27,False
SKU-018,2025-12-23,28,False
SKU-018,2025-12-24,26,False
SKU-018,2025-12-25,41,False
SKU-018,2025-12-26,37,False
SKU-018,2025-12-27,15,False
SKU-018,2025-12-28,43,False
SKU-018,2025-12-29,21,False
SKU-018,2025-12-30,32,False
SKU-018,2025-12-31,50,False
SKU-018,2026-01-01,40,False
SKU-018,2026-01-02,30,False
SKU-018,2026-01-03,30,False
SKU-018,2026-01-04,38,False
SKU-018,2026-01-05,38,False
SKU-018,2026-01-06,17,False
SKU-018,2026-01-07,27,False
SKU-018,2026-01-08,37,False
SKU-018,2026-01-09,49,False
SKU-018,2026-01-10,21,False
SKU-018,2026-01-11,16,False
SKU-018,2026-01-12,32,False
SKU-018,2026-01-13,49,False
SKU-018,2026-01-14,29,False
SKU-018,2026-01-15,21,False
SKU-018,2026-01-16,12,False
SKU-018,2026-01-17,41,False
SKU-018,2026-01-18,31,False
SKU-018,2026-01-19,39,False
SKU-018,2026-01-20,73,False
SKU-018,2026-01-21,26,False
SKU-018,2026-01-22,53,False
SKU-018,2026-01-23,37,False
SKU-018,2026-01-24,31,False
SKU-018,2026-01-25,22,False
SKU-018,2026-01-26,40,False
SKU-018,2026-01-27,26,False
SKU-018,2026-01-28,20,False
SKU-018,2026-01-29,43,False
SKU-018,2026-01-30,28,False
SKU-018,2026-01-31,42,False
SKU-018,2026-02-01,37,False
SKU-018,2026-02-02,42,False
SKU-018,2026-02-03,45,False
SKU-018,2026-02-04,23,False
SKU-018,2026-02-05,17,False
SKU-018,2026-02-06,29,False
SKU-018,2026-02-07,36,False
SKU-018,2026-02-08,40,False
SKU-018,2026-02-09,28,False
SKU-018,2026-02-10,53,False
SKU-018,2026-02-11,42,False
SKU-018,2026-02-12,37,False
SKU-018,2026-02-13,25,False
SKU-018,2026-02-14,43,False
SKU-018,2026-02-15,31,False
SKU-018,2026-02-16,25,False
SKU-018,2026-02-17,34,False
SKU-018,2026-02-18,21,False
SKU-018,2026-02-19,36,False
SKU-018,2026-02-20,28,False
SKU-018,2026-02-21,38,False
SKU-018,2026-02-22,30,False
SKU-018,2026-02-23,48,False
SKU-018,2026-02-24,29,False
SKU-018,2026-02-25,26,False
SKU-018,2026-02-26,,True
SKU-018,2026-02-27,37,False
SKU-018,2026-02-28,32,False
SKU-018,2026-03-01,40,False
SKU-018,2026-03-02,30,False
SKU-018,2026-03-03,40,False
SKU-018,2026-03-04,26,False
SKU-018,2026-03-05,40,False
SKU-018,2026-03-06,24,False
SKU-018,2026-03-07,45,False
SKU-018,2026-03-08,43,False
SKU-018,2026-03-09,23,False
SKU-018,2026-03-10,41,False
SKU-018,2026-03-11,23,False
SKU-018,2026-03-12,31,False
SKU-018,2026-03-13,58,False
SKU-018,2026-03-14,18,False
SKU-018,2026-03-15,18,False
SKU-018,2026-03-16,41,False
SKU-018,2026-03-17,,True
SKU-018,2026-03-18,39,False
SKU-018,2026-03-19,45,False
SKU-018,2026-03-20,12,False
SKU-018,2026-03-21,57,False
SKU-018,2026-03-22,17,False
SKU-018,2026-03-23,58,False
SKU-018,2026-03-24,14,False
SKU-018,2026-03-25,40,False
SKU-018,2026-03-26,41,False
SKU-018,2026-03-27,53,False
SKU-018,2026-03-28,34,False
SKU-018,2026-03-29,27,False
SKU-018,2026-03-30,50,False
SKU-018,2026-03-31,,True
SKU-018,2026-04-01,23,False
SKU-018,2026-04-02,29,False
SKU-018,2026-04-03,38,False
SKU-018,2026-04-04,32,False
SKU-018,2026-04-05,47,False
SKU-018,2026-04-06,37,False
SKU-018,2026-04-07,33,False
SKU-018,2026-04-08,24,False
SKU-018,2026-04-09,38,False
SKU-018,2026-04-10,35,False
SKU-018,2026-04-11,23,False
SKU-018,2026-04-12,54,False
SKU-018,2026-04-13,56,False
SKU-018,2026-04-14,45,False
SKU-018,2026-04-15,36,False
SKU-018,2026-04-16,50,False
SKU-018,2026-04-17,38,False
SKU-018,2026-04-18,41,False
SKU-018,2026-04-19,15,False
SKU-018,2026-04-20,21,False
SKU-018,2026-04-21,56,False
SKU-018,2026-04-22,26,False
SKU-018,2026-04-23,35,False
SKU-018,2026-04-24,48,False
SKU-018,2026-04-25,42,False
SKU-018,2026-04-26,49,False
SKU-018,2026-04-27,47,False
SKU-018,2026-04-28,44,False
SKU-018,2026-04-29,39,False
SKU-018,2026-04-30,,True
SKU-018,2026-05-01,,True
SKU-018,2026-05-02,42,False
SKU-018,2026-05-03,15,False
SKU-018,2026-05-04,19,False
SKU-018,2026-05-05,19,False
SKU-018,2026-05-06,36,False
SKU-018,2026-05-07,30,False
SKU-018,2026-05-08,40,False
SKU-018,2026-05-09,51,False
SKU-018,2026-05-10,35,False
SKU-018,2026-05-11,34,False
SKU-018,2026-05-12,39,False
SKU-018,2026-05-13,36,False
SKU-018,2026-05-14,28,False
SKU-018,2026-05-15,36,False
SKU-018,2026-05-16,38,False
SKU-018,2026-05-17,43,False
SKU-018,2026-05-18,,True
SKU-018,2026-05-19,37,False
SKU-018,2026-05-20,36,False
SKU-018,2026-05-21,40,False
SKU-018,2026-05-22,29,False
SKU-018,2026-05-23,19,False
SKU-018,2026-05-24,20,False
SKU-018,2026-05-25,64,False
SKU-018,2026-05-26,23,False
SKU-018,2026-05-27,27,False
SKU-018,2026-05-28,17,False
SKU-018,2026-05-29,43,False
SKU-018,2026-05-30,19,False
SKU-018,2026-05-31,12,False
SKU-018,2026-06-01,38,False
SKU-018,2026-06-02,36,False
SKU-018,2026-06-03,20,False
SKU-018,2026-06-04,21,False
SKU-018,2026-06-05,34,False
SKU-018,2026-06-06,33,False
SKU-018,2026-06-07,14,False
SKU-018,2026-06-08,22,False
SKU-018,2026-06-09,33,False
SKU-018,2026-06-10,31,False
SKU-019,2025-06-11,25,False
SKU-019,2025-06-12,51,False
SKU-019,2025-06-13,45,False
SKU-019,2025-06-14,34,False
SKU-019,2025-06-15,41,False
SKU-019,2025-06-16,43,False
SKU-019,2025-06-17,17,False
SKU-019,2025-06-18,51,False
SKU-019,2025-06-19,18,False
SKU-019,2025-06-20,51,False
SKU-019,2025-06-21,45,False
SKU-019,2025-06-22,31,False
SKU-019,2025-06-23,29,False
SKU-019,2025-06-24,80,False
SKU-019,2025-06-25,67,False
SKU-019,2025-06-26,46,False
SKU-019,2025-06-27,38,False
SKU-019,2025-06-28,40,False
SKU-019,2025-06-29,51,False
SKU-019,2025-06-30,54,False
SKU-019,2025-07-01,34,False
SKU-019,2025-07-02,74,False
SKU-019,2025-07-03,24,False
SKU-019,2025-07-04,46,False
SKU-019,2025-07-05,62,False
SKU-019,2025-07-06,73,False
SKU-019,2025-07-07,55,False
SKU-019,2025-07-08,49,False
SKU-019,2025-07-09,47,False
SKU-019,2025-07-10,75,False
SKU-019,2025-07-11,55,False
SKU-019,2025-07-12,45,False
SKU-019,2025-07-13,39,False
SKU-019,2025-07-14,32,False
SKU-019,2025-07-15,40,False
SKU-019,2025-07-16,65,False
SKU-019,2025-07-17,21,False
SKU-019,2025-07-18,69,False
SKU-019,2025-07-19,37,False
SKU-019,2025-07-20,49,False
SKU-019,2025-07-21,52,False
SKU-019,2025-07-22,37,False
SKU-019,2025-07-23,48,False
SKU-019,2025-07-24,29,False
SKU-019,2025-07-25,47,False
SKU-019,2025-07-26,51,False
SKU-019,2025-07-27,54,False
SKU-019,2025-07-28,43,False
SKU-019,2025-07-29,51,False
SKU-019,2025-07-30,,True
SKU-019,2025-07-31,39,False
SKU-019,2025-08-01,44,False
SKU-019,2025-08-02,57,False
SKU-019,2025-08-03,52,False
SKU-019,2025-08-04,54,False
SKU-019,2025-08-05,42,False
SKU-019,2025-08-06,47,False
SKU-019,2025-08-07,35,False
SKU-019,2025-08-08,53,False
SKU-019,2025-08-09,48,False
SKU-019,2025-08-10,51,False
SKU-019,2025-08-11,31,False
SKU-019,2025-08-12,29,False
SKU-019,2025-08-13,78,False
SKU-019,2025-08-14,53,False
SKU-019,2025-08-15,28,False
SKU-019,2025-08-16,60,False
SKU-019,2025-08-17,59,False
SKU-019,2025-08-18,48,False
SKU-019,2025-08-19,35,False
SKU-019,2025-08-20,45,False
SKU-019,2025-08-21,43,False
SKU-019,2025-08-22,63,False
SKU-019,2025-08-23,47,False
SKU-019,2025-08-24,17,False
SKU-019,2025-08-25,51,False
SKU-019,2025-08-26,28,False
SKU-019,2025-08-27,39,False
SKU-019,2025-08-28,43,False
SKU-019,2025-08-29,55,False
SKU-019,2025-08-30,48,False
SKU-019,2025-08-31,50,False
SKU-019,2025-09-01,55,False
SKU-019,2025-09-02,33,False
SKU-019,2025-09-03,42,False
SKU-019,2025-09-04,29,False
SKU-019,2025-09-05,36,False
SKU-019,2025-09-06,51,False
SKU-019,2025-09-07,41,False
SKU-019,2025-09-08,61,False
SKU-019,2025-09-09,63,False
SKU-019,2025-09-10,51,False
SKU-019,2025-09-11,51,False
SKU-019,2025-09-12,48,False
SKU-019,2025-09-13,47,False
SKU-019,2025-09-14,66,False
SKU-019,2025-09-15,26,False
SKU-019,2025-09-16,56,False
SKU-019,2025-09-17,27,False
SKU-019,2025-09-18,42,False
SKU-019,2025-09-19,55,False
SKU-019,2025-09-20,24,False
SKU-019,2025-09-21,53,False
SKU-019,2025-09-22,39,False
SKU-019,2025-09-23,41,False
SKU-019,2025-09-24,43,False
SKU-019,2025-09-25,53,False
SKU-019,2025-09-26,47,False
SKU-019,2025-09-27,55,False
SKU-019,2025-09-28,34,False
SKU-019,2025-09-29,43,False
SKU-019,2025-09-30,42,False
SKU-019,2025-10-01,35,False
SKU-019,2025-10-02,27,False
SKU-019,2025-10-03,37,False
SKU-019,2025-10-04,,True
SKU-019,2025-10-05,39,False
SKU-019,2025-10-06,28,False
SKU-019,2025-10-07,49,False
SKU-019,2025-10-08,52,False
SKU-019,2025-10-09,44,False
SKU-019,2025-10-10,34,False
SKU-019,2025-10-11,49,False
SKU-019,2025-10-12,52,False
SKU-019,2025-10-13,40,False
SKU-019,2025-10-14,53,False
SKU-019,2025-10-15,62,False
SKU-019,2025-10-16,48,False
SKU-019,2025-10-17,38,False
SKU-019,2025-10-18,49,False
SKU-019,2025-10-19,43,False
SKU-019,2025-10-20,19,False
SKU-019,2025-10-21,44,False
SKU-019,2025-10-22,20,False
SKU-019,2025-10-23,49,False
SKU-019,2025-10-24,34,False
SKU-019,2025-10-25,20,False
SKU-019,2025-10-26,34,False
SKU-019,2025-10-27,41,False
SKU-019,2025-10-28,53,False
SKU-019,2025-10-29,24,False
SKU-019,2025-10-30,45,False
SKU-019,2025-10-31,28,False
SKU-019,2025-11-01,58,False
SKU-019,2025-11-02,26,False
SKU-019,2025-11-03,32,False
SKU-019,2025-11-04,,True
SKU-019,2025-11-05,47,False
SKU-019,2025-11-06,46,False
SKU-019,2025-11-07,,True
SKU-019,2025-11-08,25,False
SKU-019,2025-11-09,51,False
SKU-019,2025-11-10,32,False
SKU-019,2025-11-11,58,False
SKU-019,2025-11-12,37,False
SKU-019,2025-11-13,52,False
SKU-019,2025-11-14,51,False
SKU-019,2025-11-15,46,False
SKU-019,2025-11-16,78,False
SKU-019,2025-11-17,29,False
SKU-019,2025-11-18,24,False
SKU-019,2025-11-19,21,False
SKU-019,2025-11-20,52,False
SKU-019,2025-11-21,41,False
SKU-019,2025-11-22,19,False
SKU-019,2025-11-23,52,False
SKU-019,2025-11-24,61,False
SKU-019,2025-11-25,47,False
SKU-019,2025-11-26,47,False
SKU-019,2025-11-27,57,False
SKU-019,2025-11-28,32,False
SKU-019,2025-11-29,,True
SKU-019,2025-11-30,59,False
SKU-019,2025-12-01,33,False
SKU-019,2025-12-02,39,False
SKU-019,2025-12-03,25,False
SKU-019,2025-12-04,29,False
SKU-019,2025-12-05,16,False
SKU-019,2025-12-06,60,False
SKU-019,2025-12-07,5,False
SKU-019,2025-12-08,55,False
SKU-019,2025-12-09,32,False
SKU-019,2025-12-10,40,False
SKU-019,2025-12-11,24,False
SKU-019,2025-12-12,29,False
SKU-019,2025-12-13,62,False
SKU-019,2025-12-14,61,False
SKU-019,2025-12-15,33,False
SKU-019,2025-12-16,36,False
SKU-019,2025-12-17,35,False
SKU-019,2025-12-18,66,False
SKU-019,2025-12-19,42,False
SKU-019,2025-12-20,59,False
SKU-019,2025-12-21,32,False
SKU-019,2025-12-22,53,False
SKU-019,2025-12-23,50,False
SKU-019,2025-12-24,36,False
SKU-019,2025-12-25,33,False
SKU-019,2025-12-26,53,False
SKU-019,2025-12-27,37,False
SKU-019,2025-12-28,52,False
SKU-019,2025-12-29,54,False
SKU-019,2025-12-30,54,False
SKU-019,2025-12-31,31,False
SKU-019,2026-01-01,50,False
SKU-019,2026-01-02,33,False
SKU-019,2026-01-03,60,False
SKU-019,2026-01-04,44,False
SKU-019,2026-01-05,44,False
SKU-019,2026-01-06,61,False
SKU-019,2026-01-07,35,False
SKU-019,2026-01-08,24,False
SKU-019,2026-01-09,51,False
SKU-019,2026-01-10,34,False
SKU-019,2026-01-11,48,False
SKU-019,2026-01-12,36,False
SKU-019,2026-01-13,45,False
SKU-019,2026-01-14,38,False
SKU-019,2026-01-15,58,False
SKU-019,2026-01-16,,True
SKU-019,2026-01-17,49,False
SKU-019,2026-01-18,30,False
SKU-019,2026-01-19,72,False
SKU-019,2026-01-20,58,False
SKU-019,2026-01-21,52,False
SKU-019,2026-01-22,30,False
SKU-019,2026-01-23,48,False
SKU-019,2026-01-24,45,False
SKU-019,2026-01-25,45,False
SKU-019,2026-01-26,40,False
SKU-019,2026-01-27,34,False
SKU-019,2026-01-28,50,False
SKU-019,2026-01-29,41,False
SKU-019,2026-01-30,56,False
SKU-019,2026-01-31,32,False
SKU-019,2026-02-01,37,False
SKU-019,2026-02-02,41,False
SKU-019,2026-02-03,45,False
SKU-019,2026-02-04,37,False
SKU-019,2026-02-05,20,False
SKU-019,2026-02-06,60,False
SKU-019,2026-02-07,56,False
SKU-019,2026-02-08,59,False
SKU-019,2026-02-09,42,False
SKU-019,2026-02-10,17,False
SKU-019,2026-02-11,47,False
SKU-019,2026-02-12,62,False
SKU-019,2026-02-13,55,False
SKU-019,2026-02-14,24,False
SKU-019,2026-02-15,50,False
SKU-019,2026-02-16,55,False
SKU-019,2026-02-17,47,False
SKU-019,2026-02-18,,True
SKU-019,2026-02-19,57,False
SKU-019,2026-02-20,59,False
SKU-019,2026-02-21,28,False
SKU-019,2026-02-22,30,False
SKU-019,2026-02-23,44,False
SKU-019,2026-02-24,61,False
SKU-019,2026-02-25,36,False
SKU-019,2026-02-26,40,False
SKU-019,2026-02-27,30,False
SKU-019,2026-02-28,50,False
SKU-019,2026-03-01,53,False
SKU-019,2026-03-02,58,False
SKU-019,2026-03-03,65,False
SKU-019,2026-03-04,66,False
SKU-019,2026-03-05,45,False
SKU-019,2026-03-06,45,False
SKU-019,2026-03-07,41,False
SKU-019,2026-03-08,34,False
SKU-019,2026-03-09,22,False
SKU-019,2026-03-10,36,False
SKU-019,2026-03-11,18,False
SKU-019,2026-03-12,43,False
SKU-019,2026-03-13,14,False
SKU-019,2026-03-14,31,False
SKU-019,2026-03-15,59,False
SKU-019,2026-03-16,38,False
SKU-019,2026-03-17,28,False
SKU-019,2026-03-18,42,False
SKU-019,2026-03-19,60,False
SKU-019,2026-03-20,42,False
SKU-019,2026-03-21,75,False
SKU-019,2026-03-22,69,False
SKU-019,2026-03-23,31,False
SKU-019,2026-03-24,53,False
SKU-019,2026-03-25,59,False
SKU-019,2026-03-26,57,False
SKU-019,2026-03-27,44,False
SKU-019,2026-03-28,47,False
SKU-019,2026-03-29,37,False
SKU-019,2026-03-30,45,False
SKU-019,2026-03-31,52,False
SKU-019,2026-04-01,49,False
SKU-019,2026-04-02,45,False
SKU-019,2026-04-03,,True
SKU-019,2026-04-04,30,False
SKU-019,2026-04-05,63,False
SKU-019,2026-04-06,66,False
SKU-019,2026-04-07,50,False
SKU-019,2026-04-08,58,False
SKU-019,2026-04-09,31,False
SKU-019,2026-04-10,56,False
SKU-019,2026-04-11,49,False
SKU-019,2026-04-12,50,False
SKU-019,2026-04-13,58,False
SKU-019,2026-04-14,51,False
SKU-019,2026-04-15,45,False
SKU-019,2026-04-16,66,False
SKU-019,2026-04-17,46,False
SKU-019,2026-04-18,54,False
SKU-019,2026-04-19,60,False
SKU-019,2026-04-20,28,False
SKU-019,2026-04-21,56,False
SKU-019,2026-04-22,39,False
SKU-019,2026-04-23,44,False
SKU-019,2026-04-24,38,False
SKU-019,2026-04-25,59,False
SKU-019,2026-04-26,33,False
SKU-019,2026-04-27,36,False
SKU-019,2026-04-28,38,False
SKU-019,2026-04-29,49,False
SKU-019,2026-04-30,45,False
SKU-019,2026-05-01,56,False
SKU-019,2026-05-02,59,False
SKU-019,2026-05-03,22,False
SKU-019,2026-05-04,50,False
SKU-019,2026-05-05,33,False
SKU-019,2026-05-06,42,False
SKU-019,2026-05-07,32,False
SKU-019,2026-05-08,44,False
SKU-019,2026-05-09,35,False
SKU-019,2026-05-10,17,False
SKU-019,2026-05-11,32,False
SKU-019,2026-05-12,38,False
SKU-019,2026-05-13,36,False
SKU-019,2026-05-14,57,False
SKU-019,2026-05-15,43,False
SKU-019,2026-05-16,55,False
SKU-019,2026-05-17,34,False
SKU-019,2026-05-18,70,False
SKU-019,2026-05-19,38,False
SKU-019,2026-05-20,53,False
SKU-019,2026-05-21,36,False
SKU-019,2026-05-22,50,False
SKU-019,2026-05-23,48,False
SKU-019,2026-05-24,18,False
SKU-019,2026-05-25,39,False
SKU-019,2026-05-26,63,False
SKU-019,2026-05-27,35,False
SKU-019,2026-05-28,65,False
SKU-019,2026-05-29,40,False
SKU-019,2026-05-30,19,False
SKU-019,2026-05-31,50,False
SKU-019,2026-06-01,21,False
SKU-019,2026-06-02,35,False
SKU-019,2026-06-03,45,False
SKU-019,2026-06-04,30,False
SKU-019,2026-06-05,38,False
SKU-019,2026-06-06,44,False
SKU-019,2026-06-07,78,False
SKU-019,2026-06-08,53,False
SKU-019,2026-06-09,45,False
SKU-019,2026-06-10,7,False
SKU-020,2025-06-11,48,False
SKU-020,2025-06-12,30,False
SKU-020,2025-06-13,34,False
SKU-020,2025-06-14,53,False
SKU-020,2025-06-15,36,False
SKU-020,2025-06-16,43,False
SKU-020,2025-06-17,43,False
SKU-020,2025-06-18,59,False
SKU-020,2025-06-19,45,False
SKU-020,2025-06-20,35,False
SKU-020,2025-06-21,58,False
SKU-020,2025-06-22,44,False
SKU-020,2025-06-23,,True
SKU-020,2025-06-24,29,False
SKU-020,2025-06-25,51,False
SKU-020,2025-06-26,39,False
SKU-020,2025-06-27,54,False
SKU-020,2025-06-28,16,False
SKU-020,2025-06-29,30,False
SKU-020,2025-06-30,34,False
SKU-020,2025-07-01,45,False
SKU-020,2025-07-02,42,False
SKU-020,2025-07-03,53,False
SKU-020,2025-07-04,36,False
SKU-020,2025-07-05,5,False
SKU-020,2025-07-06,56,False
SKU-020,2025-07-07,50,False
SKU-020,2025-07-08,41,False
SKU-020,2025-07-09,44,False
SKU-020,2025-07-10,38,False
SKU-020,2025-07-11,47,False
SKU-020,2025-07-12,31,False
SKU-020,2025-07-13,43,False
SKU-020,2025-07-14,35,False
SKU-020,2025-07-15,25,False
SKU-020,2025-07-16,29,False
SKU-020,2025-07-17,30,False
SKU-020,2025-07-18,47,False
SKU-020,2025-07-19,28,False
SKU-020,2025-07-20,32,False
SKU-020,2025-07-21,50,False
SKU-020,2025-07-22,29,False
SKU-020,2025-07-23,31,False
SKU-020,2025-07-24,34,False
SKU-020,2025-07-25,27,False
SKU-020,2025-07-26,33,False
SKU-020,2025-07-27,48,False
SKU-020,2025-07-28,39,False
SKU-020,2025-07-29,53,False
SKU-020,2025-07-30,46,False
SKU-020,2025-07-31,34,False
SKU-020,2025-08-01,41,False
SKU-020,2025-08-02,27,False
SKU-020,2025-08-03,19,False
SKU-020,2025-08-04,39,False
SKU-020,2025-08-05,37,False
SKU-020,2025-08-06,46,False
SKU-020,2025-08-07,30,False
SKU-020,2025-08-08,38,False
SKU-020,2025-08-09,20,False
SKU-020,2025-08-10,25,False
SKU-020,2025-08-11,25,False
SKU-020,2025-08-12,52,False
SKU-020,2025-08-13,53,False
SKU-020,2025-08-14,47,False
SKU-020,2025-08-15,49,False
SKU-020,2025-08-16,32,False
SKU-020,2025-08-17,33,False
SKU-020,2025-08-18,63,False
SKU-020,2025-08-19,29,False
SKU-020,2025-08-20,36,False
SKU-020,2025-08-21,26,False
SKU-020,2025-08-22,21,False
SKU-020,2025-08-23,44,False
SKU-020,2025-08-24,51,False
SKU-020,2025-08-25,39,False
SKU-020,2025-08-26,59,False
SKU-020,2025-08-27,42,False
SKU-020,2025-08-28,40,False
SKU-020,2025-08-29,47,False
SKU-020,2025-08-30,47,False
SKU-020,2025-08-31,53,False
SKU-020,2025-09-01,,True
SKU-020,2025-09-02,50,False
SKU-020,2025-09-03,22,False
SKU-020,2025-09-04,34,False
SKU-020,2025-09-05,37,False
SKU-020,2025-09-06,41,False
SKU-020,2025-09-07,43,False
SKU-020,2025-09-08,29,False
SKU-020,2025-09-09,33,False
SKU-020,2025-09-10,44,False
SKU-020,2025-09-11,43,False
SKU-020,2025-09-12,,True
SKU-020,2025-09-13,42,False
SKU-020,2025-09-14,43,False
SKU-020,2025-09-15,21,False
SKU-020,2025-09-16,26,False
SKU-020,2025-09-17,46,False
SKU-020,2025-09-18,28,False
SKU-020,2025-09-19,50,False
SKU-020,2025-09-20,38,False
SKU-020,2025-09-21,23,False
SKU-020,2025-09-22,16,False
SKU-020,2025-09-23,38,False
SKU-020,2025-09-24,31,False
SKU-020,2025-09-25,45,False
SKU-020,2025-09-26,29,False
SKU-020,2025-09-27,45,False
SKU-020,2025-09-28,50,False
SKU-020,2025-09-29,39,False
SKU-020,2025-09-30,51,False
SKU-020,2025-10-01,22,False
SKU-020,2025-10-02,,True
SKU-020,2025-10-03,46,False
SKU-020,2025-10-04,25,False
SKU-020,2025-10-05,43,False
SKU-020,2025-10-06,47,False
SKU-020,2025-10-07,29,False
SKU-020,2025-10-08,61,False
SKU-020,2025-10-09,29,False
SKU-020,2025-10-10,50,False
SKU-020,2025-10-11,42,False
SKU-020,2025-10-12,23,False
SKU-020,2025-10-13,44,False
SKU-020,2025-10-14,11,False
SKU-020,2025-10-15,41,False
SKU-020,2025-10-16,33,False
SKU-020,2025-10-17,44,False
SKU-020,2025-10-18,44,False
SKU-020,2025-10-19,37,False
SKU-020,2025-10-20,46,False
SKU-020,2025-10-21,39,False
SKU-020,2025-10-22,20,False
SKU-020,2025-10-23,49,False
SKU-020,2025-10-24,37,False
SKU-020,2025-10-25,41,False
SKU-020,2025-10-26,25,False
SKU-020,2025-10-27,43,False
SKU-020,2025-10-28,41,False
SKU-020,2025-10-29,19,False
SKU-020,2025-10-30,64,False
SKU-020,2025-10-31,32,False
SKU-020,2025-11-01,20,False
SKU-020,2025-11-02,44,False
SKU-020,2025-11-03,42,False
SKU-020,2025-11-04,35,False
SKU-020,2025-11-05,47,False
SKU-020,2025-11-06,40,False
SKU-020,2025-11-07,27,False
SKU-020,2025-11-08,32,False
SKU-020,2025-11-09,29,False
SKU-020,2025-11-10,,True
SKU-020,2025-11-11,59,False
SKU-020,2025-11-12,47,False
SKU-020,2025-11-13,49,False
SKU-020,2025-11-14,43,False
SKU-020,2025-11-15,33,False
SKU-020,2025-11-16,38,False
SKU-020,2025-11-17,13,False
SKU-020,2025-11-18,16,False
SKU-020,2025-11-19,37,False
SKU-020,2025-11-20,52,False
SKU-020,2025-11-21,29,False
SKU-020,2025-11-22,53,False
SKU-020,2025-11-23,45,False
SKU-020,2025-11-24,24,False
SKU-020,2025-11-25,39,False
SKU-020,2025-11-26,29,False
SKU-020,2025-11-27,34,False
SKU-020,2025-11-28,65,False
SKU-020,2025-11-29,41,False
SKU-020,2025-11-30,37,False
SKU-020,2025-12-01,36,False
SKU-020,2025-12-02,59,False
SKU-020,2025-12-03,43,False
SKU-020,2025-12-04,66,False
SKU-020,2025-12-05,49,False
SKU-020,2025-12-06,46,False
SKU-020,2025-12-07,28,False
SKU-020,2025-12-08,43,False
SKU-020,2025-12-09,11,False
SKU-020,2025-12-10,41,False
SKU-020,2025-12-11,47,False
SKU-020,2025-12-12,30,False
SKU-020,2025-12-13,35,False
SKU-020,2025-12-14,38,False
SKU-020,2025-12-15,40,False
SKU-020,2025-12-16,61,False
SKU-020,2025-12-17,27,False
SKU-020,2025-12-18,31,False
SKU-020,2025-12-19,32,False
SKU-020,2025-12-20,33,False
SKU-020,2025-12-21,34,False
SKU-020,2025-12-22,41,False
SKU-020,2025-12-23,52,False
SKU-020,2025-12-24,38,False
SKU-020,2025-12-25,58,False
SKU-020,2025-12-26,34,False
SKU-020,2025-12-27,45,False
SKU-020,2025-12-28,38,False
SKU-020,2025-12-29,26,False
SKU-020,2025-12-30,51,False
SKU-020,2025-12-31,34,False
SKU-020,2026-01-01,36,False
SKU-020,2026-01-02,52,False
SKU-020,2026-01-03,41,False
SKU-020,2026-01-04,41,False
SKU-020,2026-01-05,31,False
SKU-020,2026-01-06,43,False
SKU-020,2026-01-07,37,False
SKU-020,2026-01-08,16,False
SKU-020,2026-01-09,34,False
SKU-020,2026-01-10,30,False
SKU-020,2026-01-11,32,False
SKU-020,2026-01-12,51,False
SKU-020,2026-01-13,47,False
SKU-020,2026-01-14,48,False
SKU-020,2026-01-15,24,False
SKU-020,2026-01-16,29,False
SKU-020,2026-01-17,48,False
SKU-020,2026-01-18,20,False
SKU-020,2026-01-19,50,False
SKU-020,2026-01-20,34,False
SKU-020,2026-01-21,47,False
SKU-020,2026-01-22,40,False
SKU-020,2026-01-23,41,False
SKU-020,2026-01-24,47,False
SKU-020,2026-01-25,45,False
SKU-020,2026-01-26,40,False
SKU-020,2026-01-27,20,False
SKU-020,2026-01-28,32,False
SKU-020,2026-01-29,40,False
SKU-020,2026-01-30,23,False
SKU-020,2026-01-31,33,False
SKU-020,2026-02-01,34,False
SKU-020,2026-02-02,38,False
SKU-020,2026-02-03,40,False
SKU-020,2026-02-04,39,False
SKU-020,2026-02-05,43,False
SKU-020,2026-02-06,50,False
SKU-020,2026-02-07,35,False
SKU-020,2026-02-08,28,False
SKU-020,2026-02-09,49,False
SKU-020,2026-02-10,35,False
SKU-020,2026-02-11,,True
SKU-020,2026-02-12,30,False
SKU-020,2026-02-13,49,False
SKU-020,2026-02-14,34,False
SKU-020,2026-02-15,52,False
SKU-020,2026-02-16,57,False
SKU-020,2026-02-17,62,False
SKU-020,2026-02-18,31,False
SKU-020,2026-02-19,40,False
SKU-020,2026-02-20,21,False
SKU-020,2026-02-21,37,False
SKU-020,2026-02-22,38,False
SKU-020,2026-02-23,29,False
SKU-020,2026-02-24,37,False
SKU-020,2026-02-25,36,False
SKU-020,2026-02-26,24,False
SKU-020,2026-02-27,54,False
SKU-020,2026-02-28,37,False
SKU-020,2026-03-01,57,False
SKU-020,2026-03-02,31,False
SKU-020,2026-03-03,24,False
SKU-020,2026-03-04,33,False
SKU-020,2026-03-05,32,False
SKU-020,2026-03-06,48,False
SKU-020,2026-03-07,14,False
SKU-020,2026-03-08,41,False
SKU-020,2026-03-09,31,False
SKU-020,2026-03-10,32,False
SKU-020,2026-03-11,28,False
SKU-020,2026-03-12,41,False
SKU-020,2026-03-13,41,False
SKU-020,2026-03-14,63,False
SKU-020,2026-03-15,34,False
SKU-020,2026-03-16,37,False
SKU-020,2026-03-17,28,False
SKU-020,2026-03-18,45,False
SKU-020,2026-03-19,34,False
SKU-020,2026-03-20,59,False
SKU-020,2026-03-21,9,False
SKU-020,2026-03-22,37,False
SKU-020,2026-03-23,32,False
SKU-020,2026-03-24,52,False
SKU-020,2026-03-25,41,False
SKU-020,2026-03-26,54,False
SKU-020,2026-03-27,41,False
SKU-020,2026-03-28,72,False
SKU-020,2026-03-29,30,False
SKU-020,2026-03-30,35,False
SKU-020,2026-03-31,20,False
SKU-020,2026-04-01,15,False
SKU-020,2026-04-02,37,False
SKU-020,2026-04-03,28,False
SKU-020,2026-04-04,16,False
SKU-020,2026-04-05,50,False
SKU-020,2026-04-06,60,False
SKU-020,2026-04-07,53,False
SKU-020,2026-04-08,33,False
SKU-020,2026-04-09,36,False
SKU-020,2026-04-10,38,False
SKU-020,2026-04-11,37,False
SKU-020,2026-04-12,45,False
SKU-020,2026-04-13,11,False
SKU-020,2026-04-14,32,False
SKU-020,2026-04-15,39,False
SKU-020,2026-04-16,32,False
SKU-020,2026-04-17,39,False
SKU-020,2026-04-18,55,False
SKU-020,2026-04-19,48,False
SKU-020,2026-04-20,48,False
SKU-020,2026-04-21,64,False
SKU-020,2026-04-22,15,False
SKU-020,2026-04-23,16,False
SKU-020,2026-04-24,43,False
SKU-020,2026-04-25,47,False
SKU-020,2026-04-26,50,False
SKU-020,2026-04-27,71,False
SKU-020,2026-04-28,31,False
SKU-020,2026-04-29,47,False
SKU-020,2026-04-30,16,False
SKU-020,2026-05-01,36,False
SKU-020,2026-05-02,24,False
SKU-020,2026-05-03,22,False
SKU-020,2026-05-04,46,False
SKU-020,2026-05-05,37,False
SKU-020,2026-05-06,18,False
SKU-020,2026-05-07,38,False
SKU-020,2026-05-08,39,False
SKU-020,2026-05-09,,True
SKU-020,2026-05-10,16,False
SKU-020,2026-05-11,65,False
SKU-020,2026-05-12,18,False
SKU-020,2026-05-13,49,False
SKU-020,2026-05-14,57,False
SKU-020,2026-05-15,49,False
SKU-020,2026-05-16,42,False
SKU-020,2026-05-17,42,False
SKU-020,2026-05-18,36,False
SKU-020,2026-05-19,27,False
SKU-020,2026-05-20,43,False
SKU-020,2026-05-21,29,False
SKU-020,2026-05-22,31,False
SKU-020,2026-05-23,60,False
SKU-020,2026-05-24,44,False
SKU-020,2026-05-25,36,False
SKU-020,2026-05-26,44,False
SKU-020,2026-05-27,46,False
SKU-020,2026-05-28,33,False
SKU-020,2026-05-29,37,False
SKU-020,2026-05-30,70,False
SKU-020,2026-05-31,42,False
SKU-020,2026-06-01,56,False
SKU-020,2026-06-02,18,False
SKU-020,2026-06-03,34,False
SKU-020,2026-06-04,41,False
SKU-020,2026-06-05,43,False
SKU-020,2026-06-06,33,False
SKU-020,2026-06-07,39,False
SKU-020,2026-06-08,47,False
SKU-020,2026-06-09,15,False
SKU-020,2026-06-10,32,False
SKU-021,2025-06-11,45,False
SKU-021,2025-06-12,59,False
SKU-021,2025-06-13,61,False
SKU-021,2025-06-14,119,False
SKU-021,2025-06-15,95,False
SKU-021,2025-06-16,63,False
SKU-021,2025-06-17,82,False
SKU-021,2025-06-18,77,False
SKU-021,2025-06-19,94,False
SKU-021,2025-06-20,90,False
SKU-021,2025-06-21,58,False
SKU-021,2025-06-22,70,False
SKU-021,2025-06-23,77,False
SKU-021,2025-06-24,66,False
SKU-021,2025-06-25,34,False
SKU-021,2025-06-26,,True
SKU-021,2025-06-27,81,False
SKU-021,2025-06-28,108,False
SKU-021,2025-06-29,92,False
SKU-021,2025-06-30,,True
SKU-021,2025-07-01,57,False
SKU-021,2025-07-02,72,False
SKU-021,2025-07-03,85,False
SKU-021,2025-07-04,100,False
SKU-021,2025-07-05,67,False
SKU-021,2025-07-06,62,False
SKU-021,2025-07-07,50,False
SKU-021,2025-07-08,91,False
SKU-021,2025-07-09,75,False
SKU-021,2025-07-10,118,False
SKU-021,2025-07-11,59,False
SKU-021,2025-07-12,54,False
SKU-021,2025-07-13,81,False
SKU-021,2025-07-14,90,False
SKU-021,2025-07-15,67,False
SKU-021,2025-07-16,66,False
SKU-021,2025-07-17,150,False
SKU-021,2025-07-18,94,False
SKU-021,2025-07-19,70,False
SKU-021,2025-07-20,64,False
SKU-021,2025-07-21,46,False
SKU-021,2025-07-22,60,False
SKU-021,2025-07-23,85,False
SKU-021,2025-07-24,75,False
SKU-021,2025-07-25,68,False
SKU-021,2025-07-26,36,False
SKU-021,2025-07-27,47,False
SKU-021,2025-07-28,92,False
SKU-021,2025-07-29,84,False
SKU-021,2025-07-30,104,False
SKU-021,2025-07-31,104,False
SKU-021,2025-08-01,43,False
SKU-021,2025-08-02,97,False
SKU-021,2025-08-03,67,False
SKU-021,2025-08-04,95,False
SKU-021,2025-08-05,107,False
SKU-021,2025-08-06,60,False
SKU-021,2025-08-07,72,False
SKU-021,2025-08-08,72,False
SKU-021,2025-08-09,88,False
SKU-021,2025-08-10,75,False
SKU-021,2025-08-11,66,False
SKU-021,2025-08-12,77,False
SKU-021,2025-08-13,89,False
SKU-021,2025-08-14,92,False
SKU-021,2025-08-15,71,False
SKU-021,2025-08-16,100,False
SKU-021,2025-08-17,103,False
SKU-021,2025-08-18,102,False
SKU-021,2025-08-19,72,False
SKU-021,2025-08-20,72,False
SKU-021,2025-08-21,96,False
SKU-021,2025-08-22,92,False
SKU-021,2025-08-23,54,False
SKU-021,2025-08-24,126,False
SKU-021,2025-08-25,96,False
SKU-021,2025-08-26,74,False
SKU-021,2025-08-27,91,False
SKU-021,2025-08-28,92,False
SKU-021,2025-08-29,52,False
SKU-021,2025-08-30,,True
SKU-021,2025-08-31,31,False
SKU-021,2025-09-01,59,False
SKU-021,2025-09-02,104,False
SKU-021,2025-09-03,89,False
SKU-021,2025-09-04,75,False
SKU-021,2025-09-05,76,False
SKU-021,2025-09-06,58,False
SKU-021,2025-09-07,52,False
SKU-021,2025-09-08,51,False
SKU-021,2025-09-09,61,False
SKU-021,2025-09-10,91,False
SKU-021,2025-09-11,55,False
SKU-021,2025-09-12,113,False
SKU-021,2025-09-13,49,False
SKU-021,2025-09-14,69,False
SKU-021,2025-09-15,71,False
SKU-021,2025-09-16,65,False
SKU-021,2025-09-17,84,False
SKU-021,2025-09-18,63,False
SKU-021,2025-09-19,104,False
SKU-021,2025-09-20,89,False
SKU-021,2025-09-21,98,False
SKU-021,2025-09-22,102,False
SKU-021,2025-09-23,73,False
SKU-021,2025-09-24,124,False
SKU-021,2025-09-25,46,False
SKU-021,2025-09-26,38,False
SKU-021,2025-09-27,101,False
SKU-021,2025-09-28,61,False
SKU-021,2025-09-29,45,False
SKU-021,2025-09-30,53,False
SKU-021,2025-10-01,57,False
SKU-021,2025-10-02,77,False
SKU-021,2025-10-03,68,False
SKU-021,2025-10-04,25,False
SKU-021,2025-10-05,88,False
SKU-021,2025-10-06,30,False
SKU-021,2025-10-07,,True
SKU-021,2025-10-08,103,False
SKU-021,2025-10-09,108,False
SKU-021,2025-10-10,60,False
SKU-021,2025-10-11,70,False
SKU-021,2025-10-12,13,False
SKU-021,2025-10-13,89,False
SKU-021,2025-10-14,113,False
SKU-021,2025-10-15,92,False
SKU-021,2025-10-16,112,False
SKU-021,2025-10-17,97,False
SKU-021,2025-10-18,84,False
SKU-021,2025-10-19,69,False
SKU-021,2025-10-20,40,False
SKU-021,2025-10-21,77,False
SKU-021,2025-10-22,33,False
SKU-021,2025-10-23,81,False
SKU-021,2025-10-24,63,False
SKU-021,2025-10-25,88,False
SKU-021,2025-10-26,77,False
SKU-021,2025-10-27,86,False
SKU-021,2025-10-28,81,False
SKU-021,2025-10-29,43,False
SKU-021,2025-10-30,88,False
SKU-021,2025-10-31,64,False
SKU-021,2025-11-01,30,False
SKU-021,2025-11-02,27,False
SKU-021,2025-11-03,44,False
SKU-021,2025-11-04,35,False
SKU-021,2025-11-05,87,False
SKU-021,2025-11-06,80,False
SKU-021,2025-11-07,98,False
SKU-021,2025-11-08,56,False
SKU-021,2025-11-09,81,False
SKU-021,2025-11-10,87,False
SKU-021,2025-11-11,35,False
SKU-021,2025-11-12,78,False
SKU-021,2025-11-13,50,False
SKU-021,2025-11-14,78,False
SKU-021,2025-11-15,64,False
SKU-021,2025-11-16,32,False
SKU-021,2025-11-17,65,False
SKU-021,2025-11-18,54,False
SKU-021,2025-11-19,46,False
SKU-021,2025-11-20,94,False
SKU-021,2025-11-21,115,False
SKU-021,2025-11-22,116,False
SKU-021,2025-11-23,88,False
SKU-021,2025-11-24,66,False
SKU-021,2025-11-25,72,False
SKU-021,2025-11-26,73,False
SKU-021,2025-11-27,102,False
SKU-021,2025-11-28,33,False
SKU-021,2025-11-29,77,False
SKU-021,2025-11-30,71,False
SKU-021,2025-12-01,65,False
SKU-021,2025-12-02,47,False
SKU-021,2025-12-03,89,False
SKU-021,2025-12-04,42,False
SKU-021,2025-12-05,83,False
SKU-021,2025-12-06,78,False
SKU-021,2025-12-07,75,False
SKU-021,2025-12-08,114,False
SKU-021,2025-12-09,81,False
SKU-021,2025-12-10,76,False
SKU-021,2025-12-11,35,False
SKU-021,2025-12-12,94,False
SKU-021,2025-12-13,125,False
SKU-021,2025-12-14,54,False
SKU-021,2025-12-15,69,False
SKU-021,2025-12-16,47,False
SKU-021,2025-12-17,53,False
SKU-021,2025-12-18,56,False
SKU-021,2025-12-19,40,False
SKU-021,2025-12-20,71,False
SKU-021,2025-12-21,87,False
SKU-021,2025-12-22,61,False
SKU-021,2025-12-23,51,False
SKU-021,2025-12-24,76,False
SKU-021,2025-12-25,62,False
SKU-021,2025-12-26,70,False
SKU-021,2025-12-27,70,False
SKU-021,2025-12-28,70,False
SKU-021,2025-12-29,,True
SKU-021,2025-12-30,73,False
SKU-021,2025-12-31,91,False
SKU-021,2026-01-01,57,False
SKU-021,2026-01-02,95,False
SKU-021,2026-01-03,60,False
SKU-021,2026-01-04,68,False
SKU-021,2026-01-05,77,False
SKU-021,2026-01-06,94,False
SKU-021,2026-01-07,91,False
SKU-021,2026-01-08,40,False
SKU-021,2026-01-09,68,False
SKU-021,2026-01-10,44,False
SKU-021,2026-01-11,38,False
SKU-021,2026-01-12,98,False
SKU-021,2026-01-13,75,False
SKU-021,2026-01-14,71,False
SKU-021,2026-01-15,121,False
SKU-021,2026-01-16,56,False
SKU-021,2026-01-17,74,False
SKU-021,2026-01-18,81,False
SKU-021,2026-01-19,80,False
SKU-021,2026-01-20,65,False
SKU-021,2026-01-21,105,False
SKU-021,2026-01-22,75,False
SKU-021,2026-01-23,98,False
SKU-021,2026-01-24,123,False
SKU-021,2026-01-25,53,False
SKU-021,2026-01-26,72,False
SKU-021,2026-01-27,90,False
SKU-021,2026-01-28,81,False
SKU-021,2026-01-29,64,False
SKU-021,2026-01-30,46,False
SKU-021,2026-01-31,45,False
SKU-021,2026-02-01,60,False
SKU-021,2026-02-02,83,False
SKU-021,2026-02-03,88,False
SKU-021,2026-02-04,51,False
SKU-021,2026-02-05,101,False
SKU-021,2026-02-06,61,False
SKU-021,2026-02-07,110,False
SKU-021,2026-02-08,82,False
SKU-021,2026-02-09,58,False
SKU-021,2026-02-10,52,False
SKU-021,2026-02-11,104,False
SKU-021,2026-02-12,96,False
SKU-021,2026-02-13,80,False
SKU-021,2026-02-14,57,False
SKU-021,2026-02-15,103,False
SKU-021,2026-02-16,79,False
SKU-021,2026-02-17,72,False
SKU-021,2026-02-18,59,False
SKU-021,2026-02-19,84,False
SKU-021,2026-02-20,85,False
SKU-021,2026-02-21,51,False
SKU-021,2026-02-22,72,False
SKU-021,2026-02-23,54,False
SKU-021,2026-02-24,102,False
SKU-021,2026-02-25,131,False
SKU-021,2026-02-26,34,False
SKU-021,2026-02-27,83,False
SKU-021,2026-02-28,107,False
SKU-021,2026-03-01,82,False
SKU-021,2026-03-02,78,False
SKU-021,2026-03-03,123,False
SKU-021,2026-03-04,49,False
SKU-021,2026-03-05,107,False
SKU-021,2026-03-06,69,False
SKU-021,2026-03-07,53,False
SKU-021,2026-03-08,82,False
SKU-021,2026-03-09,80,False
SKU-021,2026-03-10,68,False
SKU-021,2026-03-11,36,False
SKU-021,2026-03-12,84,False
SKU-021,2026-03-13,103,False
SKU-021,2026-03-14,79,False
SKU-021,2026-03-15,96,False
SKU-021,2026-03-16,106,False
SKU-021,2026-03-17,45,False
SKU-021,2026-03-18,101,False
SKU-021,2026-03-19,60,False
SKU-021,2026-03-20,64,False
SKU-021,2026-03-21,94,False
SKU-021,2026-03-22,51,False
SKU-021,2026-03-23,90,False
SKU-021,2026-03-24,89,False
SKU-021,2026-03-25,75,False
SKU-021,2026-03-26,85,False
SKU-021,2026-03-27,76,False
SKU-021,2026-03-28,95,False
SKU-021,2026-03-29,96,False
SKU-021,2026-03-30,57,False
SKU-021,2026-03-31,92,False
SKU-021,2026-04-01,62,False
SKU-021,2026-04-02,134,False
SKU-021,2026-04-03,73,False
SKU-021,2026-04-04,75,False
SKU-021,2026-04-05,48,False
SKU-021,2026-04-06,103,False
SKU-021,2026-04-07,71,False
SKU-021,2026-04-08,82,False
SKU-021,2026-04-09,77,False
SKU-021,2026-04-10,57,False
SKU-021,2026-04-11,54,False
SKU-021,2026-04-12,90,False
SKU-021,2026-04-13,75,False
SKU-021,2026-04-14,52,False
SKU-021,2026-04-15,103,False
SKU-021,2026-04-16,64,False
SKU-021,2026-04-17,56,False
SKU-021,2026-04-18,80,False
SKU-021,2026-04-19,106,False
SKU-021,2026-04-20,61,False
SKU-021,2026-04-21,52,False
SKU-021,2026-04-22,72,False
SKU-021,2026-04-23,48,False
SKU-021,2026-04-24,47,False
SKU-021,2026-04-25,56,False
SKU-021,2026-04-26,89,False
SKU-021,2026-04-27,71,False
SKU-021,2026-04-28,64,False
SKU-021,2026-04-29,81,False
SKU-021,2026-04-30,75,False
SKU-021,2026-05-01,60,False
SKU-021,2026-05-02,73,False
SKU-021,2026-05-03,112,False
SKU-021,2026-05-04,98,False
SKU-021,2026-05-05,56,False
SKU-021,2026-05-06,80,False
SKU-021,2026-05-07,81,False
SKU-021,2026-05-08,88,False
SKU-021,2026-05-09,85,False
SKU-021,2026-05-10,51,False
SKU-021,2026-05-11,32,False
SKU-021,2026-05-12,78,False
SKU-021,2026-05-13,100,False
SKU-021,2026-05-14,57,False
SKU-021,2026-05-15,60,False
SKU-021,2026-05-16,129,False
SKU-021,2026-05-17,38,False
SKU-021,2026-05-18,61,False
SKU-021,2026-05-19,66,False
SKU-021,2026-05-20,88,False
SKU-021,2026-05-21,72,False
SKU-021,2026-05-22,48,False
SKU-021,2026-05-23,56,False
SKU-021,2026-05-24,50,False
SKU-021,2026-05-25,,True
SKU-021,2026-05-26,99,False
SKU-021,2026-05-27,5,False
SKU-021,2026-05-28,71,False
SKU-021,2026-05-29,67,False
SKU-021,2026-05-30,102,False
SKU-021,2026-05-31,58,False
SKU-021,2026-06-01,79,False
SKU-021,2026-06-02,51,False
SKU-021,2026-06-03,58,False
SKU-021,2026-06-04,46,False
SKU-021,2026-06-05,46,False
SKU-021,2026-06-06,90,False
SKU-021,2026-06-07,47,False
SKU-021,2026-06-08,58,False
SKU-021,2026-06-09,41,False
SKU-021,2026-06-10,62,False
SKU-022,2025-06-11,53,False
SKU-022,2025-06-12,41,False
SKU-022,2025-06-13,39,False
SKU-022,2025-06-14,47,False
SKU-022,2025-06-15,80,False
SKU-022,2025-06-16,63,False
SKU-022,2025-06-17,25,False
SKU-022,2025-06-18,78,False
SKU-022,2025-06-19,73,False
SKU-022,2025-06-20,60,False
SKU-022,2025-06-21,28,False
SKU-022,2025-06-22,60,False
SKU-022,2025-06-23,53,False
SKU-022,2025-06-24,46,False
SKU-022,2025-06-25,51,False
SKU-022,2025-06-26,26,False
SKU-022,2025-06-27,71,False
SKU-022,2025-06-28,59,False
SKU-022,2025-06-29,74,False
SKU-022,2025-06-30,44,False
SKU-022,2025-07-01,46,False
SKU-022,2025-07-02,35,False
SKU-022,2025-07-03,27,False
SKU-022,2025-07-04,52,False
SKU-022,2025-07-05,53,False
SKU-022,2025-07-06,69,False
SKU-022,2025-07-07,55,False
SKU-022,2025-07-08,88,False
SKU-022,2025-07-09,51,False
SKU-022,2025-07-10,82,False
SKU-022,2025-07-11,60,False
SKU-022,2025-07-12,56,False
SKU-022,2025-07-13,35,False
SKU-022,2025-07-14,71,False
SKU-022,2025-07-15,65,False
SKU-022,2025-07-16,30,False
SKU-022,2025-07-17,29,False
SKU-022,2025-07-18,57,False
SKU-022,2025-07-19,48,False
SKU-022,2025-07-20,57,False
SKU-022,2025-07-21,26,False
SKU-022,2025-07-22,62,False
SKU-022,2025-07-23,51,False
SKU-022,2025-07-24,47,False
SKU-022,2025-07-25,60,False
SKU-022,2025-07-26,62,False
SKU-022,2025-07-27,44,False
SKU-022,2025-07-28,59,False
SKU-022,2025-07-29,,True
SKU-022,2025-07-30,45,False
SKU-022,2025-07-31,38,False
SKU-022,2025-08-01,11,False
SKU-022,2025-08-02,91,False
SKU-022,2025-08-03,47,False
SKU-022,2025-08-04,61,False
SKU-022,2025-08-05,32,False
SKU-022,2025-08-06,36,False
SKU-022,2025-08-07,69,False
SKU-022,2025-08-08,49,False
SKU-022,2025-08-09,74,False
SKU-022,2025-08-10,65,False
SKU-022,2025-08-11,70,False
SKU-022,2025-08-12,60,False
SKU-022,2025-08-13,61,False
SKU-022,2025-08-14,74,False
SKU-022,2025-08-15,70,False
SKU-022,2025-08-16,74,False
SKU-022,2025-08-17,73,False
SKU-022,2025-08-18,56,False
SKU-022,2025-08-19,67,False
SKU-022,2025-08-20,76,False
SKU-022,2025-08-21,29,False
SKU-022,2025-08-22,72,False
SKU-022,2025-08-23,43,False
SKU-022,2025-08-24,71,False
SKU-022,2025-08-25,50,False
SKU-022,2025-08-26,26,False
SKU-022,2025-08-27,75,False
SKU-022,2025-08-28,52,False
SKU-022,2025-08-29,55,False
SKU-022,2025-08-30,51,False
SKU-022,2025-08-31,51,False
SKU-022,2025-09-01,96,False
SKU-022,2025-09-02,62,False
SKU-022,2025-09-03,59,False
SKU-022,2025-09-04,64,False
SKU-022,2025-09-05,50,False
SKU-022,2025-09-06,19,False
SKU-022,2025-09-07,62,False
SKU-022,2025-09-08,89,False
SKU-022,2025-09-09,54,False
SKU-022,2025-09-10,62,False
SKU-022,2025-09-11,68,False
SKU-022,2025-09-12,74,False
SKU-022,2025-09-13,16,False
SKU-022,2025-09-14,14,False
SKU-022,2025-09-15,42,False
SKU-022,2025-09-16,23,False
SKU-022,2025-09-17,65,False
SKU-022,2025-09-18,33,False
SKU-022,2025-09-19,41,False
SKU-022,2025-09-20,84,False
SKU-022,2025-09-21,64,False
SKU-022,2025-09-22,61,False
SKU-022,2025-09-23,39,False
SKU-022,2025-09-24,32,False
SKU-022,2025-09-25,62,False
SKU-022,2025-09-26,20,False
SKU-022,2025-09-27,47,False
SKU-022,2025-09-28,36,False
SKU-022,2025-09-29,55,False
SKU-022,2025-09-30,66,False
SKU-022,2025-10-01,35,False
SKU-022,2025-10-02,30,False
SKU-022,2025-10-03,39,False
SKU-022,2025-10-04,13,False
SKU-022,2025-10-05,49,False
SKU-022,2025-10-06,53,False
SKU-022,2025-10-07,36,False
SKU-022,2025-10-08,56,False
SKU-022,2025-10-09,71,False
SKU-022,2025-10-10,24,False
SKU-022,2025-10-11,47,False
SKU-022,2025-10-12,49,False
SKU-022,2025-10-13,42,False
SKU-022,2025-10-14,55,False
SKU-022,2025-10-15,15,False
SKU-022,2025-10-16,33,False
SKU-022,2025-10-17,41,False
SKU-022,2025-10-18,72,False
SKU-022,2025-10-19,54,False
SKU-022,2025-10-20,65,False
SKU-022,2025-10-21,50,False
SKU-022,2025-10-22,71,False
SKU-022,2025-10-23,,True
SKU-022,2025-10-24,48,False
SKU-022,2025-10-25,53,False
SKU-022,2025-10-26,45,False
SKU-022,2025-10-27,44,False
SKU-022,2025-10-28,,True
SKU-022,2025-10-29,34,False
SKU-022,2025-10-30,91,False
SKU-022,2025-10-31,52,False
SKU-022,2025-11-01,58,False
SKU-022,2025-11-02,59,False
SKU-022,2025-11-03,73,False
SKU-022,2025-11-04,63,False
SKU-022,2025-11-05,34,False
SKU-022,2025-11-06,60,False
SKU-022,2025-11-07,56,False
SKU-022,2025-11-08,42,False
SKU-022,2025-11-09,,True
SKU-022,2025-11-10,74,False
SKU-022,2025-11-11,58,False
SKU-022,2025-11-12,52,False
SKU-022,2025-11-13,35,False
SKU-022,2025-11-14,39,False
SKU-022,2025-11-15,75,False
SKU-022,2025-11-16,51,False
SKU-022,2025-11-17,52,False
SKU-022,2025-11-18,62,False
SKU-022,2025-11-19,53,False
SKU-022,2025-11-20,36,False
SKU-022,2025-11-21,51,False
SKU-022,2025-11-22,71,False
SKU-022,2025-11-23,67,False
SKU-022,2025-11-24,22,False
SKU-022,2025-11-25,48,False
SKU-022,2025-11-26,62,False
SKU-022,2025-11-27,47,False
SKU-022,2025-11-28,61,False
SKU-022,2025-11-29,76,False
SKU-022,2025-11-30,58,False
SKU-022,2025-12-01,60,False
SKU-022,2025-12-02,53,False
SKU-022,2025-12-03,35,False
SKU-022,2025-12-04,55,False
SKU-022,2025-12-05,30,False
SKU-022,2025-12-06,30,False
SKU-022,2025-12-07,71,False
SKU-022,2025-12-08,79,False
SKU-022,2025-12-09,29,False
SKU-022,2025-12-10,55,False
SKU-022,2025-12-11,54,False
SKU-022,2025-12-12,54,False
SKU-022,2025-12-13,58,False
SKU-022,2025-12-14,40,False
SKU-022,2025-12-15,38,False
SKU-022,2025-12-16,28,False
SKU-022,2025-12-17,53,False
SKU-022,2025-12-18,41,False
SKU-022,2025-12-19,50,False
SKU-022,2025-12-20,46,False
SKU-022,2025-12-21,54,False
SKU-022,2025-12-22,24,False
SKU-022,2025-12-23,37,False
SKU-022,2025-12-24,52,False
SKU-022,2025-12-25,64,False
SKU-022,2025-12-26,35,False
SKU-022,2025-12-27,77,False
SKU-022,2025-12-28,47,False
SKU-022,2025-12-29,62,False
SKU-022,2025-12-30,26,False
SKU-022,2025-12-31,22,False
SKU-022,2026-01-01,45,False
SKU-022,2026-01-02,44,False
SKU-022,2026-01-03,61,False
SKU-022,2026-01-04,65,False
SKU-022,2026-01-05,79,False
SKU-022,2026-01-06,71,False
SKU-022,2026-01-07,88,False
SKU-022,2026-01-08,72,False
SKU-022,2026-01-09,88,False
SKU-022,2026-01-10,43,False
SKU-022,2026-01-11,72,False
SKU-022,2026-01-12,78,False
SKU-022,2026-01-13,26,False
SKU-022,2026-01-14,52,False
SKU-022,2026-01-15,57,False
SKU-022,2026-01-16,91,False
SKU-022,2026-01-17,,True
SKU-022,2026-01-18,47,False
SKU-022,2026-01-19,71,False
SKU-022,2026-01-20,56,False
SKU-022,2026-01-21,65,False
SKU-022,2026-01-22,46,False
SKU-022,2026-01-23,38,False
SKU-022,2026-01-24,68,False
SKU-022,2026-01-25,66,False
SKU-022,2026-01-26,30,False
SKU-022,2026-01-27,51,False
SKU-022,2026-01-28,84,False
SKU-022,2026-01-29,61,False
SKU-022,2026-01-30,47,False
SKU-022,2026-01-31,70,False
SKU-022,2026-02-01,74,False
SKU-022,2026-02-02,70,False
SKU-022,2026-02-03,62,False
SKU-022,2026-02-04,38,False
SKU-022,2026-02-05,56,False
SKU-022,2026-02-06,71,False
SKU-022,2026-02-07,66,False
SKU-022,2026-02-08,51,False
SKU-022,2026-02-09,50,False
SKU-022,2026-02-10,49,False
SKU-022,2026-02-11,69,False
SKU-022,2026-02-12,58,False
SKU-022,2026-02-13,62,False
SKU-022,2026-02-14,52,False
SKU-022,2026-02-15,78,False
SKU-022,2026-02-16,64,False
SKU-022,2026-02-17,53,False
SKU-022,2026-02-18,63,False
SKU-022,2026-02-19,63,False
SKU-022,2026-02-20,43,False
SKU-022,2026-02-21,41,False
SKU-022,2026-02-22,79,False
SKU-022,2026-02-23,67,False
SKU-022,2026-02-24,59,False
SKU-022,2026-02-25,59,False
SKU-022,2026-02-26,38,False
SKU-022,2026-02-27,64,False
SKU-022,2026-02-28,70,False
SKU-022,2026-03-01,53,False
SKU-022,2026-03-02,31,False
SKU-022,2026-03-03,20,False
SKU-022,2026-03-04,33,False
SKU-022,2026-03-05,49,False
SKU-022,2026-03-06,34,False
SKU-022,2026-03-07,88,False
SKU-022,2026-03-08,46,False
SKU-022,2026-03-09,42,False
SKU-022,2026-03-10,61,False
SKU-022,2026-03-11,58,False
SKU-022,2026-03-12,51,False
SKU-022,2026-03-13,57,False
SKU-022,2026-03-14,77,False
SKU-022,2026-03-15,76,False
SKU-022,2026-03-16,78,False
SKU-022,2026-03-17,64,False
SKU-022,2026-03-18,,True
SKU-022,2026-03-19,52,False
SKU-022,2026-03-20,58,False
SKU-022,2026-03-21,45,False
SKU-022,2026-03-22,51,False
SKU-022,2026-03-23,66,False
SKU-022,2026-03-24,39,False
SKU-022,2026-03-25,73,False
SKU-022,2026-03-26,54,False
SKU-022,2026-03-27,66,False
SKU-022,2026-03-28,54,False
SKU-022,2026-03-29,19,False
SKU-022,2026-03-30,68,False
SKU-022,2026-03-31,69,False
SKU-022,2026-04-01,55,False
SKU-022,2026-04-02,62,False
SKU-022,2026-04-03,68,False
SKU-022,2026-04-04,27,False
SKU-022,2026-04-05,50,False
SKU-022,2026-04-06,65,False
SKU-022,2026-04-07,31,False
SKU-022,2026-04-08,57,False
SKU-022,2026-04-09,,True
SKU-022,2026-04-10,52,False
SKU-022,2026-04-11,,True
SKU-022,2026-04-12,64,False
SKU-022,2026-04-13,61,False
SKU-022,2026-04-14,51,False
SKU-022,2026-04-15,37,False
SKU-022,2026-04-16,36,False
SKU-022,2026-04-17,58,False
SKU-022,2026-04-18,62,False
SKU-022,2026-04-19,22,False
SKU-022,2026-04-20,54,False
SKU-022,2026-04-21,40,False
SKU-022,2026-04-22,32,False
SKU-022,2026-04-23,76,False
SKU-022,2026-04-24,41,False
SKU-022,2026-04-25,42,False
SKU-022,2026-04-26,22,False
SKU-022,2026-04-27,64,False
SKU-022,2026-04-28,39,False
SKU-022,2026-04-29,67,False
SKU-022,2026-04-30,67,False
SKU-022,2026-05-01,67,False
SKU-022,2026-05-02,63,False
SKU-022,2026-05-03,81,False
SKU-022,2026-05-04,32,False
SKU-022,2026-05-05,21,False
SKU-022,2026-05-06,50,False
SKU-022,2026-05-07,63,False
SKU-022,2026-05-08,35,False
SKU-022,2026-05-09,38,False
SKU-022,2026-05-10,51,False
SKU-022,2026-05-11,27,False
SKU-022,2026-05-12,47,False
SKU-022,2026-05-13,46,False
SKU-022,2026-05-14,66,False
SKU-022,2026-05-15,74,False
SKU-022,2026-05-16,25,False
SKU-022,2026-05-17,39,False
SKU-022,2026-05-18,49,False
SKU-022,2026-05-19,70,False
SKU-022,2026-05-20,52,False
SKU-022,2026-05-21,22,False
SKU-022,2026-05-22,45,False
SKU-022,2026-05-23,91,False
SKU-022,2026-05-24,54,False
SKU-022,2026-05-25,83,False
SKU-022,2026-05-26,53,False
SKU-022,2026-05-27,45,False
SKU-022,2026-05-28,65,False
SKU-022,2026-05-29,42,False
SKU-022,2026-05-30,59,False
SKU-022,2026-05-31,57,False
SKU-022,2026-06-01,36,False
SKU-022,2026-06-02,58,False
SKU-022,2026-06-03,21,False
SKU-022,2026-06-04,57,False
SKU-022,2026-06-05,22,False
SKU-022,2026-06-06,42,False
SKU-022,2026-06-07,64,False
SKU-022,2026-06-08,30,False
SKU-022,2026-06-09,32,False
SKU-022,2026-06-10,71,False
SKU-023,2025-06-11,33,False
SKU-023,2025-06-12,40,False
SKU-023,2025-06-13,9,False
SKU-023,2025-06-14,12,False
SKU-023,2025-06-15,14,False
SKU-023,2025-06-16,25,False
SKU-023,2025-06-17,24,False
SKU-023,2025-06-18,12,False
SKU-023,2025-06-19,30,False
SKU-023,2025-06-20,37,False
SKU-023,2025-06-21,33,False
SKU-023,2025-06-22,13,False
SKU-023,2025-06-23,28,False
SKU-023,2025-06-24,33,False
SKU-023,2025-06-25,16,False
SKU-023,2025-06-26,13,False
SKU-023,2025-06-27,29,False
SKU-023,2025-06-28,28,False
SKU-023,2025-06-29,30,False
SKU-023,2025-06-30,41,False
SKU-023,2025-07-01,32,False
SKU-023,2025-07-02,27,False
SKU-023,2025-07-03,25,False
SKU-023,2025-07-04,15,False
SKU-023,2025-07-05,24,False
SKU-023,2025-07-06,37,False
SKU-023,2025-07-07,32,False
SKU-023,2025-07-08,,True
SKU-023,2025-07-09,18,False
SKU-023,2025-07-10,33,False
SKU-023,2025-07-11,48,False
SKU-023,2025-07-12,41,False
SKU-023,2025-07-13,31,False
SKU-023,2025-07-14,32,False
SKU-023,2025-07-15,22,False
SKU-023,2025-07-16,14,False
SKU-023,2025-07-17,26,False
SKU-023,2025-07-18,26,False
SKU-023,2025-07-19,32,False
SKU-023,2025-07-20,31,False
SKU-023,2025-07-21,31,False
SKU-023,2025-07-22,33,False
SKU-023,2025-07-23,26,False
SKU-023,2025-07-24,14,False
SKU-023,2025-07-25,35,False
SKU-023,2025-07-26,26,False
SKU-023,2025-07-27,41,False
SKU-023,2025-07-28,32,False
SKU-023,2025-07-29,15,False
SKU-023,2025-07-30,26,False
SKU-023,2025-07-31,36,False
SKU-023,2025-08-01,13,False
SKU-023,2025-08-02,28,False
SKU-023,2025-08-03,34,False
SKU-023,2025-08-04,24,False
SKU-023,2025-08-05,17,False
SKU-023,2025-08-06,44,False
SKU-023,2025-08-07,31,False
SKU-023,2025-08-08,29,False
SKU-023,2025-08-09,35,False
SKU-023,2025-08-10,27,False
SKU-023,2025-08-11,21,False
SKU-023,2025-08-12,32,False
SKU-023,2025-08-13,27,False
SKU-023,2025-08-14,32,False
SKU-023,2025-08-15,23,False
SKU-023,2025-08-16,41,False
SKU-023,2025-08-17,,True
SKU-023,2025-08-18,52,False
SKU-023,2025-08-19,46,False
SKU-023,2025-08-20,22,False
SKU-023,2025-08-21,35,False
SKU-023,2025-08-22,22,False
SKU-023,2025-08-23,52,False
SKU-023,2025-08-24,51,False
SKU-023,2025-08-25,23,False
SKU-023,2025-08-26,54,False
SKU-023,2025-08-27,29,False
SKU-023,2025-08-28,35,False
SKU-023,2025-08-29,37,False
SKU-023,2025-08-30,28,False
SKU-023,2025-08-31,29,False
SKU-023,2025-09-01,12,False
SKU-023,2025-09-02,39,False
SKU-023,2025-09-03,37,False
SKU-023,2025-09-04,37,False
SKU-023,2025-09-05,26,False
SKU-023,2025-09-06,37,False
SKU-023,2025-09-07,25,False
SKU-023,2025-09-08,17,False
SKU-023,2025-09-09,29,False
SKU-023,2025-09-10,38,False
SKU-023,2025-09-11,40,False
SKU-023,2025-09-12,25,False
SKU-023,2025-09-13,24,False
SKU-023,2025-09-14,23,False
SKU-023,2025-09-15,41,False
SKU-023,2025-09-16,35,False
SKU-023,2025-09-17,23,False
SKU-023,2025-09-18,39,False
SKU-023,2025-09-19,26,False
SKU-023,2025-09-20,31,False
SKU-023,2025-09-21,26,False
SKU-023,2025-09-22,33,False
SKU-023,2025-09-23,34,False
SKU-023,2025-09-24,19,False
SKU-023,2025-09-25,46,False
SKU-023,2025-09-26,21,False
SKU-023,2025-09-27,16,False
SKU-023,2025-09-28,41,False
SKU-023,2025-09-29,18,False
SKU-023,2025-09-30,29,False
SKU-023,2025-10-01,25,False
SKU-023,2025-10-02,21,False
SKU-023,2025-10-03,25,False
SKU-023,2025-10-04,3,False
SKU-023,2025-10-05,31,False
SKU-023,2025-10-06,33,False
SKU-023,2025-10-07,23,False
SKU-023,2025-10-08,32,False
SKU-023,2025-10-09,37,False
SKU-023,2025-10-10,23,False
SKU-023,2025-10-11,24,False
SKU-023,2025-10-12,47,False
SKU-023,2025-10-13,43,False
SKU-023,2025-10-14,32,False
SKU-023,2025-10-15,20,False
SKU-023,2025-10-16,28,False
SKU-023,2025-10-17,29,False
SKU-023,2025-10-18,,True
SKU-023,2025-10-19,34,False
SKU-023,2025-10-20,43,False
SKU-023,2025-10-21,14,False
SKU-023,2025-10-22,40,False
SKU-023,2025-10-23,29,False
SKU-023,2025-10-24,40,False
SKU-023,2025-10-25,41,False
SKU-023,2025-10-26,35,False
SKU-023,2025-10-27,25,False
SKU-023,2025-10-28,18,False
SKU-023,2025-10-29,20,False
SKU-023,2025-10-30,34,False
SKU-023,2025-10-31,15,False
SKU-023,2025-11-01,20,False
SKU-023,2025-11-02,16,False
SKU-023,2025-11-03,21,False
SKU-023,2025-11-04,42,False
SKU-023,2025-11-05,30,False
SKU-023,2025-11-06,31,False
SKU-023,2025-11-07,27,False
SKU-023,2025-11-08,36,False
SKU-023,2025-11-09,,True
SKU-023,2025-11-10,28,False
SKU-023,2025-11-11,60,False
SKU-023,2025-11-12,40,False
SKU-023,2025-11-13,31,False
SKU-023,2025-11-14,22,False
SKU-023,2025-11-15,44,False
SKU-023,2025-11-16,17,False
SKU-023,2025-11-17,35,False
SKU-023,2025-11-18,23,False
SKU-023,2025-11-19,22,False
SKU-023,2025-11-20,30,False
SKU-023,2025-11-21,18,False
SKU-023,2025-11-22,19,False
SKU-023,2025-11-23,31,False
SKU-023,2025-11-24,26,False
SKU-023,2025-11-25,29,False
SKU-023,2025-11-26,27,False
SKU-023,2025-11-27,31,False
SKU-023,2025-11-28,24,False
SKU-023,2025-11-29,2,False
SKU-023,2025-11-30,9,False
SKU-023,2025-12-01,16,False
SKU-023,2025-12-02,39,False
SKU-023,2025-12-03,27,False
SKU-023,2025-12-04,1,False
SKU-023,2025-12-05,36,False
SKU-023,2025-12-06,15,False
SKU-023,2025-12-07,27,False
SKU-023,2025-12-08,27,False
SKU-023,2025-12-09,28,False
SKU-023,2025-12-10,24,False
SKU-023,2025-12-11,23,False
SKU-023,2025-12-12,41,False
SKU-023,2025-12-13,35,False
SKU-023,2025-12-14,26,False
SKU-023,2025-12-15,18,False
SKU-023,2025-12-16,14,False
SKU-023,2025-12-17,19,False
SKU-023,2025-12-18,19,False
SKU-023,2025-12-19,25,False
SKU-023,2025-12-20,37,False
SKU-023,2025-12-21,20,False
SKU-023,2025-12-22,42,False
SKU-023,2025-12-23,19,False
SKU-023,2025-12-24,36,False
SKU-023,2025-12-25,6,False
SKU-023,2025-12-26,21,False
SKU-023,2025-12-27,27,False
SKU-023,2025-12-28,28,False
SKU-023,2025-12-29,17,False
SKU-023,2025-12-30,15,False
SKU-023,2025-12-31,19,False
SKU-023,2026-01-01,27,False
SKU-023,2026-01-02,22,False
SKU-023,2026-01-03,31,False
SKU-023,2026-01-04,25,False
SKU-023,2026-01-05,30,False
SKU-023,2026-01-06,9,False
SKU-023,2026-01-07,19,False
SKU-023,2026-01-08,20,False
SKU-023,2026-01-09,30,False
SKU-023,2026-01-10,35,False
SKU-023,2026-01-11,24,False
SKU-023,2026-01-12,11,False
SKU-023,2026-01-13,28,False
SKU-023,2026-01-14,31,False
SKU-023,2026-01-15,14,False
SKU-023,2026-01-16,8,False
SKU-023,2026-01-17,28,False
SKU-023,2026-01-18,23,False
SKU-023,2026-01-19,24,False
SKU-023,2026-01-20,8,False
SKU-023,2026-01-21,36,False
SKU-023,2026-01-22,25,False
SKU-023,2026-01-23,17,False
SKU-023,2026-01-24,35,False
SKU-023,2026-01-25,17,False
SKU-023,2026-01-26,26,False
SKU-023,2026-01-27,7,False
SKU-023,2026-01-28,13,False
SKU-023,2026-01-29,24,False
SKU-023,2026-01-30,29,False
SKU-023,2026-01-31,18,False
SKU-023,2026-02-01,14,False
SKU-023,2026-02-02,20,False
SKU-023,2026-02-03,25,False
SKU-023,2026-02-04,13,False
SKU-023,2026-02-05,,True
SKU-023,2026-02-06,16,False
SKU-023,2026-02-07,18,False
SKU-023,2026-02-08,12,False
SKU-023,2026-02-09,28,False
SKU-023,2026-02-10,16,False
SKU-023,2026-02-11,18,False
SKU-023,2026-02-12,20,False
SKU-023,2026-02-13,14,False
SKU-023,2026-02-14,9,False
SKU-023,2026-02-15,19,False
SKU-023,2026-02-16,18,False
SKU-023,2026-02-17,27,False
SKU-023,2026-02-18,10,False
SKU-023,2026-02-19,22,False
SKU-023,2026-02-20,24,False
SKU-023,2026-02-21,21,False
SKU-023,2026-02-22,9,False
SKU-023,2026-02-23,13,False
SKU-023,2026-02-24,19,False
SKU-023,2026-02-25,9,False
SKU-023,2026-02-26,26,False
SKU-023,2026-02-27,11,False
SKU-023,2026-02-28,16,False
SKU-023,2026-03-01,4,False
SKU-023,2026-03-02,23,False
SKU-023,2026-03-03,20,False
SKU-023,2026-03-04,12,False
SKU-023,2026-03-05,29,False
SKU-023,2026-03-06,23,False
SKU-023,2026-03-07,15,False
SKU-023,2026-03-08,20,False
SKU-023,2026-03-09,20,False
SKU-023,2026-03-10,20,False
SKU-023,2026-03-11,24,False
SKU-023,2026-03-12,16,False
SKU-023,2026-03-13,20,False
SKU-023,2026-03-14,28,False
SKU-023,2026-03-15,12,False
SKU-023,2026-03-16,18,False
SKU-023,2026-03-17,27,False
SKU-023,2026-03-18,2,False
SKU-023,2026-03-19,13,False
SKU-023,2026-03-20,10,False
SKU-023,2026-03-21,20,False
SKU-023,2026-03-22,17,False
SKU-023,2026-03-23,27,False
SKU-023,2026-03-24,23,False
SKU-023,2026-03-25,10,False
SKU-023,2026-03-26,27,False
SKU-023,2026-03-27,16,False
SKU-023,2026-03-28,20,False
SKU-023,2026-03-29,14,False
SKU-023,2026-03-30,13,False
SKU-023,2026-03-31,14,False
SKU-023,2026-04-01,13,False
SKU-023,2026-04-02,32,False
SKU-023,2026-04-03,18,False
SKU-023,2026-04-04,25,False
SKU-023,2026-04-05,10,False
SKU-023,2026-04-06,12,False
SKU-023,2026-04-07,16,False
SKU-023,2026-04-08,12,False
SKU-023,2026-04-09,11,False
SKU-023,2026-04-10,26,False
SKU-023,2026-04-11,28,False
SKU-023,2026-04-12,24,False
SKU-023,2026-04-13,7,False
SKU-023,2026-04-14,16,False
SKU-023,2026-04-15,16,False
SKU-023,2026-04-16,26,False
SKU-023,2026-04-17,14,False
SKU-023,2026-04-18,19,False
SKU-023,2026-04-19,17,False
SKU-023,2026-04-20,20,False
SKU-023,2026-04-21,18,False
SKU-023,2026-04-22,23,False
SKU-023,2026-04-23,22,False
SKU-023,2026-04-24,25,False
SKU-023,2026-04-25,28,False
SKU-023,2026-04-26,10,False
SKU-023,2026-04-27,12,False
SKU-023,2026-04-28,24,False
SKU-023,2026-04-29,20,False
SKU-023,2026-04-30,22,False
SKU-023,2026-05-01,14,False
SKU-023,2026-05-02,24,False
SKU-023,2026-05-03,28,False
SKU-023,2026-05-04,15,False
SKU-023,2026-05-05,19,False
SKU-023,2026-05-06,26,False
SKU-023,2026-05-07,25,False
SKU-023,2026-05-08,22,False
SKU-023,2026-05-09,26,False
SKU-023,2026-05-10,6,False
SKU-023,2026-05-11,25,False
SKU-023,2026-05-12,29,False
SKU-023,2026-05-13,16,False
SKU-023,2026-05-14,26,False
SKU-023,2026-05-15,33,False
SKU-023,2026-05-16,26,False
SKU-023,2026-05-17,24,False
SKU-023,2026-05-18,26,False
SKU-023,2026-05-19,25,False
SKU-023,2026-05-20,14,False
SKU-023,2026-05-21,14,False
SKU-023,2026-05-22,24,False
SKU-023,2026-05-23,20,False
SKU-023,2026-05-24,25,False
SKU-023,2026-05-25,29,False
SKU-023,2026-05-26,27,False
SKU-023,2026-05-27,33,False
SKU-023,2026-05-28,20,False
SKU-023,2026-05-29,36,False
SKU-023,2026-05-30,,True
SKU-023,2026-05-31,13,False
SKU-023,2026-06-01,25,False
SKU-023,2026-06-02,28,False
SKU-023,2026-06-03,23,False
SKU-023,2026-06-04,7,False
SKU-023,2026-06-05,13,False
SKU-023,2026-06-06,39,False
SKU-023,2026-06-07,25,False
SKU-023,2026-06-08,19,False
SKU-023,2026-06-09,28,False
SKU-023,2026-06-10,37,False
SKU-024,2025-06-11,78,False
SKU-024,2025-06-12,51,False
SKU-024,2025-06-13,62,False
SKU-024,2025-06-14,67,False
SKU-024,2025-06-15,82,False
SKU-024,2025-06-16,65,False
SKU-024,2025-06-17,59,False
SKU-024,2025-06-18,53,False
SKU-024,2025-06-19,51,False
SKU-024,2025-06-20,61,False
SKU-024,2025-06-21,73,False
SKU-024,2025-06-22,26,False
SKU-024,2025-06-23,64,False
SKU-024,2025-06-24,70,False
SKU-024,2025-06-25,63,False
SKU-024,2025-06-26,58,False
SKU-024,2025-06-27,81,False
SKU-024,2025-06-28,72,False
SKU-024,2025-06-29,74,False
SKU-024,2025-06-30,75,False
SKU-024,2025-07-01,61,False
SKU-024,2025-07-02,68,False
SKU-024,2025-07-03,39,False
SKU-024,2025-07-04,54,False
SKU-024,2025-07-05,41,False
SKU-024,2025-07-06,35,False
SKU-024,2025-07-07,77,False
SKU-024,2025-07-08,57,False
SKU-024,2025-07-09,90,False
SKU-024,2025-07-10,101,False
SKU-024,2025-07-11,72,False
SKU-024,2025-07-12,68,False
SKU-024,2025-07-13,71,False
SKU-024,2025-07-14,61,False
SKU-024,2025-07-15,59,False
SKU-024,2025-07-16,54,False
SKU-024,2025-07-17,74,False
SKU-024,2025-07-18,61,False
SKU-024,2025-07-19,61,False
SKU-024,2025-07-20,68,False
SKU-024,2025-07-21,94,False
SKU-024,2025-07-22,55,False
SKU-024,2025-07-23,55,False
SKU-024,2025-07-24,101,False
SKU-024,2025-07-25,67,False
SKU-024,2025-07-26,63,False
SKU-024,2025-07-27,42,False
SKU-024,2025-07-28,49,False
SKU-024,2025-07-29,67,False
SKU-024,2025-07-30,58,False
SKU-024,2025-07-31,74,False
SKU-024,2025-08-01,79,False
SKU-024,2025-08-02,60,False
SKU-024,2025-08-03,70,False
SKU-024,2025-08-04,87,False
SKU-024,2025-08-05,54,False
SKU-024,2025-08-06,57,False
SKU-024,2025-08-07,93,False
SKU-024,2025-08-08,67,False
SKU-024,2025-08-09,58,False
SKU-024,2025-08-10,52,False
SKU-024,2025-08-11,43,False
SKU-024,2025-08-12,70,False
SKU-024,2025-08-13,61,False
SKU-024,2025-08-14,31,False
SKU-024,2025-08-15,45,False
SKU-024,2025-08-16,53,False
SKU-024,2025-08-17,62,False
SKU-024,2025-08-18,58,False
SKU-024,2025-08-19,56,False
SKU-024,2025-08-20,60,False
SKU-024,2025-08-21,55,False
SKU-024,2025-08-22,68,False
SKU-024,2025-08-23,90,False
SKU-024,2025-08-24,81,False
SKU-024,2025-08-25,54,False
SKU-024,2025-08-26,74,False
SKU-024,2025-08-27,78,False
SKU-024,2025-08-28,41,False
SKU-024,2025-08-29,67,False
SKU-024,2025-08-30,89,False
SKU-024,2025-08-31,92,False
SKU-024,2025-09-01,62,False
SKU-024,2025-09-02,83,False
SKU-024,2025-09-03,23,False
SKU-024,2025-09-04,42,False
SKU-024,2025-09-05,62,False
SKU-024,2025-09-06,75,False
SKU-024,2025-09-07,59,False
SKU-024,2025-09-08,78,False
SKU-024,2025-09-09,,True
SKU-024,2025-09-10,58,False
SKU-024,2025-09-11,47,False
SKU-024,2025-09-12,83,False
SKU-024,2025-09-13,53,False
SKU-024,2025-09-14,33,False
SKU-024,2025-09-15,52,False
SKU-024,2025-09-16,72,False
SKU-024,2025-09-17,65,False
SKU-024,2025-09-18,69,False
SKU-024,2025-09-19,50,False
SKU-024,2025-09-20,24,False
SKU-024,2025-09-21,50,False
SKU-024,2025-09-22,84,False
SKU-024,2025-09-23,76,False
SKU-024,2025-09-24,37,False
SKU-024,2025-09-25,79,False
SKU-024,2025-09-26,70,False
SKU-024,2025-09-27,80,False
SKU-024,2025-09-28,81,False
SKU-024,2025-09-29,36,False
SKU-024,2025-09-30,65,False
SKU-024,2025-10-01,61,False
SKU-024,2025-10-02,72,False
SKU-024,2025-10-03,81,False
SKU-024,2025-10-04,88,False
SKU-024,2025-10-05,57,False
SKU-024,2025-10-06,93,False
SKU-024,2025-10-07,68,False
SKU-024,2025-10-08,55,False
SKU-024,2025-10-09,,True
SKU-024,2025-10-10,39,False
SKU-024,2025-10-11,31,False
SKU-024,2025-10-12,95,False
SKU-024,2025-10-13,84,False
SKU-024,2025-10-14,58,False
SKU-024,2025-10-15,98,False
SKU-024,2025-10-16,33,False
SKU-024,2025-10-17,37,False
SKU-024,2025-10-18,,True
SKU-024,2025-10-19,69,False
SKU-024,2025-10-20,66,False
SKU-024,2025-10-21,45,False
SKU-024,2025-10-22,79,False
SKU-024,2025-10-23,82,False
SKU-024,2025-10-24,78,False
SKU-024,2025-10-25,86,False
SKU-024,2025-10-26,41,False
SKU-024,2025-10-27,59,False
SKU-024,2025-10-28,81,False
SKU-024,2025-10-29,80,False
SKU-024,2025-10-30,66,False
SKU-024,2025-10-31,57,False
SKU-024,2025-11-01,48,False
SKU-024,2025-11-02,72,False
SKU-024,2025-11-03,68,False
SKU-024,2025-11-04,62,False
SKU-024,2025-11-05,74,False
SKU-024,2025-11-06,61,False
SKU-024,2025-11-07,42,False
SKU-024,2025-11-08,93,False
SKU-024,2025-11-09,,True
SKU-024,2025-11-10,54,False
SKU-024,2025-11-11,63,False
SKU-024,2025-11-12,64,False
SKU-024,2025-11-13,58,False
SKU-024,2025-11-14,72,False
SKU-024,2025-11-15,56,False
SKU-024,2025-11-16,78,False
SKU-024,2025-11-17,36,False
SKU-024,2025-11-18,72,False
SKU-024,2025-11-19,57,False
SKU-024,2025-11-20,89,False
SKU-024,2025-11-21,48,False
SKU-024,2025-11-22,33,False
SKU-024,2025-11-23,45,False
SKU-024,2025-11-24,49,False
SKU-024,2025-11-25,69,False
SKU-024,2025-11-26,74,False
SKU-024,2025-11-27,47,False
SKU-024,2025-11-28,54,False
SKU-024,2025-11-29,77,False
SKU-024,2025-11-30,57,False
SKU-024,2025-12-01,88,False
SKU-024,2025-12-02,90,False
SKU-024,2025-12-03,29,False
SKU-024,2025-12-04,68,False
SKU-024,2025-12-05,90,False
SKU-024,2025-12-06,90,False
SKU-024,2025-12-07,41,False
SKU-024,2025-12-08,,True
SKU-024,2025-12-09,64,False
SKU-024,2025-12-10,58,False
SKU-024,2025-12-11,80,False
SKU-024,2025-12-12,53,False
SKU-024,2025-12-13,67,False
SKU-024,2025-12-14,74,False
SKU-024,2025-12-15,69,False
SKU-024,2025-12-16,75,False
SKU-024,2025-12-17,,True
SKU-024,2025-12-18,32,False
SKU-024,2025-12-19,20,False
SKU-024,2025-12-20,59,False
SKU-024,2025-12-21,53,False
SKU-024,2025-12-22,37,False
SKU-024,2025-12-23,48,False
SKU-024,2025-12-24,73,False
SKU-024,2025-12-25,70,False
SKU-024,2025-12-26,47,False
SKU-024,2025-12-27,50,False
SKU-024,2025-12-28,84,False
SKU-024,2025-12-29,85,False
SKU-024,2025-12-30,78,False
SKU-024,2025-12-31,86,False
SKU-024,2026-01-01,32,False
SKU-024,2026-01-02,75,False
SKU-024,2026-01-03,71,False
SKU-024,2026-01-04,64,False
SKU-024,2026-01-05,51,False
SKU-024,2026-01-06,87,False
SKU-024,2026-01-07,72,False
SKU-024,2026-01-08,82,False
SKU-024,2026-01-09,,True
SKU-024,2026-01-10,78,False
SKU-024,2026-01-11,61,False
SKU-024,2026-01-12,83,False
SKU-024,2026-01-13,76,False
SKU-024,2026-01-14,57,False
SKU-024,2026-01-15,78,False
SKU-024,2026-01-16,45,False
SKU-024,2026-01-17,56,False
SKU-024,2026-01-18,77,False
SKU-024,2026-01-19,50,False
SKU-024,2026-01-20,95,False
SKU-024,2026-01-21,56,False
SKU-024,2026-01-22,97,False
SKU-024,2026-01-23,56,False
SKU-024,2026-01-24,31,False
SKU-024,2026-01-25,70,False
SKU-024,2026-01-26,89,False
SKU-024,2026-01-27,47,False
SKU-024,2026-01-28,81,False
SKU-024,2026-01-29,69,False
SKU-024,2026-01-30,67,False
SKU-024,2026-01-31,76,False
SKU-024,2026-02-01,97,False
SKU-024,2026-02-02,59,False
SKU-024,2026-02-03,26,False
SKU-024,2026-02-04,59,False
SKU-024,2026-02-05,78,False
SKU-024,2026-02-06,83,False
SKU-024,2026-02-07,59,False
SKU-024,2026-02-08,63,False
SKU-024,2026-02-09,10,False
SKU-024,2026-02-10,48,False
SKU-024,2026-02-11,85,False
SKU-024,2026-02-12,55,False
SKU-024,2026-02-13,59,False
SKU-024,2026-02-14,77,False
SKU-024,2026-02-15,40,False
SKU-024,2026-02-16,38,False
SKU-024,2026-02-17,81,False
SKU-024,2026-02-18,69,False
SKU-024,2026-02-19,63,False
SKU-024,2026-02-20,70,False
SKU-024,2026-02-21,54,False
SKU-024,2026-02-22,79,False
SKU-024,2026-02-23,79,False
SKU-024,2026-02-24,96,False
SKU-024,2026-02-25,49,False
SKU-024,2026-02-26,92,False
SKU-024,2026-02-27,55,False
SKU-024,2026-02-28,36,False
SKU-024,2026-03-01,71,False
SKU-024,2026-03-02,59,False
SKU-024,2026-03-03,73,False
SKU-024,2026-03-04,21,False
SKU-024,2026-03-05,81,False
SKU-024,2026-03-06,67,False
SKU-024,2026-03-07,62,False
SKU-024,2026-03-08,59,False
SKU-024,2026-03-09,94,False
SKU-024,2026-03-10,69,False
SKU-024,2026-03-11,82,False
SKU-024,2026-03-12,25,False
SKU-024,2026-03-13,65,False
SKU-024,2026-03-14,65,False
SKU-024,2026-03-15,49,False
SKU-024,2026-03-16,71,False
SKU-024,2026-03-17,69,False
SKU-024,2026-03-18,60,False
SKU-024,2026-03-19,81,False
SKU-024,2026-03-20,26,False
SKU-024,2026-03-21,71,False
SKU-024,2026-03-22,94,False
SKU-024,2026-03-23,91,False
SKU-024,2026-03-24,59,False
SKU-024,2026-03-25,47,False
SKU-024,2026-03-26,45,False
SKU-024,2026-03-27,85,False
SKU-024,2026-03-28,59,False
SKU-024,2026-03-29,76,False
SKU-024,2026-03-30,47,False
SKU-024,2026-03-31,58,False
SKU-024,2026-04-01,40,False
SKU-024,2026-04-02,68,False
SKU-024,2026-04-03,,True
SKU-024,2026-04-04,28,False
SKU-024,2026-04-05,94,False
SKU-024,2026-04-06,65,False
SKU-024,2026-04-07,62,False
SKU-024,2026-04-08,82,False
SKU-024,2026-04-09,65,False
SKU-024,2026-04-10,44,False
SKU-024,2026-04-11,74,False
SKU-024,2026-04-12,86,False
SKU-024,2026-04-13,74,False
SKU-024,2026-04-14,119,False
SKU-024,2026-04-15,49,False
SKU-024,2026-04-16,101,False
SKU-024,2026-04-17,35,False
SKU-024,2026-04-18,65,False
SKU-024,2026-04-19,83,False
SKU-024,2026-04-20,60,False
SKU-024,2026-04-21,70,False
SKU-024,2026-04-22,42,False
SKU-024,2026-04-23,54,False
SKU-024,2026-04-24,27,False
SKU-024,2026-04-25,83,False
SKU-024,2026-04-26,36,False
SKU-024,2026-04-27,56,False
SKU-024,2026-04-28,60,False
SKU-024,2026-04-29,51,False
SKU-024,2026-04-30,52,False
SKU-024,2026-05-01,38,False
SKU-024,2026-05-02,51,False
SKU-024,2026-05-03,58,False
SKU-024,2026-05-04,,True
SKU-024,2026-05-05,74,False
SKU-024,2026-05-06,38,False
SKU-024,2026-05-07,90,False
SKU-024,2026-05-08,70,False
SKU-024,2026-05-09,90,False
SKU-024,2026-05-10,69,False
SKU-024,2026-05-11,82,False
SKU-024,2026-05-12,68,False
SKU-024,2026-05-13,73,False
SKU-024,2026-05-14,76,False
SKU-024,2026-05-15,69,False
SKU-024,2026-05-16,84,False
SKU-024,2026-05-17,91,False
SKU-024,2026-05-18,92,False
SKU-024,2026-05-19,77,False
SKU-024,2026-05-20,80,False
SKU-024,2026-05-21,52,False
SKU-024,2026-05-22,96,False
SKU-024,2026-05-23,66,False
SKU-024,2026-05-24,51,False
SKU-024,2026-05-25,64,False
SKU-024,2026-05-26,80,False
SKU-024,2026-05-27,74,False
SKU-024,2026-05-28,78,False
SKU-024,2026-05-29,58,False
SKU-024,2026-05-30,83,False
SKU-024,2026-05-31,55,False
SKU-024,2026-06-01,15,False
SKU-024,2026-06-02,46,False
SKU-024,2026-06-03,70,False
SKU-024,2026-06-04,58,False
SKU-024,2026-06-05,54,False
SKU-024,2026-06-06,70,False
SKU-024,2026-06-07,66,False
SKU-024,2026-06-08,92,False
SKU-024,2026-06-09,72,False
SKU-024,2026-06-10,58,False
SKU-025,2025-06-11,39,False
SKU-025,2025-06-12,35,False
SKU-025,2025-06-13,29,False
SKU-025,2025-06-14,29,False
SKU-025,2025-06-15,26,False
SKU-025,2025-06-16,34,False
SKU-025,2025-06-17,34,False
SKU-025,2025-06-18,39,False
SKU-025,2025-06-19,34,False
SKU-025,2025-06-20,14,False
SKU-025,2025-06-21,44,False
SKU-025,2025-06-22,20,False
SKU-025,2025-06-23,27,False
SKU-025,2025-06-24,15,False
SKU-025,2025-06-25,31,False
SKU-025,2025-06-26,18,False
SKU-025,2025-06-27,26,False
SKU-025,2025-06-28,28,False
SKU-025,2025-06-29,29,False
SKU-025,2025-06-30,15,False
SKU-025,2025-07-01,40,False
SKU-025,2025-07-02,36,False
SKU-025,2025-07-03,38,False
SKU-025,2025-07-04,29,False
SKU-025,2025-07-05,34,False
SKU-025,2025-07-06,17,False
SKU-025,2025-07-07,13,False
SKU-025,2025-07-08,46,False
SKU-025,2025-07-09,44,False
SKU-025,2025-07-10,19,False
SKU-025,2025-07-11,28,False
SKU-025,2025-07-12,33,False
SKU-025,2025-07-13,38,False
SKU-025,2025-07-14,44,False
SKU-025,2025-07-15,17,False
SKU-025,2025-07-16,25,False
SKU-025,2025-07-17,33,False
SKU-025,2025-07-18,24,False
SKU-025,2025-07-19,29,False
SKU-025,2025-07-20,37,False
SKU-025,2025-07-21,31,False
SKU-025,2025-07-22,35,False
SKU-025,2025-07-23,37,False
SKU-025,2025-07-24,36,False
SKU-025,2025-07-25,,True
SKU-025,2025-07-26,26,False
SKU-025,2025-07-27,28,False
SKU-025,2025-07-28,28,False
SKU-025,2025-07-29,51,False
SKU-025,2025-07-30,37,False
SKU-025,2025-07-31,40,False
SKU-025,2025-08-01,41,False
SKU-025,2025-08-02,43,False
SKU-025,2025-08-03,44,False
SKU-025,2025-08-04,46,False
SKU-025,2025-08-05,34,False
SKU-025,2025-08-06,28,False
SKU-025,2025-08-07,32,False
SKU-025,2025-08-08,22,False
SKU-025,2025-08-09,13,False
SKU-025,2025-08-10,32,False
SKU-025,2025-08-11,48,False
SKU-025,2025-08-12,33,False
SKU-025,2025-08-13,27,False
SKU-025,2025-08-14,31,False
SKU-025,2025-08-15,30,False
SKU-025,2025-08-16,12,False
SKU-025,2025-08-17,40,False
SKU-025,2025-08-18,20,False
SKU-025,2025-08-19,31,False
SKU-025,2025-08-20,38,False
SKU-025,2025-08-21,43,False
SKU-025,2025-08-22,31,False
SKU-025,2025-08-23,22,False
SKU-025,2025-08-24,31,False
SKU-025,2025-08-25,26,False
SKU-025,2025-08-26,13,False
SKU-025,2025-08-27,22,False
SKU-025,2025-08-28,18,False
SKU-025,2025-08-29,30,False
SKU-025,2025-08-30,17,False
SKU-025,2025-08-31,43,False
SKU-025,2025-09-01,14,False
SKU-025,2025-09-02,34,False
SKU-025,2025-09-03,23,False
SKU-025,2025-09-04,8,False
SKU-025,2025-09-05,22,False
SKU-025,2025-09-06,35,False
SKU-025,2025-09-07,30,False
SKU-025,2025-09-08,22,False
SKU-025,2025-09-09,5,False
SKU-025,2025-09-10,41,False
SKU-025,2025-09-11,32,False
SKU-025,2025-09-12,,True
SKU-025,2025-09-13,24,False
SKU-025,2025-09-14,22,False
SKU-025,2025-09-15,32,False
SKU-025,2025-09-16,34,False
SKU-025,2025-09-17,28,False
SKU-025,2025-09-18,35,False
SKU-025,2025-09-19,41,False
SKU-025,2025-09-20,43,False
SKU-025,2025-09-21,27,False
SKU-025,2025-09-22,22,False
SKU-025,2025-09-23,38,False
SKU-025,2025-09-24,18,False
SKU-025,2025-09-25,1,False
SKU-025,2025-09-26,31,False
SKU-025,2025-09-27,28,False
SKU-025,2025-09-28,7,False
SKU-025,2025-09-29,23,False
SKU-025,2025-09-30,46,False
SKU-025,2025-10-01,26,False
SKU-025,2025-10-02,23,False
SKU-025,2025-10-03,30,False
SKU-025,2025-10-04,35,False
SKU-025,2025-10-05,54,False
SKU-025,2025-10-06,21,False
SKU-025,2025-10-07,41,False
SKU-025,2025-10-08,34,False
SKU-025,2025-10-09,35,False
SKU-025,2025-10-10,47,False
SKU-025,2025-10-11,46,False
SKU-025,2025-10-12,38,False
SKU-025,2025-10-13,22,False
SKU-025,2025-10-14,35,False
SKU-025,2025-10-15,14,False
SKU-025,2025-10-16,33,False
SKU-025,2025-10-17,28,False
SKU-025,2025-10-18,38,False
SKU-025,2025-10-19,43,False
SKU-025,2025-10-20,19,False
SKU-025,2025-10-21,41,False
SKU-025,2025-10-22,21,False
SKU-025,2025-10-23,30,False
SKU-025,2025-10-24,39,False
SKU-025,2025-10-25,12,False
SKU-025,2025-10-26,44,False
SKU-025,2025-10-27,33,False
SKU-025,2025-10-28,29,False
SKU-025,2025-10-29,37,False
SKU-025,2025-10-30,34,False
SKU-025,2025-10-31,40,False
SKU-025,2025-11-01,23,False
SKU-025,2025-11-02,37,False
SKU-025,2025-11-03,25,False
SKU-025,2025-11-04,30,False
SKU-025,2025-11-05,16,False
SKU-025,2025-11-06,21,False
SKU-025,2025-11-07,25,False
SKU-025,2025-11-08,34,False
SKU-025,2025-11-09,24,False
SKU-025,2025-11-10,36,False
SKU-025,2025-11-11,37,False
SKU-025,2025-11-12,29,False
SKU-025,2025-11-13,39,False
SKU-025,2025-11-14,54,False
SKU-025,2025-11-15,29,False
SKU-025,2025-11-16,30,False
SKU-025,2025-11-17,50,False
SKU-025,2025-11-18,27,False
SKU-025,2025-11-19,38,False
SKU-025,2025-11-20,41,False
SKU-025,2025-11-21,34,False
SKU-025,2025-11-22,33,False
SKU-025,2025-11-23,,True
SKU-025,2025-11-24,15,False
SKU-025,2025-11-25,26,False
SKU-025,2025-11-26,39,False
SKU-025,2025-11-27,10,False
SKU-025,2025-11-28,21,False
SKU-025,2025-11-29,39,False
SKU-025,2025-11-30,28,False
SKU-025,2025-12-01,35,False
SKU-025,2025-12-02,26,False
SKU-025,2025-12-03,50,False
SKU-025,2025-12-04,32,False
SKU-025,2025-12-05,22,False
SKU-025,2025-12-06,28,False
SKU-025,2025-12-07,27,False
SKU-025,2025-12-08,37,False
SKU-025,2025-12-09,42,False
SKU-025,2025-12-10,12,False
SKU-025,2025-12-11,26,False
SKU-025,2025-12-12,31,False
SKU-025,2025-12-13,40,False
SKU-025,2025-12-14,22,False
SKU-025,2025-12-15,35,False
SKU-025,2025-12-16,46,False
SKU-025,2025-12-17,43,False
SKU-025,2025-12-18,31,False
SKU-025,2025-12-19,14,False
SKU-025,2025-12-20,33,False
SKU-025,2025-12-21,28,False
SKU-025,2025-12-22,21,False
SKU-025,2025-12-23,18,False
SKU-025,2025-12-24,41,False
SKU-025,2025-12-25,45,False
SKU-025,2025-12-26,26,False
SKU-025,2025-12-27,37,False
SKU-025,2025-12-28,31,False
SKU-025,2025-12-29,31,False
SKU-025,2025-12-30,28,False
SKU-025,2025-12-31,25,False
SKU-025,2026-01-01,16,False
SKU-025,2026-01-02,27,False
SKU-025,2026-01-03,35,False
SKU-025,2026-01-04,26,False
SKU-025,2026-01-05,26,False
SKU-025,2026-01-06,34,False
SKU-025,2026-01-07,27,False
SKU-025,2026-01-08,16,False
SKU-025,2026-01-09,40,False
SKU-025,2026-01-10,16,False
SKU-025,2026-01-11,38,False
SKU-025,2026-01-12,28,False
SKU-025,2026-01-13,31,False
SKU-025,2026-01-14,36,False
SKU-025,2026-01-15,31,False
SKU-025,2026-01-16,19,False
SKU-025,2026-01-17,,True
SKU-025,2026-01-18,28,False
SKU-025,2026-01-19,15,False
SKU-025,2026-01-20,32,False
SKU-025,2026-01-21,31,False
SKU-025,2026-01-22,23,False
SKU-025,2026-01-23,3,False
SKU-025,2026-01-24,28,False
SKU-025,2026-01-25,55,False
SKU-025,2026-01-26,38,False
SKU-025,2026-01-27,16,False
SKU-025,2026-01-28,19,False
SKU-025,2026-01-29,40,False
SKU-025,2026-01-30,46,False
SKU-025,2026-01-31,24,False
SKU-025,2026-02-01,30,False
SKU-025,2026-02-02,56,False
SKU-025,2026-02-03,21,False
SKU-025,2026-02-04,23,False
SKU-025,2026-02-05,17,False
SKU-025,2026-02-06,39,False
SKU-025,2026-02-07,18,False
SKU-025,2026-02-08,27,False
SKU-025,2026-02-09,22,False
SKU-025,2026-02-10,21,False
SKU-025,2026-02-11,31,False
SKU-025,2026-02-12,36,False
SKU-025,2026-02-13,55,False
SKU-025,2026-02-14,43,False
SKU-025,2026-02-15,49,False
SKU-025,2026-02-16,19,False
SKU-025,2026-02-17,17,False
SKU-025,2026-02-18,13,False
SKU-025,2026-02-19,54,False
SKU-025,2026-02-20,27,False
SKU-025,2026-02-21,15,False
SKU-025,2026-02-22,40,False
SKU-025,2026-02-23,52,False
SKU-025,2026-02-24,35,False
SKU-025,2026-02-25,17,False
SKU-025,2026-02-26,18,False
SKU-025,2026-02-27,12,False
SKU-025,2026-02-28,32,False
SKU-025,2026-03-01,19,False
SKU-025,2026-03-02,22,False
SKU-025,2026-03-03,20,False
SKU-025,2026-03-04,25,False
SKU-025,2026-03-05,30,False
SKU-025,2026-03-06,22,False
SKU-025,2026-03-07,47,False
SKU-025,2026-03-08,,True
SKU-025,2026-03-09,22,False
SKU-025,2026-03-10,31,False
SKU-025,2026-03-11,39,False
SKU-025,2026-03-12,33,False
SKU-025,2026-03-13,15,False
SKU-025,2026-03-14,20,False
SKU-025,2026-03-15,31,False
SKU-025,2026-03-16,30,False
SKU-025,2026-03-17,27,False
SKU-025,2026-03-18,37,False
SKU-025,2026-03-19,8,False
SKU-025,2026-03-20,15,False
SKU-025,2026-03-21,36,False
SKU-025,2026-03-22,37,False
SKU-025,2026-03-23,,True
SKU-025,2026-03-24,33,False
SKU-025,2026-03-25,28,False
SKU-025,2026-03-26,32,False
SKU-025,2026-03-27,38,False
SKU-025,2026-03-28,,True
SKU-025,2026-03-29,40,False
SKU-025,2026-03-30,29,False
SKU-025,2026-03-31,,True
SKU-025,2026-04-01,19,False
SKU-025,2026-04-02,20,False
SKU-025,2026-04-03,37,False
SKU-025,2026-04-04,34,False
SKU-025,2026-04-05,30,False
SKU-025,2026-04-06,19,False
SKU-025,2026-04-07,16,False
SKU-025,2026-04-08,27,False
SKU-025,2026-04-09,23,False
SKU-025,2026-04-10,29,False
SKU-025,2026-04-11,26,False
SKU-025,2026-04-12,30,False
SKU-025,2026-04-13,39,False
SKU-025,2026-04-14,40,False
SKU-025,2026-04-15,44,False
SKU-025,2026-04-16,26,False
SKU-025,2026-04-17,17,False
SKU-025,2026-04-18,31,False
SKU-025,2026-04-19,51,False
SKU-025,2026-04-20,20,False
SKU-025,2026-04-21,27,False
SKU-025,2026-04-22,22,False
SKU-025,2026-04-23,31,False
SKU-025,2026-04-24,21,False
SKU-025,2026-04-25,21,False
SKU-025,2026-04-26,14,False
SKU-025,2026-04-27,32,False
SKU-025,2026-04-28,32,False
SKU-025,2026-04-29,39,False
SKU-025,2026-04-30,15,False
SKU-025,2026-05-01,42,False
SKU-025,2026-05-02,29,False
SKU-025,2026-05-03,,True
SKU-025,2026-05-04,31,False
SKU-025,2026-05-05,20,False
SKU-025,2026-05-06,26,False
SKU-025,2026-05-07,20,False
SKU-025,2026-05-08,33,False
SKU-025,2026-05-09,48,False
SKU-025,2026-05-10,20,False
SKU-025,2026-05-11,23,False
SKU-025,2026-05-12,35,False
SKU-025,2026-05-13,31,False
SKU-025,2026-05-14,28,False
SKU-025,2026-05-15,26,False
SKU-025,2026-05-16,19,False
SKU-025,2026-05-17,42,False
SKU-025,2026-05-18,28,False
SKU-025,2026-05-19,25,False
SKU-025,2026-05-20,31,False
SKU-025,2026-05-21,39,False
SKU-025,2026-05-22,41,False
SKU-025,2026-05-23,25,False
SKU-025,2026-05-24,17,False
SKU-025,2026-05-25,26,False
SKU-025,2026-05-26,34,False
SKU-025,2026-05-27,32,False
SKU-025,2026-05-28,37,False
SKU-025,2026-05-29,13,False
SKU-025,2026-05-30,15,False
SKU-025,2026-05-31,22,False
SKU-025,2026-06-01,26,False
SKU-025,2026-06-02,21,False
SKU-025,2026-06-03,35,False
SKU-025,2026-06-04,28,False
SKU-025,2026-06-05,50,False
SKU-025,2026-06-06,27,False
SKU-025,2026-06-07,37,False
SKU-025,2026-06-08,22,False
SKU-025,2026-06-09,23,False
SKU-025,2026-06-10,30,False
SKU-026,2025-06-11,0,False
SKU-026,2025-06-12,1,False
SKU-026,2025-06-13,3,False
SKU-026,2025-06-14,2,False
SKU-026,2025-06-15,0,False
SKU-026,2025-06-16,0,False
SKU-026,2025-06-17,0,False
SKU-026,2025-06-18,0,False
SKU-026,2025-06-19,3,False
SKU-026,2025-06-20,6,False
SKU-026,2025-06-21,0,False
SKU-026,2025-06-22,1,False
SKU-026,2025-06-23,0,False
SKU-026,2025-06-24,,True
SKU-026,2025-06-25,2,False
SKU-026,2025-06-26,0,False
SKU-026,2025-06-27,1,False
SKU-026,2025-06-28,1,False
SKU-026,2025-06-29,1,False
SKU-026,2025-06-30,0,False
SKU-026,2025-07-01,1,False
SKU-026,2025-07-02,0,False
SKU-026,2025-07-03,3,False
SKU-026,2025-07-04,2,False
SKU-026,2025-07-05,2,False
SKU-026,2025-07-06,0,False
SKU-026,2025-07-07,2,False
SKU-026,2025-07-08,0,False
SKU-026,2025-07-09,0,False
SKU-026,2025-07-10,1,False
SKU-026,2025-07-11,0,False
SKU-026,2025-07-12,1,False
SKU-026,2025-07-13,0,False
SKU-026,2025-07-14,0,False
SKU-026,2025-07-15,1,False
SKU-026,2025-07-16,0,False
SKU-026,2025-07-17,0,False
SKU-026,2025-07-18,0,False
SKU-026,2025-07-19,3,False
SKU-026,2025-07-20,3,False
SKU-026,2025-07-21,1,False
SKU-026,2025-07-22,1,False
SKU-026,2025-07-23,3,False
SKU-026,2025-07-24,2,False
SKU-026,2025-07-25,4,False
SKU-026,2025-07-26,1,False
SKU-026,2025-07-27,3,False
SKU-026,2025-07-28,1,False
SKU-026,2025-07-29,0,False
SKU-026,2025-07-30,0,False
SKU-026,2025-07-31,2,False
SKU-026,2025-08-01,3,False
SKU-026,2025-08-02,2,False
SKU-026,2025-08-03,0,False
SKU-026,2025-08-04,1,False
SKU-026,2025-08-05,3,False
SKU-026,2025-08-06,0,False
SKU-026,2025-08-07,5,False
SKU-026,2025-08-08,1,False
SKU-026,2025-08-09,0,False
SKU-026,2025-08-10,1,False
SKU-026,2025-08-11,4,False
SKU-026,2025-08-12,5,False
SKU-026,2025-08-13,0,False
SKU-026,2025-08-14,2,False
SKU-026,2025-08-15,3,False
SKU-026,2025-08-16,1,False
SKU-026,2025-08-17,2,False
SKU-026,2025-08-18,5,False
SKU-026,2025-08-19,4,False
SKU-026,2025-08-20,5,False
SKU-026,2025-08-21,0,False
SKU-026,2025-08-22,2,False
SKU-026,2025-08-23,2,False
SKU-026,2025-08-24,0,False
SKU-026,2025-08-25,5,False
SKU-026,2025-08-26,1,False
SKU-026,2025-08-27,3,False
SKU-026,2025-08-28,3,False
SKU-026,2025-08-29,3,False
SKU-026,2025-08-30,0,False
SKU-026,2025-08-31,1,False
SKU-026,2025-09-01,2,False
SKU-026,2025-09-02,0,False
SKU-026,2025-09-03,,True
SKU-026,2025-09-04,2,False
SKU-026,2025-09-05,1,False
SKU-026,2025-09-06,2,False
SKU-026,2025-09-07,0,False
SKU-026,2025-09-08,1,False
SKU-026,2025-09-09,4,False
SKU-026,2025-09-10,2,False
SKU-026,2025-09-11,3,False
SKU-026,2025-09-12,2,False
SKU-026,2025-09-13,0,False
SKU-026,2025-09-14,5,False
SKU-026,2025-09-15,0,False
SKU-026,2025-09-16,0,False
SKU-026,2025-09-17,3,False
SKU-026,2025-09-18,,True
SKU-026,2025-09-19,0,False
SKU-026,2025-09-20,2,False
SKU-026,2025-09-21,3,False
SKU-026,2025-09-22,2,False
SKU-026,2025-09-23,1,False
SKU-026,2025-09-24,3,False
SKU-026,2025-09-25,1,False
SKU-026,2025-09-26,2,False
SKU-026,2025-09-27,1,False
SKU-026,2025-09-28,1,False
SKU-026,2025-09-29,0,False
SKU-026,2025-09-30,2,False
SKU-026,2025-10-01,0,False
SKU-026,2025-10-02,4,False
SKU-026,2025-10-03,2,False
SKU-026,2025-10-04,3,False
SKU-026,2025-10-05,1,False
SKU-026,2025-10-06,0,False
SKU-026,2025-10-07,5,False
SKU-026,2025-10-08,0,False
SKU-026,2025-10-09,0,False
SKU-026,2025-10-10,0,False
SKU-026,2025-10-11,4,False
SKU-026,2025-10-12,0,False
SKU-026,2025-10-13,1,False
SKU-026,2025-10-14,0,False
SKU-026,2025-10-15,0,False
SKU-026,2025-10-16,2,False
SKU-026,2025-10-17,3,False
SKU-026,2025-10-18,0,False
SKU-026,2025-10-19,0,False
SKU-026,2025-10-20,4,False
SKU-026,2025-10-21,1,False
SKU-026,2025-10-22,6,False
SKU-026,2025-10-23,3,False
SKU-026,2025-10-24,4,False
SKU-026,2025-10-25,0,False
SKU-026,2025-10-26,3,False
SKU-026,2025-10-27,0,False
SKU-026,2025-10-28,0,False
SKU-026,2025-10-29,0,False
SKU-026,2025-10-30,0,False
SKU-026,2025-10-31,0,False
SKU-026,2025-11-01,2,False
SKU-026,2025-11-02,2,False
SKU-026,2025-11-03,1,False
SKU-026,2025-11-04,0,False
SKU-026,2025-11-05,5,False
SKU-026,2025-11-06,2,False
SKU-026,2025-11-07,3,False
SKU-026,2025-11-08,4,False
SKU-026,2025-11-09,3,False
SKU-026,2025-11-10,0,False
SKU-026,2025-11-11,1,False
SKU-026,2025-11-12,1,False
SKU-026,2025-11-13,3,False
SKU-026,2025-11-14,1,False
SKU-026,2025-11-15,4,False
SKU-026,2025-11-16,2,False
SKU-026,2025-11-17,0,False
SKU-026,2025-11-18,0,False
SKU-026,2025-11-19,3,False
SKU-026,2025-11-20,4,False
SKU-026,2025-11-21,0,False
SKU-026,2025-11-22,1,False
SKU-026,2025-11-23,2,False
SKU-026,2025-11-24,4,False
SKU-026,2025-11-25,3,False
SKU-026,2025-11-26,0,False
SKU-026,2025-11-27,3,False
SKU-026,2025-11-28,0,False
SKU-026,2025-11-29,3,False
SKU-026,2025-11-30,5,False
SKU-026,2025-12-01,2,False
SKU-026,2025-12-02,3,False
SKU-026,2025-12-03,2,False
SKU-026,2025-12-04,0,False
SKU-026,2025-12-05,3,False
SKU-026,2025-12-06,3,False
SKU-026,2025-12-07,2,False
SKU-026,2025-12-08,2,False
SKU-026,2025-12-09,4,False
SKU-026,2025-12-10,0,False
SKU-026,2025-12-11,0,False
SKU-026,2025-12-12,4,False
SKU-026,2025-12-13,0,False
SKU-026,2025-12-14,2,False
SKU-026,2025-12-15,0,False
SKU-026,2025-12-16,3,False
SKU-026,2025-12-17,1,False
SKU-026,2025-12-18,1,False
SKU-026,2025-12-19,1,False
SKU-026,2025-12-20,3,False
SKU-026,2025-12-21,2,False
SKU-026,2025-12-22,2,False
SKU-026,2025-12-23,1,False
SKU-026,2025-12-24,0,False
SKU-026,2025-12-25,2,False
SKU-026,2025-12-26,0,False
SKU-026,2025-12-27,3,False
SKU-026,2025-12-28,2,False
SKU-026,2025-12-29,1,False
SKU-026,2025-12-30,0,False
SKU-026,2025-12-31,3,False
SKU-026,2026-01-01,0,False
SKU-026,2026-01-02,0,False
SKU-026,2026-01-03,0,False
SKU-026,2026-01-04,3,False
SKU-026,2026-01-05,1,False
SKU-026,2026-01-06,0,False
SKU-026,2026-01-07,1,False
SKU-026,2026-01-08,,True
SKU-026,2026-01-09,3,False
SKU-026,2026-01-10,2,False
SKU-026,2026-01-11,4,False
SKU-026,2026-01-12,0,False
SKU-026,2026-01-13,0,False
SKU-026,2026-01-14,1,False
SKU-026,2026-01-15,0,False
SKU-026,2026-01-16,2,False
SKU-026,2026-01-17,0,False
SKU-026,2026-01-18,0,False
SKU-026,2026-01-19,1,False
SKU-026,2026-01-20,0,False
SKU-026,2026-01-21,0,False
SKU-026,2026-01-22,1,False
SKU-026,2026-01-23,1,False
SKU-026,2026-01-24,0,False
SKU-026,2026-01-25,2,False
SKU-026,2026-01-26,2,False
SKU-026,2026-01-27,2,False
SKU-026,2026-01-28,0,False
SKU-026,2026-01-29,0,False
SKU-026,2026-01-30,1,False
SKU-026,2026-01-31,0,False
SKU-026,2026-02-01,0,False
SKU-026,2026-02-02,0,False
SKU-026,2026-02-03,1,False
SKU-026,2026-02-04,1,False
SKU-026,2026-02-05,0,False
SKU-026,2026-02-06,0,False
SKU-026,2026-02-07,2,False
SKU-026,2026-02-08,,True
SKU-026,2026-02-09,3,False
SKU-026,2026-02-10,1,False
SKU-026,2026-02-11,1,False
SKU-026,2026-02-12,,True
SKU-026,2026-02-13,0,False
SKU-026,2026-02-14,0,False
SKU-026,2026-02-15,0,False
SKU-026,2026-02-16,0,False
SKU-026,2026-02-17,0,False
SKU-026,2026-02-18,0,False
SKU-026,2026-02-19,1,False
SKU-026,2026-02-20,2,False
SKU-026,2026-02-21,0,False
SKU-026,2026-02-22,1,False
SKU-026,2026-02-23,1,False
SKU-026,2026-02-24,0,False
SKU-026,2026-02-25,0,False
SKU-026,2026-02-26,0,False
SKU-026,2026-02-27,2,False
SKU-026,2026-02-28,0,False
SKU-026,2026-03-01,1,False
SKU-026,2026-03-02,0,False
SKU-026,2026-03-03,0,False
SKU-026,2026-03-04,0,False
SKU-026,2026-03-05,0,False
SKU-026,2026-03-06,0,False
SKU-026,2026-03-07,0,False
SKU-026,2026-03-08,2,False
SKU-026,2026-03-09,1,False
SKU-026,2026-03-10,0,False
SKU-026,2026-03-11,1,False
SKU-026,2026-03-12,1,False
SKU-026,2026-03-13,0,False
SKU-026,2026-03-14,0,False
SKU-026,2026-03-15,1,False
SKU-026,2026-03-16,2,False
SKU-026,2026-03-17,0,False
SKU-026,2026-03-18,1,False
SKU-026,2026-03-19,3,False
SKU-026,2026-03-20,1,False
SKU-026,2026-03-21,0,False
SKU-026,2026-03-22,0,False
SKU-026,2026-03-23,0,False
SKU-026,2026-03-24,0,False
SKU-026,2026-03-25,2,False
SKU-026,2026-03-26,1,False
SKU-026,2026-03-27,0,False
SKU-026,2026-03-28,0,False
SKU-026,2026-03-29,0,False
SKU-026,2026-03-30,1,False
SKU-026,2026-03-31,0,False
SKU-026,2026-04-01,2,False
SKU-026,2026-04-02,0,False
SKU-026,2026-04-03,2,False
SKU-026,2026-04-04,3,False
SKU-026,2026-04-05,0,False
SKU-026,2026-04-06,0,False
SKU-026,2026-04-07,3,False
SKU-026,2026-04-08,2,False
SKU-026,2026-04-09,3,False
SKU-026,2026-04-10,0,False
SKU-026,2026-04-11,1,False
SKU-026,2026-04-12,1,False
SKU-026,2026-04-13,0,False
SKU-026,2026-04-14,,True
SKU-026,2026-04-15,0,False
SKU-026,2026-04-16,0,False
SKU-026,2026-04-17,1,False
SKU-026,2026-04-18,0,False
SKU-026,2026-04-19,2,False
SKU-026,2026-04-20,0,False
SKU-026,2026-04-21,0,False
SKU-026,2026-04-22,0,False
SKU-026,2026-04-23,0,False
SKU-026,2026-04-24,0,False
SKU-026,2026-04-25,0,False
SKU-026,2026-04-26,0,False
SKU-026,2026-04-27,2,False
SKU-026,2026-04-28,2,False
SKU-026,2026-04-29,1,False
SKU-026,2026-04-30,1,False
SKU-026,2026-05-01,0,False
SKU-026,2026-05-02,0,False
SKU-026,2026-05-03,1,False
SKU-026,2026-05-04,0,False
SKU-026,2026-05-05,0,False
SKU-026,2026-05-06,1,False
SKU-026,2026-05-07,0,False
SKU-026,2026-05-08,1,False
SKU-026,2026-05-09,0,False
SKU-026,2026-05-10,2,False
SKU-026,2026-05-11,0,False
SKU-026,2026-05-12,2,False
SKU-026,2026-05-13,1,False
SKU-026,2026-05-14,0,False
SKU-026,2026-05-15,1,False
SKU-026,2026-05-16,1,False
SKU-026,2026-05-17,0,False
SKU-026,2026-05-18,,True
SKU-026,2026-05-19,0,False
SKU-026,2026-05-20,0,False
SKU-026,2026-05-21,0,False
SKU-026,2026-05-22,0,False
SKU-026,2026-05-23,1,False
SKU-026,2026-05-24,0,False
SKU-026,2026-05-25,0,False
SKU-026,2026-05-26,2,False
SKU-026,2026-05-27,2,False
SKU-026,2026-05-28,3,False
SKU-026,2026-05-29,4,False
SKU-026,2026-05-30,2,False
SKU-026,2026-05-31,1,False
SKU-026,2026-06-01,1,False
SKU-026,2026-06-02,0,False
SKU-026,2026-06-03,,True
SKU-026,2026-06-04,0,False
SKU-026,2026-06-05,0,False
SKU-026,2026-06-06,2,False
SKU-026,2026-06-07,2,False
SKU-026,2026-06-08,3,False
SKU-026,2026-06-09,3,False
SKU-026,2026-06-10,1,False
SKU-027,2025-06-11,,True
SKU-027,2025-06-12,1,False
SKU-027,2025-06-13,0,False
SKU-027,2025-06-14,1,False
SKU-027,2025-06-15,2,False
SKU-027,2025-06-16,2,False
SKU-027,2025-06-17,1,False
SKU-027,2025-06-18,1,False
SKU-027,2025-06-19,1,False
SKU-027,2025-06-20,0,False
SKU-027,2025-06-21,0,False
SKU-027,2025-06-22,0,False
SKU-027,2025-06-23,2,False
SKU-027,2025-06-24,0,False
SKU-027,2025-06-25,1,False
SKU-027,2025-06-26,0,False
SKU-027,2025-06-27,2,False
SKU-027,2025-06-28,0,False
SKU-027,2025-06-29,0,False
SKU-027,2025-06-30,1,False
SKU-027,2025-07-01,1,False
SKU-027,2025-07-02,2,False
SKU-027,2025-07-03,0,False
SKU-027,2025-07-04,0,False
SKU-027,2025-07-05,0,False
SKU-027,2025-07-06,0,False
SKU-027,2025-07-07,0,False
SKU-027,2025-07-08,0,False
SKU-027,2025-07-09,0,False
SKU-027,2025-07-10,1,False
SKU-027,2025-07-11,0,False
SKU-027,2025-07-12,0,False
SKU-027,2025-07-13,0,False
SKU-027,2025-07-14,2,False
SKU-027,2025-07-15,1,False
SKU-027,2025-07-16,0,False
SKU-027,2025-07-17,0,False
SKU-027,2025-07-18,1,False
SKU-027,2025-07-19,2,False
SKU-027,2025-07-20,1,False
SKU-027,2025-07-21,0,False
SKU-027,2025-07-22,0,False
SKU-027,2025-07-23,0,False
SKU-027,2025-07-24,0,False
SKU-027,2025-07-25,0,False
SKU-027,2025-07-26,1,False
SKU-027,2025-07-27,1,False
SKU-027,2025-07-28,2,False
SKU-027,2025-07-29,0,False
SKU-027,2025-07-30,2,False
SKU-027,2025-07-31,1,False
SKU-027,2025-08-01,0,False
SKU-027,2025-08-02,1,False
SKU-027,2025-08-03,1,False
SKU-027,2025-08-04,1,False
SKU-027,2025-08-05,1,False
SKU-027,2025-08-06,0,False
SKU-027,2025-08-07,2,False
SKU-027,2025-08-08,0,False
SKU-027,2025-08-09,1,False
SKU-027,2025-08-10,0,False
SKU-027,2025-08-11,0,False
SKU-027,2025-08-12,0,False
SKU-027,2025-08-13,1,False
SKU-027,2025-08-14,0,False
SKU-027,2025-08-15,0,False
SKU-027,2025-08-16,1,False
SKU-027,2025-08-17,1,False
SKU-027,2025-08-18,0,False
SKU-027,2025-08-19,1,False
SKU-027,2025-08-20,1,False
SKU-027,2025-08-21,0,False
SKU-027,2025-08-22,3,False
SKU-027,2025-08-23,0,False
SKU-027,2025-08-24,0,False
SKU-027,2025-08-25,1,False
SKU-027,2025-08-26,2,False
SKU-027,2025-08-27,1,False
SKU-027,2025-08-28,2,False
SKU-027,2025-08-29,0,False
SKU-027,2025-08-30,1,False
SKU-027,2025-08-31,1,False
SKU-027,2025-09-01,0,False
SKU-027,2025-09-02,2,False
SKU-027,2025-09-03,0,False
SKU-027,2025-09-04,1,False
SKU-027,2025-09-05,0,False
SKU-027,2025-09-06,0,False
SKU-027,2025-09-07,0,False
SKU-027,2025-09-08,3,False
SKU-027,2025-09-09,0,False
SKU-027,2025-09-10,1,False
SKU-027,2025-09-11,0,False
SKU-027,2025-09-12,0,False
SKU-027,2025-09-13,0,False
SKU-027,2025-09-14,1,False
SKU-027,2025-09-15,0,False
SKU-027,2025-09-16,0,False
SKU-027,2025-09-17,0,False
SKU-027,2025-09-18,0,False
SKU-027,2025-09-19,1,False
SKU-027,2025-09-20,1,False
SKU-027,2025-09-21,0,False
SKU-027,2025-09-22,0,False
SKU-027,2025-09-23,0,False
SKU-027,2025-09-24,0,False
SKU-027,2025-09-25,0,False
SKU-027,2025-09-26,1,False
SKU-027,2025-09-27,0,False
SKU-027,2025-09-28,1,False
SKU-027,2025-09-29,0,False
SKU-027,2025-09-30,2,False
SKU-027,2025-10-01,0,False
SKU-027,2025-10-02,0,False
SKU-027,2025-10-03,2,False
SKU-027,2025-10-04,0,False
SKU-027,2025-10-05,0,False
SKU-027,2025-10-06,0,False
SKU-027,2025-10-07,0,False
SKU-027,2025-10-08,0,False
SKU-027,2025-10-09,0,False
SKU-027,2025-10-10,1,False
SKU-027,2025-10-11,2,False
SKU-027,2025-10-12,0,False
SKU-027,2025-10-13,0,False
SKU-027,2025-10-14,2,False
SKU-027,2025-10-15,,True
SKU-027,2025-10-16,0,False
SKU-027,2025-10-17,0,False
SKU-027,2025-10-18,0,False
SKU-027,2025-10-19,1,False
SKU-027,2025-10-20,0,False
SKU-027,2025-10-21,0,False
SKU-027,2025-10-22,0,False
SKU-027,2025-10-23,0,False
SKU-027,2025-10-24,0,False
SKU-027,2025-10-25,1,False
SKU-027,2025-10-26,2,False
SKU-027,2025-10-27,1,False
SKU-027,2025-10-28,1,False
SKU-027,2025-10-29,0,False
SKU-027,2025-10-30,0,False
SKU-027,2025-10-31,0,False
SKU-027,2025-11-01,0,False
SKU-027,2025-11-02,0,False
SKU-027,2025-11-03,0,False
SKU-027,2025-11-04,2,False
SKU-027,2025-11-05,0,False
SKU-027,2025-11-06,0,False
SKU-027,2025-11-07,1,False
SKU-027,2025-11-08,0,False
SKU-027,2025-11-09,0,False
SKU-027,2025-11-10,1,False
SKU-027,2025-11-11,0,False
SKU-027,2025-11-12,0,False
SKU-027,2025-11-13,0,False
SKU-027,2025-11-14,0,False
SKU-027,2025-11-15,,True
SKU-027,2025-11-16,0,False
SKU-027,2025-11-17,0,False
SKU-027,2025-11-18,3,False
SKU-027,2025-11-19,0,False
SKU-027,2025-11-20,1,False
SKU-027,2025-11-21,0,False
SKU-027,2025-11-22,2,False
SKU-027,2025-11-23,2,False
SKU-027,2025-11-24,0,False
SKU-027,2025-11-25,0,False
SKU-027,2025-11-26,0,False
SKU-027,2025-11-27,0,False
SKU-027,2025-11-28,0,False
SKU-027,2025-11-29,2,False
SKU-027,2025-11-30,0,False
SKU-027,2025-12-01,2,False
SKU-027,2025-12-02,0,False
SKU-027,2025-12-03,1,False
SKU-027,2025-12-04,0,False
SKU-027,2025-12-05,0,False
SKU-027,2025-12-06,1,False
SKU-027,2025-12-07,1,False
SKU-027,2025-12-08,0,False
SKU-027,2025-12-09,0,False
SKU-027,2025-12-10,1,False
SKU-027,2025-12-11,0,False
SKU-027,2025-12-12,0,False
SKU-027,2025-12-13,1,False
SKU-027,2025-12-14,1,False
SKU-027,2025-12-15,0,False
SKU-027,2025-12-16,0,False
SKU-027,2025-12-17,2,False
SKU-027,2025-12-18,0,False
SKU-027,2025-12-19,1,False
SKU-027,2025-12-20,0,False
SKU-027,2025-12-21,0,False
SKU-027,2025-12-22,1,False
SKU-027,2025-12-23,0,False
SKU-027,2025-12-24,0,False
SKU-027,2025-12-25,0,False
SKU-027,2025-12-26,0,False
SKU-027,2025-12-27,0,False
SKU-027,2025-12-28,0,False
SKU-027,2025-12-29,0,False
SKU-027,2025-12-30,2,False
SKU-027,2025-12-31,0,False
SKU-027,2026-01-01,1,False
SKU-027,2026-01-02,2,False
SKU-027,2026-01-03,0,False
SKU-027,2026-01-04,1,False
SKU-027,2026-01-05,2,False
SKU-027,2026-01-06,1,False
SKU-027,2026-01-07,0,False
SKU-027,2026-01-08,0,False
SKU-027,2026-01-09,0,False
SKU-027,2026-01-10,2,False
SKU-027,2026-01-11,0,False
SKU-027,2026-01-12,0,False
SKU-027,2026-01-13,0,False
SKU-027,2026-01-14,0,False
SKU-027,2026-01-15,0,False
SKU-027,2026-01-16,0,False
SKU-027,2026-01-17,0,False
SKU-027,2026-01-18,2,False
SKU-027,2026-01-19,,True
SKU-027,2026-01-20,0,False
SKU-027,2026-01-21,0,False
SKU-027,2026-01-22,0,False
SKU-027,2026-01-23,0,False
SKU-027,2026-01-24,1,False
SKU-027,2026-01-25,2,False
SKU-027,2026-01-26,1,False
SKU-027,2026-01-27,0,False
SKU-027,2026-01-28,0,False
SKU-027,2026-01-29,0,False
SKU-027,2026-01-30,1,False
SKU-027,2026-01-31,1,False
SKU-027,2026-02-01,0,False
SKU-027,2026-02-02,0,False
SKU-027,2026-02-03,0,False
SKU-027,2026-02-04,0,False
SKU-027,2026-02-05,0,False
SKU-027,2026-02-06,0,False
SKU-027,2026-02-07,0,False
SKU-027,2026-02-08,0,False
SKU-027,2026-02-09,0,False
SKU-027,2026-02-10,0,False
SKU-027,2026-02-11,1,False
SKU-027,2026-02-12,0,False
SKU-027,2026-02-13,1,False
SKU-027,2026-02-14,0,False
SKU-027,2026-02-15,0,False
SKU-027,2026-02-16,1,False
SKU-027,2026-02-17,2,False
SKU-027,2026-02-18,1,False
SKU-027,2026-02-19,1,False
SKU-027,2026-02-20,0,False
SKU-027,2026-02-21,1,False
SKU-027,2026-02-22,1,False
SKU-027,2026-02-23,2,False
SKU-027,2026-02-24,0,False
SKU-027,2026-02-25,,True
SKU-027,2026-02-26,0,False
SKU-027,2026-02-27,0,False
SKU-027,2026-02-28,0,False
SKU-027,2026-03-01,0,False
SKU-027,2026-03-02,1,False
SKU-027,2026-03-03,1,False
SKU-027,2026-03-04,0,False
SKU-027,2026-03-05,0,False
SKU-027,2026-03-06,2,False
SKU-027,2026-03-07,1,False
SKU-027,2026-03-08,0,False
SKU-027,2026-03-09,0,False
SKU-027,2026-03-10,0,False
SKU-027,2026-03-11,1,False
SKU-027,2026-03-12,0,False
SKU-027,2026-03-13,0,False
SKU-027,2026-03-14,0,False
SKU-027,2026-03-15,0,False
SKU-027,2026-03-16,0,False
SKU-027,2026-03-17,3,False
SKU-027,2026-03-18,0,False
SKU-027,2026-03-19,1,False
SKU-027,2026-03-20,1,False
SKU-027,2026-03-21,1,False
SKU-027,2026-03-22,1,False
SKU-027,2026-03-23,2,False
SKU-027,2026-03-24,0,False
SKU-027,2026-03-25,0,False
SKU-027,2026-03-26,2,False
SKU-027,2026-03-27,1,False
SKU-027,2026-03-28,1,False
SKU-027,2026-03-29,0,False
SKU-027,2026-03-30,1,False
SKU-027,2026-03-31,,True
SKU-027,2026-04-01,0,False
SKU-027,2026-04-02,1,False
SKU-027,2026-04-03,0,False
SKU-027,2026-04-04,1,False
SKU-027,2026-04-05,2,False
SKU-027,2026-04-06,1,False
SKU-027,2026-04-07,0,False
SKU-027,2026-04-08,0,False
SKU-027,2026-04-09,1,False
SKU-027,2026-04-10,1,False
SKU-027,2026-04-11,0,False
SKU-027,2026-04-12,0,False
SKU-027,2026-04-13,0,False
SKU-027,2026-04-14,1,False
SKU-027,2026-04-15,2,False
SKU-027,2026-04-16,0,False
SKU-027,2026-04-17,1,False
SKU-027,2026-04-18,0,False
SKU-027,2026-04-19,,True
SKU-027,2026-04-20,0,False
SKU-027,2026-04-21,0,False
SKU-027,2026-04-22,1,False
SKU-027,2026-04-23,0,False
SKU-027,2026-04-24,0,False
SKU-027,2026-04-25,1,False
SKU-027,2026-04-26,,True
SKU-027,2026-04-27,0,False
SKU-027,2026-04-28,1,False
SKU-027,2026-04-29,1,False
SKU-027,2026-04-30,2,False
SKU-027,2026-05-01,0,False
SKU-027,2026-05-02,0,False
SKU-027,2026-05-03,0,False
SKU-027,2026-05-04,0,False
SKU-027,2026-05-05,1,False
SKU-027,2026-05-06,2,False
SKU-027,2026-05-07,1,False
SKU-027,2026-05-08,0,False
SKU-027,2026-05-09,1,False
SKU-027,2026-05-10,0,False
SKU-027,2026-05-11,2,False
SKU-027,2026-05-12,2,False
SKU-027,2026-05-13,0,False
SKU-027,2026-05-14,0,False
SKU-027,2026-05-15,0,False
SKU-027,2026-05-16,0,False
SKU-027,2026-05-17,1,False
SKU-027,2026-05-18,0,False
SKU-027,2026-05-19,0,False
SKU-027,2026-05-20,1,False
SKU-027,2026-05-21,0,False
SKU-027,2026-05-22,0,False
SKU-027,2026-05-23,3,False
SKU-027,2026-05-24,0,False
SKU-027,2026-05-25,0,False
SKU-027,2026-05-26,1,False
SKU-027,2026-05-27,0,False
SKU-027,2026-05-28,2,False
SKU-027,2026-05-29,0,False
SKU-027,2026-05-30,1,False
SKU-027,2026-05-31,1,False
SKU-027,2026-06-01,0,False
SKU-027,2026-06-02,1,False
SKU-027,2026-06-03,1,False
SKU-027,2026-06-04,0,False
SKU-027,2026-06-05,0,False
SKU-027,2026-06-06,1,False
SKU-027,2026-06-07,0,False
SKU-027,2026-06-08,1,False
SKU-027,2026-06-09,1,False
SKU-027,2026-06-10,0,False
SKU-028,2025-06-11,0,False
SKU-028,2025-06-12,0,False
SKU-028,2025-06-13,0,False
SKU-028,2025-06-14,0,False
SKU-028,2025-06-15,0,False
SKU-028,2025-06-16,0,False
SKU-028,2025-06-17,0,False
SKU-028,2025-06-18,0,False
SKU-028,2025-06-19,,True
SKU-028,2025-06-20,0,False
SKU-028,2025-06-21,0,False
SKU-028,2025-06-22,0,False
SKU-028,2025-06-23,0,False
SKU-028,2025-06-24,0,False
SKU-028,2025-06-25,1,False
SKU-028,2025-06-26,0,False
SKU-028,2025-06-27,0,False
SKU-028,2025-06-28,1,False
SKU-028,2025-06-29,0,False
SKU-028,2025-06-30,0,False
SKU-028,2025-07-01,0,False
SKU-028,2025-07-02,0,False
SKU-028,2025-07-03,1,False
SKU-028,2025-07-04,1,False
SKU-028,2025-07-05,1,False
SKU-028,2025-07-06,0,False
SKU-028,2025-07-07,0,False
SKU-028,2025-07-08,0,False
SKU-028,2025-07-09,0,False
SKU-028,2025-07-10,0,False
SKU-028,2025-07-11,0,False
SKU-028,2025-07-12,2,False
SKU-028,2025-07-13,0,False
SKU-028,2025-07-14,0,False
SKU-028,2025-07-15,1,False
SKU-028,2025-07-16,1,False
SKU-028,2025-07-17,0,False
SKU-028,2025-07-18,0,False
SKU-028,2025-07-19,0,False
SKU-028,2025-07-20,0,False
SKU-028,2025-07-21,0,False
SKU-028,2025-07-22,0,False
SKU-028,2025-07-23,1,False
SKU-028,2025-07-24,0,False
SKU-028,2025-07-25,1,False
SKU-028,2025-07-26,0,False
SKU-028,2025-07-27,2,False
SKU-028,2025-07-28,0,False
SKU-028,2025-07-29,0,False
SKU-028,2025-07-30,0,False
SKU-028,2025-07-31,1,False
SKU-028,2025-08-01,1,False
SKU-028,2025-08-02,0,False
SKU-028,2025-08-03,0,False
SKU-028,2025-08-04,0,False
SKU-028,2025-08-05,0,False
SKU-028,2025-08-06,0,False
SKU-028,2025-08-07,0,False
SKU-028,2025-08-08,0,False
SKU-028,2025-08-09,1,False
SKU-028,2025-08-10,1,False
SKU-028,2025-08-11,0,False
SKU-028,2025-08-12,0,False
SKU-028,2025-08-13,1,False
SKU-028,2025-08-14,1,False
SKU-028,2025-08-15,0,False
SKU-028,2025-08-16,0,False
SKU-028,2025-08-17,0,False
SKU-028,2025-08-18,0,False
SKU-028,2025-08-19,0,False
SKU-028,2025-08-20,1,False
SKU-028,2025-08-21,0,False
SKU-028,2025-08-22,0,False
SKU-028,2025-08-23,1,False
SKU-028,2025-08-24,1,False
SKU-028,2025-08-25,0,False
SKU-028,2025-08-26,1,False
SKU-028,2025-08-27,0,False
SKU-028,2025-08-28,0,False
SKU-028,2025-08-29,1,False
SKU-028,2025-08-30,0,False
SKU-028,2025-08-31,1,False
SKU-028,2025-09-01,0,False
SKU-028,2025-09-02,0,False
SKU-028,2025-09-03,0,False
SKU-028,2025-09-04,0,False
SKU-028,2025-09-05,0,False
SKU-028,2025-09-06,0,False
SKU-028,2025-09-07,0,False
SKU-028,2025-09-08,0,False
SKU-028,2025-09-09,0,False
SKU-028,2025-09-10,1,False
SKU-028,2025-09-11,1,False
SKU-028,2025-09-12,0,False
SKU-028,2025-09-13,1,False
SKU-028,2025-09-14,0,False
SKU-028,2025-09-15,2,False
SKU-028,2025-09-16,0,False
SKU-028,2025-09-17,0,False
SKU-028,2025-09-18,0,False
SKU-028,2025-09-19,1,False
SKU-028,2025-09-20,2,False
SKU-028,2025-09-21,0,False
SKU-028,2025-09-22,1,False
SKU-028,2025-09-23,,True
SKU-028,2025-09-24,0,False
SKU-028,2025-09-25,0,False
SKU-028,2025-09-26,0,False
SKU-028,2025-09-27,0,False
SKU-028,2025-09-28,0,False
SKU-028,2025-09-29,0,False
SKU-028,2025-09-30,1,False
SKU-028,2025-10-01,2,False
SKU-028,2025-10-02,1,False
SKU-028,2025-10-03,1,False
SKU-028,2025-10-04,1,False
SKU-028,2025-10-05,0,False
SKU-028,2025-10-06,0,False
SKU-028,2025-10-07,1,False
SKU-028,2025-10-08,0,False
SKU-028,2025-10-09,0,False
SKU-028,2025-10-10,0,False
SKU-028,2025-10-11,0,False
SKU-028,2025-10-12,0,False
SKU-028,2025-10-13,1,False
SKU-028,2025-10-14,0,False
SKU-028,2025-10-15,0,False
SKU-028,2025-10-16,0,False
SKU-028,2025-10-17,0,False
SKU-028,2025-10-18,1,False
SKU-028,2025-10-19,1,False
SKU-028,2025-10-20,0,False
SKU-028,2025-10-21,0,False
SKU-028,2025-10-22,0,False
SKU-028,2025-10-23,0,False
SKU-028,2025-10-24,0,False
SKU-028,2025-10-25,0,False
SKU-028,2025-10-26,1,False
SKU-028,2025-10-27,1,False
SKU-028,2025-10-28,0,False
SKU-028,2025-10-29,0,False
SKU-028,2025-10-30,1,False
SKU-028,2025-10-31,2,False
SKU-028,2025-11-01,0,False
SKU-028,2025-11-02,2,False
SKU-028,2025-11-03,0,False
SKU-028,2025-11-04,0,False
SKU-028,2025-11-05,,True
SKU-028,2025-11-06,0,False
SKU-028,2025-11-07,0,False
SKU-028,2025-11-08,1,False
SKU-028,2025-11-09,0,False
SKU-028,2025-11-10,0,False
SKU-028,2025-11-11,0,False
SKU-028,2025-11-12,0,False
SKU-028,2025-11-13,1,False
SKU-028,2025-11-14,,True
SKU-028,2025-11-15,1,False
SKU-028,2025-11-16,0,False
SKU-028,2025-11-17,1,False
SKU-028,2025-11-18,2,False
SKU-028,2025-11-19,0,False
SKU-028,2025-11-20,2,False
SKU-028,2025-11-21,1,False
SKU-028,2025-11-22,1,False
SKU-028,2025-11-23,0,False
SKU-028,2025-11-24,0,False
SKU-028,2025-11-25,1,False
SKU-028,2025-11-26,1,False
SKU-028,2025-11-27,1,False
SKU-028,2025-11-28,0,False
SKU-028,2025-11-29,1,False
SKU-028,2025-11-30,1,False
SKU-028,2025-12-01,0,False
SKU-028,2025-12-02,0,False
SKU-028,2025-12-03,1,False
SKU-028,2025-12-04,0,False
SKU-028,2025-12-05,0,False
SKU-028,2025-12-06,0,False
SKU-028,2025-12-07,0,False
SKU-028,2025-12-08,0,False
SKU-028,2025-12-09,0,False
SKU-028,2025-12-10,0,False
SKU-028,2025-12-11,1,False
SKU-028,2025-12-12,0,False
SKU-028,2025-12-13,0,False
SKU-028,2025-12-14,0,False
SKU-028,2025-12-15,1,False
SKU-028,2025-12-16,1,False
SKU-028,2025-12-17,0,False
SKU-028,2025-12-18,,True
SKU-028,2025-12-19,0,False
SKU-028,2025-12-20,0,False
SKU-028,2025-12-21,0,False
SKU-028,2025-12-22,0,False
SKU-028,2025-12-23,0,False
SKU-028,2025-12-24,0,False
SKU-028,2025-12-25,0,False
SKU-028,2025-12-26,0,False
SKU-028,2025-12-27,0,False
SKU-028,2025-12-28,0,False
SKU-028,2025-12-29,1,False
SKU-028,2025-12-30,0,False
SKU-028,2025-12-31,0,False
SKU-028,2026-01-01,0,False
SKU-028,2026-01-02,1,False
SKU-028,2026-01-03,0,False
SKU-028,2026-01-04,0,False
SKU-028,2026-01-05,0,False
SKU-028,2026-01-06,0,False
SKU-028,2026-01-07,1,False
SKU-028,2026-01-08,0,False
SKU-028,2026-01-09,0,False
SKU-028,2026-01-10,0,False
SKU-028,2026-01-11,0,False
SKU-028,2026-01-12,,True
SKU-028,2026-01-13,0,False
SKU-028,2026-01-14,0,False
SKU-028,2026-01-15,0,False
SKU-028,2026-01-16,2,False
SKU-028,2026-01-17,0,False
SKU-028,2026-01-18,0,False
SKU-028,2026-01-19,0,False
SKU-028,2026-01-20,0,False
SKU-028,2026-01-21,0,False
SKU-028,2026-01-22,0,False
SKU-028,2026-01-23,0,False
SKU-028,2026-01-24,0,False
SKU-028,2026-01-25,1,False
SKU-028,2026-01-26,1,False
SKU-028,2026-01-27,0,False
SKU-028,2026-01-28,0,False
SKU-028,2026-01-29,0,False
SKU-028,2026-01-30,1,False
SKU-028,2026-01-31,0,False
SKU-028,2026-02-01,2,False
SKU-028,2026-02-02,0,False
SKU-028,2026-02-03,2,False
SKU-028,2026-02-04,0,False
SKU-028,2026-02-05,0,False
SKU-028,2026-02-06,0,False
SKU-028,2026-02-07,0,False
SKU-028,2026-02-08,0,False
SKU-028,2026-02-09,0,False
SKU-028,2026-02-10,2,False
SKU-028,2026-02-11,2,False
SKU-028,2026-02-12,0,False
SKU-028,2026-02-13,1,False
SKU-028,2026-02-14,0,False
SKU-028,2026-02-15,0,False
SKU-028,2026-02-16,1,False
SKU-028,2026-02-17,0,False
SKU-028,2026-02-18,1,False
SKU-028,2026-02-19,0,False
SKU-028,2026-02-20,1,False
SKU-028,2026-02-21,2,False
SKU-028,2026-02-22,0,False
SKU-028,2026-02-23,1,False
SKU-028,2026-02-24,0,False
SKU-028,2026-02-25,0,False
SKU-028,2026-02-26,1,False
SKU-028,2026-02-27,0,False
SKU-028,2026-02-28,0,False
SKU-028,2026-03-01,1,False
SKU-028,2026-03-02,0,False
SKU-028,2026-03-03,0,False
SKU-028,2026-03-04,0,False
SKU-028,2026-03-05,1,False
SKU-028,2026-03-06,0,False
SKU-028,2026-03-07,1,False
SKU-028,2026-03-08,1,False
SKU-028,2026-03-09,1,False
SKU-028,2026-03-10,0,False
SKU-028,2026-03-11,0,False
SKU-028,2026-03-12,0,False
SKU-028,2026-03-13,0,False
SKU-028,2026-03-14,1,False
SKU-028,2026-03-15,0,False
SKU-028,2026-03-16,1,False
SKU-028,2026-03-17,0,False
SKU-028,2026-03-18,0,False
SKU-028,2026-03-19,0,False
SKU-028,2026-03-20,0,False
SKU-028,2026-03-21,0,False
SKU-028,2026-03-22,0,False
SKU-028,2026-03-23,0,False
SKU-028,2026-03-24,0,False
SKU-028,2026-03-25,0,False
SKU-028,2026-03-26,0,False
SKU-028,2026-03-27,0,False
SKU-028,2026-03-28,0,False
SKU-028,2026-03-29,1,False
SKU-028,2026-03-30,0,False
SKU-028,2026-03-31,0,False
SKU-028,2026-04-01,0,False
SKU-028,2026-04-02,0,False
SKU-028,2026-04-03,1,False
SKU-028,2026-04-04,2,False
SKU-028,2026-04-05,0,False
SKU-028,2026-04-06,0,False
SKU-028,2026-04-07,0,False
SKU-028,2026-04-08,1,False
SKU-028,2026-04-09,0,False
SKU-028,2026-04-10,0,False
SKU-028,2026-04-11,0,False
SKU-028,2026-04-12,0,False
SKU-028,2026-04-13,1,False
SKU-028,2026-04-14,0,False
SKU-028,2026-04-15,0,False
SKU-028,2026-04-16,0,False
SKU-028,2026-04-17,0,False
SKU-028,2026-04-18,0,False
SKU-028,2026-04-19,1,False
SKU-028,2026-04-20,1,False
SKU-028,2026-04-21,0,False
SKU-028,2026-04-22,1,False
SKU-028,2026-04-23,1,False
SKU-028,2026-04-24,0,False
SKU-028,2026-04-25,1,False
SKU-028,2026-04-26,1,False
SKU-028,2026-04-27,0,False
SKU-028,2026-04-28,0,False
SKU-028,2026-04-29,0,False
SKU-028,2026-04-30,,True
SKU-028,2026-05-01,0,False
SKU-028,2026-05-02,0,False
SKU-028,2026-05-03,0,False
SKU-028,2026-05-04,0,False
SKU-028,2026-05-05,0,False
SKU-028,2026-05-06,0,False
SKU-028,2026-05-07,1,False
SKU-028,2026-05-08,2,False
SKU-028,2026-05-09,0,False
SKU-028,2026-05-10,0,False
SKU-028,2026-05-11,1,False
SKU-028,2026-05-12,0,False
SKU-028,2026-05-13,0,False
SKU-028,2026-05-14,0,False
SKU-028,2026-05-15,0,False
SKU-028,2026-05-16,1,False
SKU-028,2026-05-17,0,False
SKU-028,2026-05-18,0,False
SKU-028,2026-05-19,0,False
SKU-028,2026-05-20,0,False
SKU-028,2026-05-21,0,False
SKU-028,2026-05-22,0,False
SKU-028,2026-05-23,2,False
SKU-028,2026-05-24,1,False
SKU-028,2026-05-25,0,False
SKU-028,2026-05-26,0,False
SKU-028,2026-05-27,0,False
SKU-028,2026-05-28,1,False
SKU-028,2026-05-29,0,False
SKU-028,2026-05-30,0,False
SKU-028,2026-05-31,0,False
SKU-028,2026-06-01,0,False
SKU-028,2026-06-02,1,False
SKU-028,2026-06-03,1,False
SKU-028,2026-06-04,0,False
SKU-028,2026-06-05,1,False
SKU-028,2026-06-06,0,False
SKU-028,2026-06-07,2,False
SKU-028,2026-06-08,1,False
SKU-028,2026-06-09,1,False
SKU-028,2026-06-10,0,False
SKU-029,2025-06-11,1,False
SKU-029,2025-06-12,2,False
SKU-029,2025-06-13,2,False
SKU-029,2025-06-14,0,False
SKU-029,2025-06-15,1,False
SKU-029,2025-06-16,0,False
SKU-029,2025-06-17,,True
SKU-029,2025-06-18,0,False
SKU-029,2025-06-19,0,False
SKU-029,2025-06-20,0,False
SKU-029,2025-06-21,4,False
SKU-029,2025-06-22,2,False
SKU-029,2025-06-23,2,False
SKU-029,2025-06-24,1,False
SKU-029,2025-06-25,0,False
SKU-029,2025-06-26,0,False
SKU-029,2025-06-27,0,False
SKU-029,2025-06-28,1,False
SKU-029,2025-06-29,2,False
SKU-029,2025-06-30,2,False
SKU-029,2025-07-01,3,False
SKU-029,2025-07-02,0,False
SKU-029,2025-07-03,0,False
SKU-029,2025-07-04,1,False
SKU-029,2025-07-05,2,False
SKU-029,2025-07-06,3,False
SKU-029,2025-07-07,3,False
SKU-029,2025-07-08,0,False
SKU-029,2025-07-09,0,False
SKU-029,2025-07-10,1,False
SKU-029,2025-07-11,,True
SKU-029,2025-07-12,0,False
SKU-029,2025-07-13,3,False
SKU-029,2025-07-14,1,False
SKU-029,2025-07-15,1,False
SKU-029,2025-07-16,1,False
SKU-029,2025-07-17,3,False
SKU-029,2025-07-18,0,False
SKU-029,2025-07-19,1,False
SKU-029,2025-07-20,0,False
SKU-029,2025-07-21,2,False
SKU-029,2025-07-22,0,False
SKU-029,2025-07-23,0,False
SKU-029,2025-07-24,1,False
SKU-029,2025-07-25,0,False
SKU-029,2025-07-26,,True
SKU-029,2025-07-27,1,False
SKU-029,2025-07-28,2,False
SKU-029,2025-07-29,3,False
SKU-029,2025-07-30,0,False
SKU-029,2025-07-31,3,False
SKU-029,2025-08-01,3,False
SKU-029,2025-08-02,0,False
SKU-029,2025-08-03,3,False
SKU-029,2025-08-04,0,False
SKU-029,2025-08-05,2,False
SKU-029,2025-08-06,0,False
SKU-029,2025-08-07,0,False
SKU-029,2025-08-08,1,False
SKU-029,2025-08-09,2,False
SKU-029,2025-08-10,,True
SKU-029,2025-08-11,2,False
SKU-029,2025-08-12,0,False
SKU-029,2025-08-13,3,False
SKU-029,2025-08-14,3,False
SKU-029,2025-08-15,3,False
SKU-029,2025-08-16,3,False
SKU-029,2025-08-17,2,False
SKU-029,2025-08-18,1,False
SKU-029,2025-08-19,0,False
SKU-029,2025-08-20,0,False
SKU-029,2025-08-21,0,False
SKU-029,2025-08-22,0,False
SKU-029,2025-08-23,1,False
SKU-029,2025-08-24,0,False
SKU-029,2025-08-25,1,False
SKU-029,2025-08-26,0,False
SKU-029,2025-08-27,0,False
SKU-029,2025-08-28,2,False
SKU-029,2025-08-29,0,False
SKU-029,2025-08-30,2,False
SKU-029,2025-08-31,2,False
SKU-029,2025-09-01,0,False
SKU-029,2025-09-02,1,False
SKU-029,2025-09-03,1,False
SKU-029,2025-09-04,0,False
SKU-029,2025-09-05,0,False
SKU-029,2025-09-06,1,False
SKU-029,2025-09-07,3,False
SKU-029,2025-09-08,0,False
SKU-029,2025-09-09,0,False
SKU-029,2025-09-10,2,False
SKU-029,2025-09-11,2,False
SKU-029,2025-09-12,3,False
SKU-029,2025-09-13,2,False
SKU-029,2025-09-14,0,False
SKU-029,2025-09-15,3,False
SKU-029,2025-09-16,2,False
SKU-029,2025-09-17,0,False
SKU-029,2025-09-18,2,False
SKU-029,2025-09-19,0,False
SKU-029,2025-09-20,0,False
SKU-029,2025-09-21,0,False
SKU-029,2025-09-22,1,False
SKU-029,2025-09-23,2,False
SKU-029,2025-09-24,2,False
SKU-029,2025-09-25,1,False
SKU-029,2025-09-26,0,False
SKU-029,2025-09-27,0,False
SKU-029,2025-09-28,0,False
SKU-029,2025-09-29,0,False
SKU-029,2025-09-30,4,False
SKU-029,2025-10-01,0,False
SKU-029,2025-10-02,0,False
SKU-029,2025-10-03,0,False
SKU-029,2025-10-04,1,False
SKU-029,2025-10-05,1,False
SKU-029,2025-10-06,2,False
SKU-029,2025-10-07,0,False
SKU-029,2025-10-08,0,False
SKU-029,2025-10-09,0,False
SKU-029,2025-10-10,0,False
SKU-029,2025-10-11,0,False
SKU-029,2025-10-12,0,False
SKU-029,2025-10-13,0,False
SKU-029,2025-10-14,2,False
SKU-029,2025-10-15,0,False
SKU-029,2025-10-16,0,False
SKU-029,2025-10-17,0,False
SKU-029,2025-10-18,2,False
SKU-029,2025-10-19,1,False
SKU-029,2025-10-20,0,False
SKU-029,2025-10-21,2,False
SKU-029,2025-10-22,2,False
SKU-029,2025-10-23,1,False
SKU-029,2025-10-24,3,False
SKU-029,2025-10-25,2,False
SKU-029,2025-10-26,2,False
SKU-029,2025-10-27,1,False
SKU-029,2025-10-28,2,False
SKU-029,2025-10-29,0,False
SKU-029,2025-10-30,3,False
SKU-029,2025-10-31,1,False
SKU-029,2025-11-01,0,False
SKU-029,2025-11-02,2,False
SKU-029,2025-11-03,3,False
SKU-029,2025-11-04,4,False
SKU-029,2025-11-05,3,False
SKU-029,2025-11-06,1,False
SKU-029,2025-11-07,2,False
SKU-029,2025-11-08,1,False
SKU-029,2025-11-09,0,False
SKU-029,2025-11-10,1,False
SKU-029,2025-11-11,0,False
SKU-029,2025-11-12,0,False
SKU-029,2025-11-13,4,False
SKU-029,2025-11-14,2,False
SKU-029,2025-11-15,0,False
SKU-029,2025-11-16,,True
SKU-029,2025-11-17,0,False
SKU-029,2025-11-18,3,False
SKU-029,2025-11-19,2,False
SKU-029,2025-11-20,0,False
SKU-029,2025-11-21,1,False
SKU-029,2025-11-22,0,False
SKU-029,2025-11-23,2,False
SKU-029,2025-11-24,1,False
SKU-029,2025-11-25,1,False
SKU-029,2025-11-26,1,False
SKU-029,2025-11-27,0,False
SKU-029,2025-11-28,0,False
SKU-029,2025-11-29,2,False
SKU-029,2025-11-30,1,False
SKU-029,2025-12-01,0,False
SKU-029,2025-12-02,0,False
SKU-029,2025-12-03,1,False
SKU-029,2025-12-04,3,False
SKU-029,2025-12-05,1,False
SKU-029,2025-12-06,1,False
SKU-029,2025-12-07,1,False
SKU-029,2025-12-08,2,False
SKU-029,2025-12-09,0,False
SKU-029,2025-12-10,,True
SKU-029,2025-12-11,2,False
SKU-029,2025-12-12,0,False
SKU-029,2025-12-13,0,False
SKU-029,2025-12-14,1,False
SKU-029,2025-12-15,1,False
SKU-029,2025-12-16,2,False
SKU-029,2025-12-17,0,False
SKU-029,2025-12-18,1,False
SKU-029,2025-12-19,2,False
SKU-029,2025-12-20,0,False
SKU-029,2025-12-21,1,False
SKU-029,2025-12-22,1,False
SKU-029,2025-12-23,0,False
SKU-029,2025-12-24,0,False
SKU-029,2025-12-25,0,False
SKU-029,2025-12-26,2,False
SKU-029,2025-12-27,1,False
SKU-029,2025-12-28,0,False
SKU-029,2025-12-29,3,False
SKU-029,2025-12-30,0,False
SKU-029,2025-12-31,0,False
SKU-029,2026-01-01,2,False
SKU-029,2026-01-02,0,False
SKU-029,2026-01-03,1,False
SKU-029,2026-01-04,0,False
SKU-029,2026-01-05,0,False
SKU-029,2026-01-06,3,False
SKU-029,2026-01-07,0,False
SKU-029,2026-01-08,1,False
SKU-029,2026-01-09,2,False
SKU-029,2026-01-10,3,False
SKU-029,2026-01-11,1,False
SKU-029,2026-01-12,4,False
SKU-029,2026-01-13,3,False
SKU-029,2026-01-14,1,False
SKU-029,2026-01-15,1,False
SKU-029,2026-01-16,0,False
SKU-029,2026-01-17,2,False
SKU-029,2026-01-18,1,False
SKU-029,2026-01-19,2,False
SKU-029,2026-01-20,0,False
SKU-029,2026-01-21,0,False
SKU-029,2026-01-22,1,False
SKU-029,2026-01-23,3,False
SKU-029,2026-01-24,1,False
SKU-029,2026-01-25,0,False
SKU-029,2026-01-26,0,False
SKU-029,2026-01-27,2,False
SKU-029,2026-01-28,0,False
SKU-029,2026-01-29,0,False
SKU-029,2026-01-30,2,False
SKU-029,2026-01-31,0,False
SKU-029,2026-02-01,1,False
SKU-029,2026-02-02,0,False
SKU-029,2026-02-03,1,False
SKU-029,2026-02-04,1,False
SKU-029,2026-02-05,2,False
SKU-029,2026-02-06,0,False
SKU-029,2026-02-07,1,False
SKU-029,2026-02-08,1,False
SKU-029,2026-02-09,1,False
SKU-029,2026-02-10,2,False
SKU-029,2026-02-11,1,False
SKU-029,2026-02-12,1,False
SKU-029,2026-02-13,1,False
SKU-029,2026-02-14,,True
SKU-029,2026-02-15,3,False
SKU-029,2026-02-16,0,False
SKU-029,2026-02-17,3,False
SKU-029,2026-02-18,0,False
SKU-029,2026-02-19,2,False
SKU-029,2026-02-20,1,False
SKU-029,2026-02-21,0,False
SKU-029,2026-02-22,1,False
SKU-029,2026-02-23,2,False
SKU-029,2026-02-24,1,False
SKU-029,2026-02-25,2,False
SKU-029,2026-02-26,2,False
SKU-029,2026-02-27,1,False
SKU-029,2026-02-28,3,False
SKU-029,2026-03-01,3,False
SKU-029,2026-03-02,0,False
SKU-029,2026-03-03,2,False
SKU-029,2026-03-04,1,False
SKU-029,2026-03-05,0,False
SKU-029,2026-03-06,0,False
SKU-029,2026-03-07,0,False
SKU-029,2026-03-08,0,False
SKU-029,2026-03-09,0,False
SKU-029,2026-03-10,1,False
SKU-029,2026-03-11,2,False
SKU-029,2026-03-12,0,False
SKU-029,2026-03-13,0,False
SKU-029,2026-03-14,0,False
SKU-029,2026-03-15,1,False
SKU-029,2026-03-16,2,False
SKU-029,2026-03-17,1,False
SKU-029,2026-03-18,0,False
SKU-029,2026-03-19,1,False
SKU-029,2026-03-20,3,False
SKU-029,2026-03-21,1,False
SKU-029,2026-03-22,1,False
SKU-029,2026-03-23,0,False
SKU-029,2026-03-24,2,False
SKU-029,2026-03-25,1,False
SKU-029,2026-03-26,3,False
SKU-029,2026-03-27,2,False
SKU-029,2026-03-28,1,False
SKU-029,2026-03-29,1,False
SKU-029,2026-03-30,0,False
SKU-029,2026-03-31,0,False
SKU-029,2026-04-01,0,False
SKU-029,2026-04-02,0,False
SKU-029,2026-04-03,1,False
SKU-029,2026-04-04,1,False
SKU-029,2026-04-05,1,False
SKU-029,2026-04-06,0,False
SKU-029,2026-04-07,0,False
SKU-029,2026-04-08,0,False
SKU-029,2026-04-09,0,False
SKU-029,2026-04-10,2,False
SKU-029,2026-04-11,3,False
SKU-029,2026-04-12,1,False
SKU-029,2026-04-13,0,False
SKU-029,2026-04-14,0,False
SKU-029,2026-04-15,2,False
SKU-029,2026-04-16,0,False
SKU-029,2026-04-17,2,False
SKU-029,2026-04-18,1,False
SKU-029,2026-04-19,0,False
SKU-029,2026-04-20,1,False
SKU-029,2026-04-21,0,False
SKU-029,2026-04-22,,True
SKU-029,2026-04-23,1,False
SKU-029,2026-04-24,3,False
SKU-029,2026-04-25,1,False
SKU-029,2026-04-26,4,False
SKU-029,2026-04-27,1,False
SKU-029,2026-04-28,0,False
SKU-029,2026-04-29,0,False
SKU-029,2026-04-30,0,False
SKU-029,2026-05-01,2,False
SKU-029,2026-05-02,,True
SKU-029,2026-05-03,0,False
SKU-029,2026-05-04,0,False
SKU-029,2026-05-05,3,False
SKU-029,2026-05-06,3,False
SKU-029,2026-05-07,1,False
SKU-029,2026-05-08,0,False
SKU-029,2026-05-09,1,False
SKU-029,2026-05-10,3,False
SKU-029,2026-05-11,2,False
SKU-029,2026-05-12,,True
SKU-029,2026-05-13,3,False
SKU-029,2026-05-14,0,False
SKU-029,2026-05-15,0,False
SKU-029,2026-05-16,0,False
SKU-029,2026-05-17,1,False
SKU-029,2026-05-18,0,False
SKU-029,2026-05-19,0,False
SKU-029,2026-05-20,0,False
SKU-029,2026-05-21,1,False
SKU-029,2026-05-22,1,False
SKU-029,2026-05-23,0,False
SKU-029,2026-05-24,0,False
SKU-029,2026-05-25,1,False
SKU-029,2026-05-26,0,False
SKU-029,2026-05-27,2,False
SKU-029,2026-05-28,1,False
SKU-029,2026-05-29,0,False
SKU-029,2026-05-30,2,False
SKU-029,2026-05-31,1,False
SKU-029,2026-06-01,1,False
SKU-029,2026-06-02,0,False
SKU-029,2026-06-03,0,False
SKU-029,2026-06-04,1,False
SKU-029,2026-06-05,0,False
SKU-029,2026-06-06,1,False
SKU-029,2026-06-07,,True
SKU-029,2026-06-08,0,False
SKU-029,2026-06-09,0,False
SKU-029,2026-06-10,2,False
SKU-030,2025-06-11,1,False
SKU-030,2025-06-12,1,False
SKU-030,2025-06-13,3,False
SKU-030,2025-06-14,0,False
SKU-030,2025-06-15,0,False
SKU-030,2025-06-16,,True
SKU-030,2025-06-17,0,False
SKU-030,2025-06-18,1,False
SKU-030,2025-06-19,0,False
SKU-030,2025-06-20,1,False
SKU-030,2025-06-21,4,False
SKU-030,2025-06-22,2,False
SKU-030,2025-06-23,2,False
SKU-030,2025-06-24,0,False
SKU-030,2025-06-25,2,False
SKU-030,2025-06-26,0,False
SKU-030,2025-06-27,1,False
SKU-030,2025-06-28,2,False
SKU-030,2025-06-29,,True
SKU-030,2025-06-30,3,False
SKU-030,2025-07-01,1,False
SKU-030,2025-07-02,2,False
SKU-030,2025-07-03,0,False
SKU-030,2025-07-04,1,False
SKU-030,2025-07-05,0,False
SKU-030,2025-07-06,0,False
SKU-030,2025-07-07,1,False
SKU-030,2025-07-08,0,False
SKU-030,2025-07-09,0,False
SKU-030,2025-07-10,1,False
SKU-030,2025-07-11,6,False
SKU-030,2025-07-12,0,False
SKU-030,2025-07-13,4,False
SKU-030,2025-07-14,0,False
SKU-030,2025-07-15,1,False
SKU-030,2025-07-16,7,False
SKU-030,2025-07-17,1,False
SKU-030,2025-07-18,0,False
SKU-030,2025-07-19,3,False
SKU-030,2025-07-20,0,False
SKU-030,2025-07-21,3,False
SKU-030,2025-07-22,0,False
SKU-030,2025-07-23,1,False
SKU-030,2025-07-24,2,False
SKU-030,2025-07-25,1,False
SKU-030,2025-07-26,0,False
SKU-030,2025-07-27,0,False
SKU-030,2025-07-28,1,False
SKU-030,2025-07-29,1,False
SKU-030,2025-07-30,0,False
SKU-030,2025-07-31,3,False
SKU-030,2025-08-01,3,False
SKU-030,2025-08-02,0,False
SKU-030,2025-08-03,4,False
SKU-030,2025-08-04,1,False
SKU-030,2025-08-05,0,False
SKU-030,2025-08-06,0,False
SKU-030,2025-08-07,2,False
SKU-030,2025-08-08,0,False
SKU-030,2025-08-09,0,False
SKU-030,2025-08-10,1,False
SKU-030,2025-08-11,3,False
SKU-030,2025-08-12,0,False
SKU-030,2025-08-13,1,False
SKU-030,2025-08-14,1,False
SKU-030,2025-08-15,4,False
SKU-030,2025-08-16,0,False
SKU-030,2025-08-17,0,False
SKU-030,2025-08-18,1,False
SKU-030,2025-08-19,4,False
SKU-030,2025-08-20,1,False
SKU-030,2025-08-21,1,False
SKU-030,2025-08-22,2,False
SKU-030,2025-08-23,3,False
SKU-030,2025-08-24,1,False
SKU-030,2025-08-25,5,False
SKU-030,2025-08-26,3,False
SKU-030,2025-08-27,4,False
SKU-030,2025-08-28,0,False
SKU-030,2025-08-29,2,False
SKU-030,2025-08-30,3,False
SKU-030,2025-08-31,0,False
SKU-030,2025-09-01,2,False
SKU-030,2025-09-02,3,False
SKU-030,2025-09-03,4,False
SKU-030,2025-09-04,3,False
SKU-030,2025-09-05,0,False
SKU-030,2025-09-06,3,False
SKU-030,2025-09-07,1,False
SKU-030,2025-09-08,4,False
SKU-030,2025-09-09,1,False
SKU-030,2025-09-10,1,False
SKU-030,2025-09-11,3,False
SKU-030,2025-09-12,0,False
SKU-030,2025-09-13,3,False
SKU-030,2025-09-14,1,False
SKU-030,2025-09-15,6,False
SKU-030,2025-09-16,0,False
SKU-030,2025-09-17,0,False
SKU-030,2025-09-18,2,False
SKU-030,2025-09-19,1,False
SKU-030,2025-09-20,0,False
SKU-030,2025-09-21,1,False
SKU-030,2025-09-22,2,False
SKU-030,2025-09-23,6,False
SKU-030,2025-09-24,4,False
SKU-030,2025-09-25,3,False
SKU-030,2025-09-26,4,False
SKU-030,2025-09-27,4,False
SKU-030,2025-09-28,,True
SKU-030,2025-09-29,0,False
SKU-030,2025-09-30,4,False
SKU-030,2025-10-01,1,False
SKU-030,2025-10-02,2,False
SKU-030,2025-10-03,2,False
SKU-030,2025-10-04,,True
SKU-030,2025-10-05,3,False
SKU-030,2025-10-06,0,False
SKU-030,2025-10-07,2,False
SKU-030,2025-10-08,1,False
SKU-030,2025-10-09,3,False
SKU-030,2025-10-10,0,False
SKU-030,2025-10-11,0,False
SKU-030,2025-10-12,0,False
SKU-030,2025-10-13,0,False
SKU-030,2025-10-14,2,False
SKU-030,2025-10-15,4,False
SKU-030,2025-10-16,1,False
SKU-030,2025-10-17,3,False
SKU-030,2025-10-18,1,False
SKU-030,2025-10-19,,True
SKU-030,2025-10-20,1,False
SKU-030,2025-10-21,4,False
SKU-030,2025-10-22,1,False
SKU-030,2025-10-23,2,False
SKU-030,2025-10-24,5,False
SKU-030,2025-10-25,0,False
SKU-030,2025-10-26,0,False
SKU-030,2025-10-27,5,False
SKU-030,2025-10-28,0,False
SKU-030,2025-10-29,0,False
SKU-030,2025-10-30,2,False
SKU-030,2025-10-31,1,False
SKU-030,2025-11-01,3,False
SKU-030,2025-11-02,4,False
SKU-030,2025-11-03,0,False
SKU-030,2025-11-04,5,False
SKU-030,2025-11-05,,True
SKU-030,2025-11-06,1,False
SKU-030,2025-11-07,1,False
SKU-030,2025-11-08,0,False
SKU-030,2025-11-09,2,False
SKU-030,2025-11-10,0,False
SKU-030,2025-11-11,1,False
SKU-030,2025-11-12,0,False
SKU-030,2025-11-13,4,False
SKU-030,2025-11-14,2,False
SKU-030,2025-11-15,3,False
SKU-030,2025-11-16,,True
SKU-030,2025-11-17,0,False
SKU-030,2025-11-18,6,False
SKU-030,2025-11-19,5,False
SKU-030,2025-11-20,2,False
SKU-030,2025-11-21,0,False
SKU-030,2025-11-22,1,False
SKU-030,2025-11-23,2,False
SKU-030,2025-11-24,3,False
SKU-030,2025-11-25,1,False
SKU-030,2025-11-26,1,False
SKU-030,2025-11-27,0,False
SKU-030,2025-11-28,1,False
SKU-030,2025-11-29,1,False
SKU-030,2025-11-30,1,False
SKU-030,2025-12-01,3,False
SKU-030,2025-12-02,3,False
SKU-030,2025-12-03,3,False
SKU-030,2025-12-04,1,False
SKU-030,2025-12-05,2,False
SKU-030,2025-12-06,3,False
SKU-030,2025-12-07,2,False
SKU-030,2025-12-08,2,False
SKU-030,2025-12-09,0,False
SKU-030,2025-12-10,5,False
SKU-030,2025-12-11,5,False
SKU-030,2025-12-12,3,False
SKU-030,2025-12-13,1,False
SKU-030,2025-12-14,0,False
SKU-030,2025-12-15,1,False
SKU-030,2025-12-16,1,False
SKU-030,2025-12-17,1,False
SKU-030,2025-12-18,1,False
SKU-030,2025-12-19,0,False
SKU-030,2025-12-20,0,False
SKU-030,2025-12-21,3,False
SKU-030,2025-12-22,5,False
SKU-030,2025-12-23,3,False
SKU-030,2025-12-24,3,False
SKU-030,2025-12-25,3,False
SKU-030,2025-12-26,2,False
SKU-030,2025-12-27,4,False
SKU-030,2025-12-28,3,False
SKU-030,2025-12-29,0,False
SKU-030,2025-12-30,2,False
SKU-030,2025-12-31,0,False
SKU-030,2026-01-01,,True
SKU-030,2026-01-02,0,False
SKU-030,2026-01-03,2,False
SKU-030,2026-01-04,1,False
SKU-030,2026-01-05,0,False
SKU-030,2026-01-06,4,False
SKU-030,2026-01-07,0,False
SKU-030,2026-01-08,5,False
SKU-030,2026-01-09,3,False
SKU-030,2026-01-10,3,False
SKU-030,2026-01-11,0,False
SKU-030,2026-01-12,0,False
SKU-030,2026-01-13,3,False
SKU-030,2026-01-14,3,False
SKU-030,2026-01-15,3,False
SKU-030,2026-01-16,0,False
SKU-030,2026-01-17,0,False
SKU-030,2026-01-18,3,False
SKU-030,2026-01-19,3,False
SKU-030,2026-01-20,3,False
SKU-030,2026-01-21,3,False
SKU-030,2026-01-22,2,False
SKU-030,2026-01-23,3,False
SKU-030,2026-01-24,2,False
SKU-030,2026-01-25,0,False
SKU-030,2026-01-26,1,False
SKU-030,2026-01-27,2,False
SKU-030,2026-01-28,2,False
SKU-030,2026-01-29,1,False
SKU-030,2026-01-30,4,False
SKU-030,2026-01-31,2,False
SKU-030,2026-02-01,0,False
SKU-030,2026-02-02,0,False
SKU-030,2026-02-03,1,False
SKU-030,2026-02-04,0,False
SKU-030,2026-02-05,0,False
SKU-030,2026-02-06,0,False
SKU-030,2026-02-07,0,False
SKU-030,2026-02-08,2,False
SKU-030,2026-02-09,2,False
SKU-030,2026-02-10,2,False
SKU-030,2026-02-11,1,False
SKU-030,2026-02-12,2,False
SKU-030,2026-02-13,5,False
SKU-030,2026-02-14,5,False
SKU-030,2026-02-15,0,False
SKU-030,2026-02-16,2,False
SKU-030,2026-02-17,4,False
SKU-030,2026-02-18,1,False
SKU-030,2026-02-19,1,False
SKU-030,2026-02-20,0,False
SKU-030,2026-02-21,0,False
SKU-030,2026-02-22,,True
SKU-030,2026-02-23,0,False
SKU-030,2026-02-24,0,False
SKU-030,2026-02-25,1,False
SKU-030,2026-02-26,3,False
SKU-030,2026-02-27,2,False
SKU-030,2026-02-28,0,False
SKU-030,2026-03-01,0,False
SKU-030,2026-03-02,0,False
SKU-030,2026-03-03,0,False
SKU-030,2026-03-04,,True
SKU-030,2026-03-05,4,False
SKU-030,2026-03-06,1,False
SKU-030,2026-03-07,1,False
SKU-030,2026-03-08,4,False
SKU-030,2026-03-09,2,False
SKU-030,2026-03-10,1,False
SKU-030,2026-03-11,3,False
SKU-030,2026-03-12,2,False
SKU-030,2026-03-13,1,False
SKU-030,2026-03-14,1,False
SKU-030,2026-03-15,4,False
SKU-030,2026-03-16,2,False
SKU-030,2026-03-17,4,False
SKU-030,2026-03-18,3,False
SKU-030,2026-03-19,0,False
SKU-030,2026-03-20,3,False
SKU-030,2026-03-21,1,False
SKU-030,2026-03-22,2,False
SKU-030,2026-03-23,0,False
SKU-030,2026-03-24,2,False
SKU-030,2026-03-25,1,False
SKU-030,2026-03-26,0,False
SKU-030,2026-03-27,0,False
SKU-030,2026-03-28,0,False
SKU-030,2026-03-29,1,False
SKU-030,2026-03-30,0,False
SKU-030,2026-03-31,0,False
SKU-030,2026-04-01,0,False
SKU-030,2026-04-02,6,False
SKU-030,2026-04-03,0,False
SKU-030,2026-04-04,2,False
SKU-030,2026-04-05,3,False
SKU-030,2026-04-06,2,False
SKU-030,2026-04-07,3,False
SKU-030,2026-04-08,0,False
SKU-030,2026-04-09,,True
SKU-030,2026-04-10,1,False
SKU-030,2026-04-11,1,False
SKU-030,2026-04-12,1,False
SKU-030,2026-04-13,0,False
SKU-030,2026-04-14,,True
SKU-030,2026-04-15,1,False
SKU-030,2026-04-16,0,False
SKU-030,2026-04-17,1,False
SKU-030,2026-04-18,2,False
SKU-030,2026-04-19,3,False
SKU-030,2026-04-20,0,False
SKU-030,2026-04-21,0,False
SKU-030,2026-04-22,0,False
SKU-030,2026-04-23,0,False
SKU-030,2026-04-24,5,False
SKU-030,2026-04-25,0,False
SKU-030,2026-04-26,3,False
SKU-030,2026-04-27,0,False
SKU-030,2026-04-28,0,False
SKU-030,2026-04-29,0,False
SKU-030,2026-04-30,0,False
SKU-030,2026-05-01,2,False
SKU-030,2026-05-02,1,False
SKU-030,2026-05-03,0,False
SKU-030,2026-05-04,2,False
SKU-030,2026-05-05,3,False
SKU-030,2026-05-06,2,False
SKU-030,2026-05-07,1,False
SKU-030,2026-05-08,2,False
SKU-030,2026-05-09,0,False
SKU-030,2026-05-10,1,False
SKU-030,2026-05-11,4,False
SKU-030,2026-05-12,2,False
SKU-030,2026-05-13,1,False
SKU-030,2026-05-14,1,False
SKU-030,2026-05-15,2,False
SKU-030,2026-05-16,3,False
SKU-030,2026-05-17,3,False
SKU-030,2026-05-18,0,False
SKU-030,2026-05-19,3,False
SKU-030,2026-05-20,,True
SKU-030,2026-05-21,1,False
SKU-030,2026-05-22,3,False
SKU-030,2026-05-23,0,False
SKU-030,2026-05-24,2,False
SKU-030,2026-05-25,0,False
SKU-030,2026-05-26,4,False
SKU-030,2026-05-27,0,False
SKU-030,2026-05-28,3,False
SKU-030,2026-05-29,1,False
SKU-030,2026-05-30,4,False
SKU-030,2026-05-31,2,False
SKU-030,2026-06-01,,True
SKU-030,2026-06-02,2,False
SKU-030,2026-06-03,3,False
SKU-030,2026-06-04,2,False
SKU-030,2026-06-05,3,False
SKU-030,2026-06-06,4,False
SKU-030,2026-06-07,5,False
SKU-030,2026-06-08,3,False
SKU-030,2026-06-09,1,False
SKU-030,2026-06-10,2,False
